resource_id,domain,topic,subtopic,level,title,channel,url,duration_minutes,,language,quality_score,status
yt_html_001,Full Stack Development,HTML,,Beginner,HTML Full Course (in Hindi),CodeWithHarry,https://www.youtube.com/watch?v=k2DSi1zGEc8,160,,English,,
yt_html_002,Full Stack Development,HTML,,Beginner,HTML Tutorial For Beginners In Hindi (With Notes) 🔥,CodeWithHarry,https://www.youtube.com/watch?v=BsDoLVMnmZs,191,,English,,
yt_html_003,Full Stack Development,HTML,,Beginner,HTML CSS Tutorial for Beginners - Web Development Tutorials For Beginners,LearnCode.academy,https://www.youtube.com/watch?v=J35jug1uHzE,7,,English,,
yt_html_004,Full Stack Development,HTML,,Beginner,html tutorial for beginners | CSS | html full course | css full course | web development full course,CodingWithSamim,https://www.youtube.com/watch?v=ducPBTDWrog,0,,English,,
yt_html_005,Full Stack Development,HTML,,Beginner,HTML in 5 minutes,Aaron Jack,https://www.youtube.com/watch?v=salY_Sm6mv4,5,,English,,
yt_html_006,Full Stack Development,HTML,,Beginner,Css Animation Effect Tutorial | For Beginners | HTML | CSS,Coding with Talha.,https://www.youtube.com/watch?v=UYZW5Upwrt0,0,,English,,
yt_html_007,Full Stack Development,HTML,,Beginner,HTML Full Course in Telugu | From a ZERO to HERO | Code With Swaroop,Swaroop Talks,https://www.youtube.com/watch?v=lGKGDxwvrEQ,77,,English,,
yt_html_008,Full Stack Development,HTML,,Beginner,HTML Tutorial for Beginners,LearnCode.academy,https://www.youtube.com/watch?v=RjHflb-QgVc,12,,English,,
yt_html_009,Full Stack Development,HTML,,Beginner,Learn HTML in 1 hour 🌎,Bro Code,https://www.youtube.com/watch?v=HD13eq_Pmp8,60,,English,,
yt_html_010,Full Stack Development,HTML,,Beginner,HTML Full Course 2026 | WEB DEVELOPMENT | #html ,Learn Coding,https://www.youtube.com/watch?v=JALD2mKIPlE,190,,English,,
yt_html_011,Full Stack Development,HTML,,Beginner,HTML Crash Course: Master the Essentials in One Video! Start Your Front-End Journey Today!,Sheryians Coding School,https://www.youtube.com/watch?v=4dprtEzunIk,25,,English,,
yt_html_012,Full Stack Development,HTML,,Beginner,HTML - Introduction - W3Schools.com,w3schools.com,https://www.youtube.com/watch?v=it1rTvBcfRg,3,,English,,
yt_html_013,Full Stack Development,HTML,,Beginner,HTML Tutorial For Beginners |HTML In 10 Minutes | HTML Basics For Beginners | Simplilearn,Simplilearn,https://www.youtube.com/watch?v=MDLn5-zSQQI,9,,English,,
yt_html_014,Full Stack Development,HTML,,Beginner,HTML Input Tags List Tutorial For Beginners (Web Development),CodeWithAnmol,https://www.youtube.com/watch?v=GO_sp-Wl00M,0,,English,,
yt_html_015,Full Stack Development,HTML,,Beginner,HTML in 9 Minutes (in Hindi) 🌐,CodeWithHarry,https://www.youtube.com/watch?v=Ut4RpySLM6Y,9,,English,,
yt_html_016,Full Stack Development,HTML,,Beginner,HTML Complete Tutorial for Beginners in Hindi🔥Free Notes + Codes,Thapa Technical,https://www.youtube.com/watch?v=5ccq_nLHneE,337,,English,,
yt_html_017,Full Stack Development,HTML,,Beginner,HTML Tutorial for Beginners | HTML Full Course in Hindi | How to create a Website using HTML and CSS,Tech Gun,https://www.youtube.com/watch?v=QXPWs00RD3A,263,,English,,
yt_html_018,Full Stack Development,HTML,,Beginner,basic HTML tags,Tushar Jamdhade,https://www.youtube.com/watch?v=mVJTAzbxK4Q,0,,English,,
yt_html_019,Full Stack Development,HTML,,Beginner,Learn HTML – Full Tutorial for Beginners,freeCodeCamp.org,https://www.youtube.com/watch?v=kUMe1FH4CHE,248,,English,,
yt_html_020,Full Stack Development,HTML,,Beginner,html tutorial for beginners to learn html for beginners html tutorial for beginners,The Syntax Squad01,https://www.youtube.com/watch?v=u5vWFfZ6Csc,0,,English,,
yt_html_021,Full Stack Development,HTML,,Beginner,HTML Tutorial for Beginners - Crash Course,Coding with Estefania,https://www.youtube.com/watch?v=TRjvcOfnSGE,69,,English,,
yt_html_022,Full Stack Development,HTML,,Beginner,HTML Tutorial For Beginners,The Coding Sloth,https://www.youtube.com/watch?v=vY2xUc4TVmY,17,,English,,
yt_html_023,Full Stack Development,HTML,,Beginner,HTML Tutorial for Beginners: HTML Crash Course,Programming with Mosh,https://www.youtube.com/watch?v=qz0aGYrrlhU,70,,English,,
yt_html_024,Full Stack Development,HTML,,Beginner,HTML Tutorial - Website Crash Course for Beginners,freeCodeCamp.org,https://www.youtube.com/watch?v=916GWv2Qs08,45,,English,,
yt_html_025,Full Stack Development,HTML,,Beginner,#HTMLTutorial: Learn How to Create an HTML File in Visual Studio Code | Beginner's Guide,Vision of Design,https://www.youtube.com/watch?v=DjHEyUtuP5g,0,,English,,
yt_html_026,Full Stack Development,HTML,,Beginner,HTML Tutorial for Beginners | Complete HTML with Notes & Code,Apna College,https://www.youtube.com/watch?v=HcOc7P5BMi4,126,,English,,
yt_html_027,Full Stack Development,HTML,,Beginner,🚀 🔥 HTML Complete Course (2024) for Beginners | Projects | Notes | Github | Certification,Complete Coding by Prashant Sir,https://www.youtube.com/watch?v=rklidcZ-aLU,255,,English,,
yt_html_028,Full Stack Development,HTML,,Beginner,Basics of HTML! html tag! #html #html5 #htmltag #htmltags #css #css3 #frontend #shorts #shortvideo,Hi Coders,https://www.youtube.com/watch?v=cBKx_X6yuvY,0,,English,,
yt_html_029,Full Stack Development,HTML,,Beginner,What is HTML? | HTML Course for beginners in [Hindi] | by Rahul Chaudhary,Programming GuruJi,https://www.youtube.com/watch?v=-kGMwaROIZk,10,,English,,
yt_html_030,Full Stack Development,HTML,,Beginner,Complete HTML Tutorial in 1 Video 2024,CodeHelp - by Babbar,https://www.youtube.com/watch?v=k7ELO356Npo,348,,English,,
yt_html_031,Full Stack Development,HTML,,Beginner,HTML Malayalam Tutorial for Beginners,Yes Tech Media,https://www.youtube.com/watch?v=tK9C83n7KWY,142,,English,,
yt_html_032,Full Stack Development,HTML,,Beginner,Learn HTML for Beginners - W3Schools.com,w3schools.com,https://www.youtube.com/watch?v=BzYMFd-lQL4,47,,English,,
yt_html_033,Full Stack Development,HTML,,Beginner,HTML Tutorial For Beginners 2026 | Learn HTML In 5 Hours | HTML Full Course | Simplilearn,Simplilearn,https://www.youtube.com/watch?v=OUjU--gVylE,301,,English,,
yt_html_034,Full Stack Development,HTML,,Beginner,Coding for Beginners | HTML & CSS Tutorial for Beginners in Hindi,CODE GENUS,https://www.youtube.com/watch?v=Ck9PPU8Dj1Q,0,,English,,
yt_html_035,Full Stack Development,HTML,,Beginner,How To Build A Landing Page With HTML And CSS | HTML & CSS Landing Page,Easyweb Coding,https://www.youtube.com/watch?v=T9gZScRvd_0,0,,English,,
yt_html_036,Full Stack Development,HTML,,Beginner,Learn HTML & CSS in 60 Minutes | Full Beginners Course Video With Practicals,Technology Gyan,https://www.youtube.com/watch?v=-G7bJVAIiEI,71,,English,,
yt_html_037,Full Stack Development,HTML,,Beginner,HTML & CSS Full Course for free 🌎,Bro Code,https://www.youtube.com/watch?v=HGTJBPNC-Gw,243,,English,,
yt_html_038,Full Stack Development,HTML,,Beginner,HTML Full Course Tutorial for Beginners - Learn EVERYTHING You Need to Know in Detail 🔍,Future Fullstack,https://www.youtube.com/watch?v=zutb5Clb_0Y,326,,English,,
yt_html_039,Full Stack Development,HTML,,Beginner,HTML/CSS For Beginners ,Marighoul,https://www.youtube.com/watch?v=9z8FP8ear2Y,10,,English,,
yt_html_040,Full Stack Development,HTML,,Beginner,HTML Tutorial For Beginners In Hindi | HTML In One Shot By Hitesh Sir,College Wallah,https://www.youtube.com/watch?v=YR7q48s2QoU,80,,English,,
yt_html_041,Full Stack Development,HTML,,Beginner,Learn HTML in 4 Hours 🔥 Full Tutorial with Real-Time Implementation (2025),Sundeep Saradhi Kanthety,https://www.youtube.com/watch?v=a8W952NBZUE,248,,English,,
yt_html_042,Full Stack Development,HTML,,Beginner,HTML Tutorial for Beginners Tamil - 00 - Introduction to HTML | Syntax | How to Run HTML Output,Tech Tamizhan,https://www.youtube.com/watch?v=8oONqsEKf6k,12,,English,,
yt_html_043,Full Stack Development,HTML,,Beginner,HTML & CSS for Absolute Beginners: What is HTML?,Kevin Powell,https://www.youtube.com/watch?v=X4sClFRMJ00,8,,English,,
yt_html_044,Full Stack Development,HTML,,Beginner,Add JavaScript to an HTML file - JavaScript Tutorial for Beginners 2022,Coding Nexus,https://www.youtube.com/watch?v=ZIITFSvhmkY,0,,English,,
yt_html_045,Full Stack Development,HTML,,Beginner,HTML Tutorial For Beginners (With Notes) 🔥,ProgrammingWithHarry,https://www.youtube.com/watch?v=qHB2jUvAlGo,120,,English,,
yt_html_046,Full Stack Development,HTML,,Beginner,HTML tutorial for beginners 🌎,Bro Code,https://www.youtube.com/watch?v=-CNdRywgF7M,10,,English,,
yt_html_047,Full Stack Development,HTML,,Beginner,HTML Tutorial for Beginners,Kevin Stratvert,https://www.youtube.com/watch?v=FQdaUv95mR8,39,,English,,
yt_html_048,Full Stack Development,HTML,,Beginner,HTML tutorial for beginners 🌎,Bro Code,https://www.youtube.com/watch?v=2oCN2q1x3c4,11,,English,,
yt_html_049,Full Stack Development,HTML,,Beginner,HTML & CSS Full Course - Beginner to Pro,SuperSimpleDev,https://www.youtube.com/watch?v=G3e-cpL7ofc,391,,English,,
yt_html_050,Full Stack Development,HTML,,Beginner,HTML Input Tags Expert with 5 Years Experience Shares Top Tips!,Dynamic Programmer,https://www.youtube.com/watch?v=i5loTQk6NFc,0,,English,,
yt_html_051,Full Stack Development,HTML,,Intermediate,Best example of html css javascript| code with harry| #html #css #javascript,Spartan Playzz,https://www.youtube.com/watch?v=VUmqnkDTHiM,0,,English,,
yt_html_052,Full Stack Development,HTML,,Intermediate,Learn HTML in 12 Minutes,Jake Wright,https://www.youtube.com/watch?v=bWPMSSsVdPk,12,,English,,
yt_html_053,Full Stack Development,HTML,,Intermediate,THE BEST WAY TO LEARN HTML AND CSS,Curious Harish,https://www.youtube.com/watch?v=JhW6kRvJSLs,0,,English,,
yt_html_054,Full Stack Development,HTML,,Intermediate,"HTML, CSS, JavaScript Explained [in 4 minutes for beginners]",Danielle Thé,https://www.youtube.com/watch?v=gT0Lh1eYk78,4,,English,,
yt_html_055,Full Stack Development,HTML,,Intermediate,"🚀 Create a Stunning 3D Cube with HTML, CSS & JavaScript! | Web Animation Tutorial",Code with Me ,https://www.youtube.com/watch?v=I-pr5Gc89mU,0,,English,,
yt_html_056,Full Stack Development,HTML,,Intermediate,"HTML Tutorials in Telugu || with in ""3:30 Hours"" ||  Computersadda.com",Computers adda,https://www.youtube.com/watch?v=cS0TG1iksLM,216,,English,,
yt_html_057,Full Stack Development,HTML,,Intermediate,HTML Full Course in 2 Hours | Web Development in Tamil | code io,code io - Tamil,https://www.youtube.com/watch?v=3jkub2c0kLA,119,,English,,
yt_html_058,Full Stack Development,HTML,,Intermediate,Html css js is not enough.#coding #programming #html #css #javascript,Neeraj Walia,https://www.youtube.com/watch?v=UOXrvCIvwuo,1,,English,,
yt_html_059,Full Stack Development,HTML,,Intermediate,The HTML Tags They NEVER Taught You,Giorgio Toffoli,https://www.youtube.com/watch?v=VkWJQe_EsjQ,8,,English,,
yt_html_060,Full Stack Development,HTML,,Intermediate,Html tutorial for beginners | Introduction | HTML | Lec-01 | Bhanu Priya,Education 4u,https://www.youtube.com/watch?v=x9bTBcron78,8,,English,,
yt_html_061,Full Stack Development,HTML,,Intermediate,Advanced HTML/CSS Concepts Crash Course,Mehul Mohan,https://www.youtube.com/watch?v=XhqEuyWjbdo,124,,English,,
yt_html_062,Full Stack Development,HTML,,Intermediate,Introduction to HTML | An HTML5 Tutorial for Beginners,Dave Gray,https://www.youtube.com/watch?v=P0EGYTb1cBs,20,,English,,
yt_html_063,Full Stack Development,HTML,,Intermediate,Learn HTML and CSS from Scratch for FREE 🔥 #htmlcss #coding,DesignWithRehana,https://www.youtube.com/watch?v=aI8zZGOBX0s,0,,English,,
yt_html_064,Full Stack Development,HTML,,Intermediate,HTML Tutorial for Beginners - 04 - Creating a table,EJ Media,https://www.youtube.com/watch?v=wvR40su_XBM,4,,English,,
yt_html_065,Full Stack Development,HTML,,Intermediate,"""HTML Basics to Advanced: Mastering Junior & Senior Level Skills!"" #webdevelopment #css #html",CodeByTushu,https://www.youtube.com/watch?v=gAXbB_4BavE,0,,English,,
yt_html_066,Full Stack Development,HTML,,Intermediate,HTML Course in 3 Hours in Telugu,PythonLife,https://www.youtube.com/watch?v=7jaQv6xfQjY,165,,English,,
yt_html_067,Full Stack Development,HTML,,Intermediate,"Pinky, html and css tutorial for beginners, html css full course #coding #python #html #css #js",Online Tutorial ,https://www.youtube.com/watch?v=1VaecaGlQEo,0,,English,,
yt_html_068,Full Stack Development,HTML,,Intermediate,100 HTML Projects Ideas🔥 #frontenddevelopment,DesignWithRehana,https://www.youtube.com/watch?v=x-ikwRJMIhc,0,,English,,
yt_html_069,Full Stack Development,HTML,,Intermediate,How to create your first website💻 #coding #website #webdev #code #shorts #html,Kev in Tech,https://www.youtube.com/watch?v=QltVBESa0iE,1,,English,,
yt_html_070,Full Stack Development,HTML,,Intermediate,HTML Full Course | Learn HTML in 5 Hours | Sagar Chouksey,Coding With Sagar,https://www.youtube.com/watch?v=zysUIv0-xak,337,,English,,
yt_html_071,Full Stack Development,HTML,,Intermediate,"html and css tutorial for beginners, html css full course #css #coding #html #code #minecraft",Online Tutorial ,https://www.youtube.com/watch?v=C5GUoD21TaU,0,,English,,
yt_html_072,Full Stack Development,HTML,,Intermediate,Charlie Chaplin with html and css| javascript full course| code with harry| #html #css #coding,Spartan Playzz,https://www.youtube.com/watch?v=QdI6RgZaLEs,1,,English,,
yt_html_073,Full Stack Development,HTML,,Intermediate,Mastering HTML Basics and Beyond | Your Ultimate Guide to Begin Web Development 💻 in Tamil | EMC,Error Makes Clever,https://www.youtube.com/watch?v=FYErehuSuuw,100,,English,,
yt_html_074,Full Stack Development,HTML,,Intermediate,HTML Tutorial For Beginners | Learn HTML In 30 Minutes | Designing A Web Page Using HTML | Edureka,edureka!,https://www.youtube.com/watch?v=88PXJAA6szs,30,,English,,
yt_html_075,Full Stack Development,HTML,,Intermediate,HTML full Course in One Shot | Complete HTML Tutorial for Beginners in Hindi | Computer Tech Academy,Computer Tech Academy,https://www.youtube.com/watch?v=uMA1xmrBYq0,184,,English,,
yt_html_076,Full Stack Development,HTML,,Advanced,"💻🔥Best Web Development full Course  | HTML, CSS, JS, React & Node js",College Buddy,https://www.youtube.com/watch?v=RwPhhU7RSSs,4,,English,,
yt_html_077,Full Stack Development,HTML,,Advanced,Become a Front-End Developer in 100 Days !,Shweta,https://www.youtube.com/watch?v=ZUXKG3JFszc,0,,English,,
yt_html_078,Full Stack Development,HTML,,Advanced,Transition and Transform property in css #css #html #transformation #transitions #programming,FAk-CODING,https://www.youtube.com/watch?v=VjevO_0quKM,0,,English,,
yt_html_079,Full Stack Development,HTML,,Advanced,🚀 HTML & CSS Full Course in 6 Hours 🔥 | Learn Web Development from Scratch in Telugu,College Coders,https://www.youtube.com/watch?v=TIRRNHfcjl8,381,,English,,
yt_html_080,Full Stack Development,HTML,,Advanced,HTML Full Course - Build a Website Tutorial,freeCodeCamp.org,https://www.youtube.com/watch?v=pQN-pnXPaVg,123,,English,,
yt_html_081,Full Stack Development,HTML,,Advanced,Top 6 HTML Features You’re Not Using (But Should Be),camelCase,https://www.youtube.com/watch?v=HgNDii20FG4,16,,English,,
yt_html_082,Full Stack Development,HTML,,Advanced,HTML Complete Guide: Beginner to Advanced | Learn HTML for Web Development,Saddam Tech,https://www.youtube.com/watch?v=ATpBuofe2Ro,416,,English,,
yt_html_083,Full Stack Development,HTML,,Advanced,Power of CSS 😍 #csstutorial #codinglover #coder #codingshortvideo #viral #trading,Code with Patel,https://www.youtube.com/watch?v=zuh7CoGFRfk,0,,English,,
yt_html_084,Full Stack Development,HTML,,Advanced,HTML Course | From Beginners to Advance Level | Lecture 1,Apna College,https://www.youtube.com/watch?v=Rek0NWPCNOc,38,,English,,
yt_html_085,Full Stack Development,HTML,,Advanced,HTML One Shot 🔥 Real Website Banana Seekho | Beginners to Advanced,CoDing SeeKho ,https://www.youtube.com/watch?v=Oo-xgbHaO-0,571,,English,,
yt_html_086,Full Stack Development,HTML,,Advanced,"10 CSS Pro Tips - Code this, NOT that!",Fireship,https://www.youtube.com/watch?v=Qhaz36TZG5Y,10,,English,,
yt_html_087,Full Stack Development,HTML,,Advanced,Boost Your HTML Skills: 10 Advanced Attributes Web Developers Miss!,Codee,https://www.youtube.com/watch?v=tg2WF4Iw3E8,3,,English,,
yt_html_088,Full Stack Development,HTML,,Advanced,"Neumorphism UI Design to HTML, CSS Using Tailwind CSS #html #css #tailwind #neumorphism",UI Code,https://www.youtube.com/watch?v=R7o9gn4QH68,0,,English,,
yt_html_089,Full Stack Development,HTML,,Advanced,Animation By using Html & Css #css #html #animation,Skill Tech,https://www.youtube.com/watch?v=8SokrfavsNw,0,,English,,
yt_html_090,Full Stack Development,HTML,,Advanced,Learning JavaScript for the First Time After HTML and CSS,Dev in Details,https://www.youtube.com/watch?v=mc0s-viF7q4,0,,English,,
yt_html_091,Full Stack Development,HTML,,Advanced,HTML Tutorial - Learn from Basics to Advanced | #3 | 15+ HTML Tags Explained with Examples,Sagar Coder,https://www.youtube.com/watch?v=5Iqx07izJO0,16,,English,,
yt_html_092,Full Stack Development,HTML,,Advanced,🔥 Animated Button with Hover Effects using HTML & CSS #webdevelopment #coding #hovereffect,CodeByGaurav,https://www.youtube.com/watch?v=qnvUyAi_By8,0,,English,,
yt_html_093,Full Stack Development,CSS,,Beginner,CSS Tutorial for Beginners | Guide to Understand the CSS Box Model and Layout | in Tamil,Error Makes Clever,https://www.youtube.com/watch?v=vfs1wBDoqBY,102,,English,,
yt_html_094,Full Stack Development,CSS,,Beginner,CSS Tutorial for Beginners - 01 - Introduction to CSS,EJ Media,https://www.youtube.com/watch?v=qKoajPPWpmo,7,,English,,
yt_html_095,Full Stack Development,CSS,,Beginner,Complete CSS Tutorial for Beginners in Hindi 🎓 Free Notes & Codes | Part 1,Thapa Technical,https://www.youtube.com/watch?v=MSICFljRcb4,660,,English,,
yt_html_096,Full Stack Development,CSS,,Beginner,The 6 most important CSS concepts for beginners,Kevin Powell,https://www.youtube.com/watch?v=JnTPd9G6hoY,29,,English,,
yt_html_097,Full Stack Development,CSS,,Beginner,CSS Full Course in Telugu | From a ZERO to HERO | Code With Swaroop,Swaroop Talks,https://www.youtube.com/watch?v=Oi9QvyK8zvk,81,,English,,
yt_html_098,Full Stack Development,CSS,,Beginner,CSS Tutorial for Beginners 2025,Beau Carnes,https://www.youtube.com/watch?v=QeslNHmTObk,45,,English,,
yt_html_099,Full Stack Development,CSS,,Beginner,Learn CSS in 5 Minutes (Seriously),DevForge,https://www.youtube.com/watch?v=tfzGsCxutWk,5,,English,,
yt_html_100,Full Stack Development,CSS,,Beginner,"Build a Coffee Shop Website i(HTML, CSS & JS Tutorial!)  #websitedesign #javascriptprojects #css",MzCode,https://www.youtube.com/watch?v=fZ_Kvy3bRbc,0,,English,,
yt_html_101,Full Stack Development,CSS,,Beginner,CSS Introduction and Tutorial for Beginners,Dave Gray,https://www.youtube.com/watch?v=0W6qz0-aDaM,15,,English,,
yt_html_102,Full Stack Development,CSS,,Beginner,CSS Tutorial for Beginners in [Hindi] | HTML & CSS | by Rahul Chaudhary,Programming GuruJi,https://www.youtube.com/watch?v=KRXsAGEYrwo,11,,English,,
yt_html_103,Full Stack Development,CSS,,Beginner,The Only CSS Layout Guide You'll Ever Need,EdRoh,https://www.youtube.com/watch?v=i1FeOOhNnwU,24,,English,,
yt_html_104,Full Stack Development,CSS,,Beginner,CSS Crash Course: Master the Essentials in One Video! Elevate Your Front-End Skills Now!,Sheryians Coding School,https://www.youtube.com/watch?v=K1naz9wBwKU,42,,English,,
yt_html_105,Full Stack Development,CSS,,Beginner,Learn CSS in 20 Minutes,Web Dev Simplified,https://www.youtube.com/watch?v=1PnVor36_40,24,,English,,
yt_html_106,Full Stack Development,CSS,,Beginner,🚀 🔥 CSS Complete Course (2024) for Beginners | Myntra Project | Notes | GitHub | Certification,Complete Coding by Prashant Sir,https://www.youtube.com/watch?v=OpWjt_wbV4E,468,,English,,
yt_html_107,Full Stack Development,CSS,,Beginner,CSS Full Course Tutorial for Beginners - Learn EVERYTHING You Need to Know in Detail 🔍,Future Fullstack,https://www.youtube.com/watch?v=-G-zic_LS0A,698,,English,,
yt_html_108,Full Stack Development,CSS,,Beginner,CSS Tutorial for Beginners,The Coding Sloth,https://www.youtube.com/watch?v=j6nOnIT-T1o,30,,English,,
yt_html_109,Full Stack Development,CSS,,Beginner,CSS Full COURSE for Beginners in 4 HOURS | Learn CSS in 2026 with Practical🔥,WsCube Tech,https://www.youtube.com/watch?v=B9FvD1L2hAQ,267,,English,,
yt_html_110,Full Stack Development,CSS,,Beginner,Learn HTML & CSS FAST | Step-by-Step Full Course for Beginners,DevForge,https://www.youtube.com/watch?v=E9DL3G8sA5g,9,,English,,
yt_html_111,Full Stack Development,CSS,,Beginner,How to link css to html in vscode | How to link css to html | html beginner tutorial,what is HTML?,https://www.youtube.com/watch?v=9wpOf3tEjAE,0,,English,,
yt_html_112,Full Stack Development,CSS,,Beginner,CSS Tutorial - Zero to Hero (Complete Course),freeCodeCamp.org,https://www.youtube.com/watch?v=1Rs2ND1ryYc,379,,English,,
yt_html_113,Full Stack Development,CSS,,Beginner,The Only CSS Course You Need to Master CSS | Learn By Building Apps,EdRoh,https://www.youtube.com/watch?v=0hrJGWrCux0,203,,English,,
yt_html_114,Full Stack Development,CSS,,Beginner,CSS Crash Course For Absolute Beginners,Traversy Media,https://www.youtube.com/watch?v=yfoY53QXEnI,85,,English,,
yt_html_115,Full Stack Development,CSS,,Beginner,CSS tutorial for beginners | CSS course | CSS for beginners in Telugu | CSS tutorial in Telugu,CS World Telugu,https://www.youtube.com/watch?v=1gKm9R_5lsE,19,,English,,
yt_html_116,Full Stack Development,CSS,,Beginner,Tailwind CSS v4 for Beginners | Full Course 2026,Coder Coder,https://www.youtube.com/watch?v=9I3JQ1q4IMk,136,,English,,
yt_html_117,Full Stack Development,CSS,,Beginner,Learn CSS Flexbox in 20 Minutes (Course),Coding2GO,https://www.youtube.com/watch?v=wsTv9y931o8,21,,English,,
yt_html_118,Full Stack Development,CSS,,Beginner,CSS Tutorial – Full Course for Beginners,freeCodeCamp.org,https://www.youtube.com/watch?v=OXGznpKZ_sA,668,,English,,
yt_html_119,Full Stack Development,CSS,,Beginner,A CSS learning guide for beginners,Chai aur Code,https://www.youtube.com/watch?v=aLzfFJb8rWo,16,,English,,
yt_html_120,Full Stack Development,CSS,,Beginner,CSS in 7 Minutes 🔥,CodeWithHarry,https://www.youtube.com/watch?v=AP3_V7KXHs4,8,,English,,
yt_html_121,Full Stack Development,CSS,,Beginner,CSS Malayalam Tutorial | Yes Tech Media |,Yes Tech Media,https://www.youtube.com/watch?v=RG0r4sP9qIg,172,,English,,
yt_html_122,Full Stack Development,CSS,,Beginner,CSS Tutorial In Hindi (With Notes) 🔥,CodeWithHarry,https://www.youtube.com/watch?v=Edsxf_NBFrw,501,,English,,
yt_html_123,Full Stack Development,CSS,,Beginner,Learn CSS in 1 hour 🎨,Bro Code,https://www.youtube.com/watch?v=wRNinF7YQqQ,60,,English,,
yt_html_124,Full Stack Development,CSS,,Beginner,"CSS Tutorial for Beginners | Complete CSS with Project, Notes & Code",Apna College,https://www.youtube.com/watch?v=ESnrn1kAD4E,438,,English,,
yt_html_125,Full Stack Development,CSS,,Beginner,CSS Tutorial For Beginners | CSS Full Course - Basic to Advance 🔥🔥,Amit Coding Classes,https://www.youtube.com/watch?v=VrgyKCBb3lw,703,,English,,
yt_html_126,Full Stack Development,CSS,,Beginner,Learn CSS Positions in 4 minutes,Coding2GO,https://www.youtube.com/watch?v=YEmdHbQBCSQ,5,,English,,
yt_html_127,Full Stack Development,CSS,,Beginner,CSS tutorial for beginners 🎨,Bro Code,https://www.youtube.com/watch?v=xv-bBxaa7WU,11,,English,,
yt_html_128,Full Stack Development,CSS,,Beginner,CSS Full Course 2026 - Beginner to Pro | WEB DEVELOPMENT | #css ,Learn Coding,https://www.youtube.com/watch?v=2rDXik56cxo,236,,English,,
yt_html_129,Full Stack Development,CSS,,Beginner,CSS 3 Tutorial For Beginners: Learn CSS In One Video In Hindi,CodeWithHarry,https://www.youtube.com/watch?v=u5-K_ua9sOw,99,,English,,
yt_html_130,Full Stack Development,CSS,,Beginner,CSS Basics full course in telugu in 25 minutes | Complete CSS course | Vamsi Bhavani,Vamsi Bhavani,https://www.youtube.com/watch?v=f7ypRyxw6Yw,23,,English,,
yt_html_131,Full Stack Development,CSS,,Beginner,CSS - Introduction - W3Schools.com,w3schools.com,https://www.youtube.com/watch?v=AGDDdsiZ0Ko,2,,English,,
yt_html_132,Full Stack Development,CSS,,Intermediate,css power 💪#coder #html #css #javascript #webdevelopment #beginners #trending #viralvideo #shorts,Coding with Moeen,https://www.youtube.com/watch?v=mYo9VMYtifM,0,,English,,
yt_html_133,Full Stack Development,CSS,,Intermediate,Learn CSS Border Radius - #css #coding #frontend,Codecrumbs,https://www.youtube.com/watch?v=xNQLFK6ahK0,0,,English,,
yt_html_134,Full Stack Development,CSS,,Intermediate,CSS Flexbox vs Grid - Are you using them right?,Coding2GO,https://www.youtube.com/watch?v=aEj6k-gi9-s,8,,English,,
yt_html_135,Full Stack Development,CSS,,Intermediate,CSS Grid Course - The Only Grid Tutorial You'll Ever Need!,Coding2GO,https://www.youtube.com/watch?v=JYfiaSKeYhE,21,,English,,
yt_html_136,Full Stack Development,CSS,,Intermediate,CSS Tutorial For Beginners: CSS Crash Course (2026),Iman Musa,https://www.youtube.com/watch?v=c26O1N3x6ug,121,,English,,
yt_html_137,Full Stack Development,CSS,,Intermediate,✨ Galaxy Animation with CSS | HTML + CSS  Javascript Project 🚀,NeuralNinjaaa,https://www.youtube.com/watch?v=gXbLHwP_oEc,0,,English,,
yt_html_138,Full Stack Development,CSS,,Intermediate,10 CSS PRO Tips and Tricks you NEED to know,Coding2GO,https://www.youtube.com/watch?v=44FTAS-qT8Q,9,,English,,
yt_html_139,Full Stack Development,CSS,,Intermediate,How to master css html css javascript #css #coding,Spartan Playzz,https://www.youtube.com/watch?v=RVHuMu1i2dQ,1,,English,,
yt_html_140,Full Stack Development,CSS,,Intermediate,Make Beautiful Flower 🌼 using HTML and CSS,Its Codingz,https://www.youtube.com/watch?v=ZoFWvikBnhY,0,,English,,
yt_html_141,Full Stack Development,CSS,,Intermediate,Learn CSS ::before and ::after in 4 Minutes,Coding2GO,https://www.youtube.com/watch?v=dIUOWdwwZBw,4,,English,,
yt_html_142,Full Stack Development,CSS,,Intermediate,CSS Tutorial for Beginners Tamil - 00 - INTRODUCTION & SYNTAX EXPLAINED,Tech Tamizhan,https://www.youtube.com/watch?v=lgKbG9pKmx8,3,,English,,
yt_html_143,Full Stack Development,CSS,,Intermediate,CSS Full Course | Learn CSS From Basic to Advanced | Sagar Chouksey,Coding With Sagar,https://www.youtube.com/watch?v=ksD9g8cT8lI,339,,English,,
yt_html_144,Full Stack Development,CSS,,Intermediate,CSS for Beginners in Tamil | 4 Hours Full Course | Beginner to Advanced | code io - Tamil,code io - Tamil,https://www.youtube.com/watch?v=l0BTo4VGVVs,224,,English,,
yt_html_145,Full Stack Development,CSS,,Advanced,CSS Full Course for Beginners to Advanced [4 Hours],WsCube Tech,https://www.youtube.com/watch?v=zg_mmC8THqM,230,,English,,
yt_html_146,Full Stack Development,CSS,,Advanced,Learn Flexbox CSS in 8 minutes,Slaying The Dragon,https://www.youtube.com/watch?v=phWxA89Dy94,8,,English,,
yt_html_147,Full Stack Development,CSS,,Advanced,5 CSS Tips & Tricks for better Responsive Web Design,Coding2GO,https://www.youtube.com/watch?v=2IV08sP9m3U,10,,English,,
yt_html_148,Full Stack Development,CSS,,Advanced,CSS Position - #css #frontend #webdevelopment,Codecrumbs,https://www.youtube.com/watch?v=4iI4DwZ2U6c,0,,English,,
yt_html_149,Full Stack Development,CSS,,Advanced,This Is Why CSS Interaction Animations Matter 👀 #css #frontend #csstricks #cssanimation #developer,Alaa Alaff,https://www.youtube.com/watch?v=IZmtyESp89A,1,,English,,
yt_html_150,Full Stack Development,CSS,,Advanced,These CSS PRO Tips & Tricks Will Blow Your Mind!,Coding2GO,https://www.youtube.com/watch?v=PL3Odw-k8W4,9,,English,,
yt_html_151,Full Stack Development,CSS,,Advanced,Master CSS Animation Property in 11 Minutes [Full Tutorial] 🚀,CSSnippets,https://www.youtube.com/watch?v=Bhj4miRkSOc,11,,English,,
yt_html_152,Full Stack Development,CSS,,Advanced,10 NEW CSS Features You Need To Know For 2026,Better Stack,https://www.youtube.com/watch?v=svqu6FDiMAs,9,,English,,
yt_html_153,Full Stack Development,CSS,,Advanced,CSS Selectors MasterClass | Sigma Web Development Course - Tutorial #17,CodeWithHarry,https://www.youtube.com/watch?v=1cEG1T8beO4,14,,English,,
yt_html_154,Full Stack Development,CSS,,Advanced,CSS Glowing Button - How to Design Glowing Button with Hover Effects [Pure CSS],Coding Play,https://www.youtube.com/watch?v=b_8fHNIHFk4,6,,English,,
yt_html_155,Full Stack Development,CSS,,Advanced,Tailwind CSS v4 Full Course 2026 | Master Tailwind in One Hour,JavaScript Mastery,https://www.youtube.com/watch?v=6biMWgD6_JY,54,,English,,
yt_html_156,Full Stack Development,CSS,,Advanced,The easiest improvement you can make to your CSS,Kevin Powell,https://www.youtube.com/watch?v=4B_4WLpbyp8,1,,English,,
yt_html_157,Full Stack Development,CSS,,Advanced,CSS Advanced Tutorial | Advanced CSS Tutorial | Learn CSS Advanced 2026 | CSS Tutorial | Simplilearn,Simplilearn,https://www.youtube.com/watch?v=G-YnvsCz_1g,18,,English,,
yt_html_158,Full Stack Development,CSS,,Advanced,Amazing CSS Hover Effects & Transitions (Easy Tutorial) 🚀 – Stunning Web Animations! #csshovereffect,MzCode,https://www.youtube.com/watch?v=UvP6uU02OX0,0,,English,,
yt_html_159,Full Stack Development,CSS,,Advanced,Advanced CSS Tutorial — Level Up Your CSS Skills,CareerFoundry,https://www.youtube.com/watch?v=8MCjAktqZaM,28,,English,,
yt_html_160,Full Stack Development,JavaScript,,Beginner,JavaScript Tutorial Full Course - Beginner to Pro,SuperSimpleDev,https://www.youtube.com/watch?v=EerdGm-ehJQ,1336,,English,,
yt_html_161,Full Stack Development,JavaScript,,Beginner,JavaScript Tutorial Full Course - Beginner to Pro,NPC Codes,https://www.youtube.com/watch?v=C3weqS-QDRY,470,,English,,
yt_html_162,Full Stack Development,JavaScript,,Beginner,Learn All the JavaScript Basics in 20 Minutes,Coding2GO,https://www.youtube.com/watch?v=xKOyDDuQSVY,21,,English,,
yt_html_163,Full Stack Development,JavaScript,,Beginner,JavaScript Tutorial for Beginners - Learn in 15 Minutes ( Crash Course 2026 ),ITower,https://www.youtube.com/watch?v=TioxU0wdMQg,14,,English,,
yt_html_164,Full Stack Development,JavaScript,,Beginner,Learn JAVASCRIPT in just 5 MINUTES (2020),Aaron Jack,https://www.youtube.com/watch?v=c-I5S_zTwAc,5,,English,,
yt_html_165,Full Stack Development,JavaScript,,Beginner,JavaScript Malayalam Tutorial | Yes Tech Media |,Yes Tech Media,https://www.youtube.com/watch?v=3mjwtu4_0uk,139,,English,,
yt_html_166,Full Stack Development,JavaScript,,Beginner,100+ JavaScript Concepts you Need to Know,Fireship,https://www.youtube.com/watch?v=lkIFF4maKMU,12,,English,,
yt_html_167,Full Stack Development,JavaScript,,Beginner,Javascript in 1 shot in Hindi | part 1,Chai aur Code,https://www.youtube.com/watch?v=sscX432bMZo,542,,English,,
yt_html_168,Full Stack Development,JavaScript,,Beginner,JavaScript explained in just 7 Minutes!,GeeksforGeeks,https://www.youtube.com/watch?v=VoKFyB1q4fc,8,,English,,
yt_html_169,Full Stack Development,JavaScript,,Beginner,All The JavaScript You Need To Know For React,PedroTech,https://www.youtube.com/watch?v=m55PTVUrlnA,28,,English,,
yt_html_170,Full Stack Development,JavaScript,,Beginner,JavaScript tutorial for beginners 🌐,Bro Code,https://www.youtube.com/watch?v=Ihy0QziLDf0,12,,English,,
yt_html_171,Full Stack Development,JavaScript,,Beginner,JavaScript Tutorial for Beginners – Build Your First App in 27 Minutes,JavaScript King,https://www.youtube.com/watch?v=-zLEofFa9_I,27,,English,,
yt_html_172,Full Stack Development,JavaScript,,Beginner,JavaScript Course for Beginners – Your First Step to Web Development,Programming with Mosh,https://www.youtube.com/watch?v=W6NZfCO5SIk,48,,English,,
yt_html_173,Full Stack Development,JavaScript,,Beginner,JavaScript Full Course | JavaScript - Learn Everything | Sheryians Coding School,Sheryians Coding School,https://www.youtube.com/watch?v=a-wVHL0lpb0,484,,English,,
yt_html_174,Full Stack Development,JavaScript,,Beginner,JavaScript for Beginners - How I Wish I was Taught,Sajjaad Khader,https://www.youtube.com/watch?v=GxW1Ei8yvSQ,14,,English,,
yt_html_175,Full Stack Development,JavaScript,,Beginner,Node.js Tutorial for Beginners: Learn Node in 1 Hour,Programming with Mosh,https://www.youtube.com/watch?v=TlB_eWDSMt4,78,,English,,
yt_html_176,Full Stack Development,JavaScript,,Beginner,#0 JavaScript Tutorial for Beginners | Introduction,Telusko,https://www.youtube.com/watch?v=PlbupGCBV6w,6,,English,,
yt_html_177,Full Stack Development,JavaScript,,Beginner,JavaScript Full Course ❤️ | Variables & Data Types | Lecture 1,Shradha Khapra,https://www.youtube.com/watch?v=ajdRvxDWH4w,81,,English,,
yt_html_178,Full Stack Development,JavaScript,,Beginner,JavaScript Tutorial In Hindi,CodeWithHarry,https://www.youtube.com/watch?v=hKB-YGF14SY,224,,English,,
yt_html_179,Full Stack Development,JavaScript,,Beginner,Full JavaScript Tutorial For Beginners in Kannada,Manjunath Shenoy Kannada,https://www.youtube.com/watch?v=iNwT2s0Z_E8,69,,English,,
yt_html_180,Full Stack Development,JavaScript,,Beginner,JavaScript Programming Tutorial for Beginners,Telusko,https://www.youtube.com/watch?v=IC5vBKc21X8,326,,English,,
yt_html_181,Full Stack Development,JavaScript,,Beginner,Learn JavaScript - Full Course for Beginners,freeCodeCamp.org,https://www.youtube.com/watch?v=PkZNo7MFNFg,207,,English,,
yt_html_182,Full Stack Development,JavaScript,,Beginner,JavaScript Speed Course - Learn JavaScript in ~75 Minutes,Tech With Tim,https://www.youtube.com/watch?v=TjjKcgtlsY8,76,,English,,
yt_html_183,Full Stack Development,JavaScript,,Beginner,Learn JavaScript in 60 Minutes: The Ultimate Beginner Course!,Coding2GO,https://www.youtube.com/watch?v=voLJ3CmaM1s,76,,English,,
yt_html_184,Full Stack Development,JavaScript,,Beginner,Master JavaScript in just 30 Days - | Part 1 | Malayalam,Brototype Malayalam,https://www.youtube.com/watch?v=aFEhkAWYnJU,40,,English,,
yt_html_185,Full Stack Development,JavaScript,,Beginner,Learn JavaScript: Tutorial for Beginners (Part 1),Codecademy,https://www.youtube.com/watch?v=uh4gG7LbDPQ,56,,English,,
yt_html_186,Full Stack Development,JavaScript,,Beginner,JavaScript Full Course for Beginners | Complete All-in-One Tutorial | 8 Hours,Dave Gray,https://www.youtube.com/watch?v=EfAl9bwzVZk,475,,English,,
yt_html_187,Full Stack Development,JavaScript,,Beginner,JavaScript in 100 Seconds,Fireship,https://www.youtube.com/watch?v=DHjqpvDnNGE,3,,English,,
yt_html_188,Full Stack Development,JavaScript,,Beginner,How To Master JavaScript,ThePrimeagen,https://www.youtube.com/watch?v=I5_Gx3JNho8,0,,English,,
yt_html_189,Full Stack Development,JavaScript,,Beginner,JavaScript Beginners Tutorial 1 | What is JavaScript ?,Automation Step by Step,https://www.youtube.com/watch?v=_bebNAsxuf8,12,,English,,
yt_html_190,Full Stack Development,JavaScript,,Beginner,Part 1- Introduction to JavaScript,SDET- QA,https://www.youtube.com/watch?v=D9NNOHiEnkw,19,,English,,
yt_html_191,Full Stack Development,JavaScript,,Beginner,Master JavaScript in 7 Hours (2025) 🚀 | From Zero to Hero | Tamil,JVL code,https://www.youtube.com/watch?v=8FhN2-aahVE,425,,English,,
yt_html_192,Full Stack Development,JavaScript,,Beginner,JavaScript Full Course (2025) in Kannada | JavaScript Tutorial for Beginners | MicroDegree,MicroDegree ಕನ್ನಡ,https://www.youtube.com/watch?v=ULzUzc0gMfI,579,,English,,
yt_html_193,Full Stack Development,JavaScript,,Beginner,JavaScript Tutorial for Beginners | Full Course to Learn What is JavaScript in Hindi,WsCube Tech,https://www.youtube.com/watch?v=Kdz9J5vC4_o,172,,English,,
yt_html_194,Full Stack Development,JavaScript,,Beginner,"JavaScript Tutorial (2024) for Beginners to Pro (with Notes, Projects & Practice Questions)",Apna College,https://www.youtube.com/watch?v=VlPiVmYuoqw,707,,English,,
yt_html_195,Full Stack Development,JavaScript,,Beginner,JavaScript Full Course for free 🌐,Bro Code,https://www.youtube.com/watch?v=lfmg-EJ8gm4,720,,English,,
yt_html_196,Full Stack Development,JavaScript,,Beginner,JavaScript Tutorial for Beginners | Full Course 2025 | EP 1 Introduction to JavaScript,Brototype Tamil,https://www.youtube.com/watch?v=ynvnxx7rWQ4,21,,English,,
yt_html_197,Full Stack Development,JavaScript,,Beginner,JavaScript Tutorial for Beginners [JS Crash Course],TechWorld with Nana,https://www.youtube.com/watch?v=FtaQSdrl7YA,97,,English,,
yt_html_198,Full Stack Development,JavaScript,,Beginner,JavaScript Tutorial for Beginners | JavaScript Free Course | by Rahul Chaudhary,Programming GuruJi,https://www.youtube.com/watch?v=9Sy-hINltQM,15,,English,,
yt_html_199,Full Stack Development,JavaScript,,Beginner,JavaScript Full Course Tutorial for Beginners in Hindi🔥Free Notes with 10+ Projects | P-1,Thapa Technical,https://www.youtube.com/watch?v=13gLB6hDHR8,718,,English,,
yt_html_200,Full Stack Development,JavaScript,,Beginner,Learn JavaScript in 7 Hours 🕖 | Complete JavaScript Tutorial for Beginners 2025,Sundeep Saradhi Kanthety,https://www.youtube.com/watch?v=BTuCzffKh8E,444,,English,,
yt_html_201,Full Stack Development,JavaScript,,Beginner,JavaScript Crash Course - Tutorial for Complete Beginners,Codevolution,https://www.youtube.com/watch?v=XIOLqoPHCJ4,81,,English,,
yt_html_202,Full Stack Development,JavaScript,,Beginner,JavaScript: The Complete Crash Course,Boot dev,https://www.youtube.com/watch?v=OOOfBC1grl0,417,,English,,
yt_html_203,Full Stack Development,JavaScript,,Beginner,JavaScript Crash Course For Beginners,Traversy Media,https://www.youtube.com/watch?v=hdI2bqOjy3c,101,,English,,
yt_html_204,Full Stack Development,JavaScript,,Beginner,JavaScript - Introduction - W3Schools.com,w3schools.com,https://www.youtube.com/watch?v=zofMnllkVfI,3,,English,,
yt_html_205,Full Stack Development,JavaScript,,Beginner,How JavaScript Works 🔥& Execution Context | Namaste JavaScript Ep.1,Akshay Saini,https://www.youtube.com/watch?v=ZvbzSrg0afE,5,,English,,
yt_html_206,Full Stack Development,JavaScript,,Beginner,JavaScript tutorial for Beginners in Tamil | DOM Explained | Mini Project in JavaScript,Error Makes Clever,https://www.youtube.com/watch?v=poo0BXryffI,275,,English,,
yt_html_207,Full Stack Development,JavaScript,,Beginner,JavaScript for Beginners | Learn JavaScript in one hour!,Keerti Purswani,https://www.youtube.com/watch?v=e2fKYP_7B_Y,95,,English,,
yt_html_208,Full Stack Development,JavaScript,,Intermediate,All The JavaScript You Need BEFORE React,Coding2GO,https://www.youtube.com/watch?v=bCkfU_wHPcY,7,,English,,
yt_html_209,Full Stack Development,JavaScript,,Intermediate,How to master javascript,Chai aur Code,https://www.youtube.com/watch?v=jNgppRzIaMc,1,,English,,
yt_html_210,Full Stack Development,JavaScript,,Intermediate,How I Would Learn JavaScript If I Could Start Over,Phillip Choi,https://www.youtube.com/watch?v=X_FfHxMkkos,18,,English,,
yt_html_211,Full Stack Development,JavaScript,,Intermediate,All the JavaScript You Need in 2026,Coding2GO,https://www.youtube.com/watch?v=2bFF8yd-G00,13,,English,,
yt_html_212,Full Stack Development,JavaScript,,Intermediate,Modern JavaScript From The Beginning | First 12 Hours,Traversy Media,https://www.youtube.com/watch?v=BI1o2H9z9fo,714,,English,,
yt_html_213,Full Stack Development,JavaScript,,Intermediate,JavaScript Coding Interview Question | @ApnaCollegeOfficial,Apna College,https://www.youtube.com/watch?v=fGQckyRlAOY,1,,English,,
yt_html_214,Full Stack Development,JavaScript,,Intermediate,"JavaScript Pro Tips - Code This, NOT That",Fireship,https://www.youtube.com/watch?v=Mus_vwhTCq0,13,,English,,
yt_html_215,Full Stack Development,JavaScript,,Intermediate,"JavaScript Interview Questions, JavaScript Telugu, JavaScript Tutorial For Beginners, JS Tutorial",SoftwareSchool - Coding Tutorials In Telugu,https://www.youtube.com/watch?v=UHW4krKpiQc,1,,English,,
yt_html_216,Full Stack Development,JavaScript,,Intermediate,How to Learn JavaScript FAST in 2026,Catherine Li,https://www.youtube.com/watch?v=xB3ZmUH6GqU,13,,English,,
yt_html_217,Full Stack Development,JavaScript,,Intermediate,JavaScript Roadmap For Beginners (Step By Step),Erik Cupsa,https://www.youtube.com/watch?v=v4oMxYxqOqs,1,,English,,
yt_html_218,Full Stack Development,JavaScript,,Intermediate,Master Advanced JavaScript Concepts and Become a JavaScript Ninja,Sheryians Coding School,https://www.youtube.com/watch?v=ks4MFTHLfyg,74,,English,,
yt_html_219,Full Stack Development,JavaScript,,Intermediate,Namaste JavaScript 🙏 Course - JS Video Tutorials by Akshay Saini,Akshay Saini,https://www.youtube.com/watch?v=pN6jk0uUrD8,2,,English,,
yt_html_220,Full Stack Development,JavaScript,,Intermediate,How to become a Senior developer.. ♥️ 😂 #programming #javascript #python #coding #developer #coder .,Gyanda institution of excellence ,https://www.youtube.com/watch?v=yymyLXPbP1Y,0,,English,,
yt_html_221,Full Stack Development,JavaScript,,Intermediate,Object-oriented Programming in JavaScript: Made Super Simple | Mosh,Programming with Mosh,https://www.youtube.com/watch?v=PFmuCDHHpwk,63,,English,,
yt_html_222,Full Stack Development,JavaScript,,Intermediate,"Part 3 – Advanced JavaScript, Projects & Real Developer Mindset | Full Course",Sheryians Coding School,https://www.youtube.com/watch?v=wH6uf20dpAo,256,,English,,
yt_html_223,Full Stack Development,JavaScript,,Intermediate,Advanced JavaScript Crash Course,Codevolution,https://www.youtube.com/watch?v=R9I85RhI7Cg,64,,English,,
yt_html_224,Full Stack Development,JavaScript,,Intermediate,JavaScript Developers TRYING to Use TypeScript,James Q Quick,https://www.youtube.com/watch?v=hHt3F5mL7Tc,0,,English,,
yt_html_225,Full Stack Development,JavaScript,,Intermediate,9 JavaScript Concepts That Got Me To Senior Dev,theSeniorDev,https://www.youtube.com/watch?v=LmKp4R_1ibc,20,,English,,
yt_html_226,Full Stack Development,JavaScript,,Intermediate,JavaScript Full Course 2026 | Master Javascript in 22 Hours,Coder Army,https://www.youtube.com/watch?v=6_NrgoEkjnE,1339,,English,,
yt_html_227,Full Stack Development,JavaScript,,Intermediate,Let’s play… Does your code suck? JavaScript Variables Edition,Fireship,https://www.youtube.com/watch?v=ZRjmGq1gAEQ,1,,English,,
yt_html_228,Full Stack Development,JavaScript,,Advanced,Simple JavaScript Basics #javascript #code #tutorial #javascriptdeveloper,Get Code Snippets,https://www.youtube.com/watch?v=qC-Yadx3O4A,1,,English,,
yt_html_229,Full Stack Development,JavaScript,,Advanced,Higher Order Functions - JavaScript Tutorial,ColorCode,https://www.youtube.com/watch?v=0aKZvNNf8BA,10,,English,,
yt_html_230,Full Stack Development,JavaScript,,Advanced,JavaScript Tutorial for beginners in Tamil | Basic to Advanced concepts | In தமிழ்,UNIQ Technologies,https://www.youtube.com/watch?v=NWHluLBZX9Q,993,,English,,
yt_html_231,Full Stack Development,JavaScript,,Advanced,JavaScript Mastery Complete Course | JavaScript Tutorial For Beginner to Advanced,Nerd's lesson,https://www.youtube.com/watch?v=xc3a_CJhjCc,534,,English,,
yt_html_232,Full Stack Development,JavaScript,,Advanced,📌 Master Advanced JavaScript (ES6+) | Complete Tutorial for Modern Developers,w3runs,https://www.youtube.com/watch?v=yyrq_8-bk0s,294,,English,,
yt_html_233,Full Stack Development,JavaScript,,Advanced,JavaScript FULL Course for Beginner to PRO in 14 Hours (Projects + Questions),WsCube AI & Tech School,https://www.youtube.com/watch?v=D_Zj9RKYXsE,843,,English,,
yt_html_234,Full Stack Development,JavaScript,,Advanced,The best thing you can do with JavaScript #javascript #programming,Sam Meech-Ward,https://www.youtube.com/watch?v=zO6CHvTErxE,1,,English,,
yt_html_235,Full Stack Development,JavaScript,,Advanced,5 JavaScript Mistakes Every Beginner Must Avoid 🔥,CodeWithHarry,https://www.youtube.com/watch?v=yN2yBmSHduI,11,,English,,
yt_html_236,Full Stack Development,JavaScript,,Advanced,JavaScript Advance Crash Course: Level Up Your Coding Skills! Accelerate Your Front-End Mastery!,Sheryians Coding School,https://www.youtube.com/watch?v=EgDmCbhmstU,90,,English,,
yt_html_237,Full Stack Development,JavaScript,,Advanced,Master JavaScript Closures: Ace Your Next Tech Interview with These Key Tips!,School4U | Programming School,https://www.youtube.com/watch?v=MnhHhX92o64,3,,English,,
yt_html_238,Full Stack Development,JavaScript,,Advanced,"Lecture 12 : Callbacks, Promises & Async Await | JavaScript Full Course",Shradha Khapra,https://www.youtube.com/watch?v=d3jXofmQm44,84,,English,,
yt_html_239,Full Stack Development,JavaScript,,Advanced,JavaScript Interview Questions in One Video | JavaScript in Hindi,Coder Dost,https://www.youtube.com/watch?v=gUUCmRJjVvo,493,,English,,
yt_html_240,Full Stack Development,JavaScript,,Advanced,Advanced JavaScript | Sigma Web Development Course - Tutorial #82,CodeWithHarry,https://www.youtube.com/watch?v=tcQDnqRakxk,14,,English,,
yt_html_241,Full Stack Development,JavaScript,,Advanced,JavaScript Advanced full Course Tutorial🔥15+ Projects + Free Notes,Thapa Technical,https://www.youtube.com/watch?v=YwsOCN8woA8,719,,English,,
yt_html_242,Full Stack Development,JavaScript,,Advanced,Advanced JavaScript Tutorial | JavaScript Training | JavaScript Programming Tutorial | Edureka,edureka!,https://www.youtube.com/watch?v=IljVmcDDrOg,39,,English,,
yt_html_243,Full Stack Development,JavaScript,,Advanced,Learn how to THINK in code – The Hard & Conceptual Parts of JavaScript (Full Course),freeCodeCamp.org,https://www.youtube.com/watch?v=x7u2c0DhWEU,281,,English,,
yt_html_244,Full Stack Development,JavaScript,,Advanced,"JavaScript Visualized - Event Loop, Web APIs, (Micro)task Queue",Lydia Hallie,https://www.youtube.com/watch?v=eiC58R16hb8,13,,English,,
yt_html_245,Full Stack Development,JavaScript,,Advanced,Advanced JavaScript in Tamil | Top Interview Topics,JVL code,https://www.youtube.com/watch?v=6bmWUxz_a6o,213,,English,,
yt_html_246,Full Stack Development,JavaScript,,Advanced,ES6 Advance JavaScript Tutorials in Telugu,Telugu WebTech,https://www.youtube.com/watch?v=Ga05ZLahfsI,89,,English,,
yt_html_247,Full Stack Development,JavaScript,,Advanced,Javascript roadmap to master from basics to advance#javascript#roadmap#html#css,Coding Tutorials ,https://www.youtube.com/watch?v=urCmTFBoRNU,0,,English,,
yt_html_248,Full Stack Development,JavaScript,,Advanced,JavaScript FULL Course with Advanced Project in 4 HOURS (Part-2) | 2026 Edition,WsCube Tech,https://www.youtube.com/watch?v=kXVq6UHcuLw,260,,English,,
yt_html_249,Full Stack Development,JavaScript,,Advanced,Javascript ES6 and Advanced in 45 Minutes | Telugu | Vamsi Bhavani,Vamsi Bhavani,https://www.youtube.com/watch?v=cNXXNCGM9ck,44,,English,,
yt_html_250,Full Stack Development,Git & GitHub,,Beginner,Git and GitHub Tutorial for Beginners,Kevin Stratvert,https://www.youtube.com/watch?v=tRZGeaHPoaw,46,,English,,
yt_html_251,Full Stack Development,Git & GitHub,,Beginner,Git for Professionals Tutorial - Tools & Concepts for Mastering Version Control with Git,freeCodeCamp.org,https://www.youtube.com/watch?v=Uszj_k0DGsg,41,,English,,
yt_html_252,Full Stack Development,Git & GitHub,,Beginner,Git Tutorial for Beginners - Git & GitHub Fundamentals In Depth,Tech With Tim,https://www.youtube.com/watch?v=DVRQoVRzMIY,43,,English,,
yt_html_253,Full Stack Development,Git & GitHub,,Beginner,Learn Git – Full Course for Beginners,freeCodeCamp.org,https://www.youtube.com/watch?v=zTjRZNkhiEU,224,,English,,
yt_html_254,Full Stack Development,Git & GitHub,,Beginner,Git Tutorial for Beginners: Learn Git in 1 Hour,Programming with Mosh,https://www.youtube.com/watch?v=8JJ101D3knE,69,,English,,
yt_html_255,Full Stack Development,Git & GitHub,,Beginner,Git & GitHub Crash Course for Beginners [2026],freeCodeCamp.org,https://www.youtube.com/watch?v=mAFoROnOfHs,81,,English,,
yt_html_256,Full Stack Development,Git & GitHub,,Beginner,Git Tutorial | Github Tutorial | Git Tutorial for Beginners | Intellipaat,Intellipaat,https://www.youtube.com/watch?v=dnGeRjP8oxw,185,,English,,
yt_html_257,Full Stack Development,Git & GitHub,,Beginner,Git & GitHub Tutorial | Visualized Git Course for Beginner & Professional Developers in 2024,JavaScript Mastery,https://www.youtube.com/watch?v=S7XpTAnSDL4,72,,English,,
yt_html_258,Full Stack Development,Git & GitHub,,Beginner,Git and Github Tutorial - Hacking Git And Github | Git for Beginners | Git and Github Basics,edureka!,https://www.youtube.com/watch?v=wjyZzVxS5sY,71,,English,,
yt_html_259,Full Stack Development,Git & GitHub,,Beginner,What is Git | What is GitHub | Git Tutorial | GitHub Tutorial | Devops Tutorial | Edureka,edureka!,https://www.youtube.com/watch?v=xuB1Id2Wxak,104,,English,,
yt_html_260,Full Stack Development,Git & GitHub,,Beginner,Git and GitHub for Beginners - Crash Course,freeCodeCamp.org,https://www.youtube.com/watch?v=RGOj5yH7evk,69,,English,,
yt_html_261,Full Stack Development,Git & GitHub,,Beginner,Git Full Course | Git Tutorial for Beginners [2024] | DevOps Git Tutorial | Edureka,edureka!,https://www.youtube.com/watch?v=1mWbK2br1FA,361,,English,,
yt_html_262,Full Stack Development,Git & GitHub,,Beginner,Git And GitHub Full Course | Complete Git And GitHub Tutorial For Beginners,GreatStack,https://www.youtube.com/watch?v=b_glcE0SOoE,33,,English,,
yt_html_263,Full Stack Development,Git & GitHub,,Beginner,Git & GitHub Full Course in 5 Hours | Git GitHub Tutorial for Beginners | DevOps Training | Edureka,edureka!,https://www.youtube.com/watch?v=KMOmw19ZCGs,309,,English,,
yt_html_264,Full Stack Development,Git & GitHub,,Beginner,Learn Git In 15 Minutes,Colt Steele,https://www.youtube.com/watch?v=USjZcfj8yxE,16,,English,,
yt_html_265,Full Stack Development,Git & GitHub,,Beginner,Git & GitHub Tutorial for Beginners #11 - Collaborating on GitHub,Net Ninja,https://www.youtube.com/watch?v=MnUd31TvBoU,12,,English,,
yt_html_266,Full Stack Development,Git & GitHub,,Beginner,GitHub Tutorial for Beginners (2025),CodeWithChris,https://www.youtube.com/watch?v=v5gnvDUWqFM,20,,English,,
yt_html_267,Full Stack Development,Git & GitHub,,Beginner,Git Tutorial for Beginners,Telusko,https://www.youtube.com/watch?v=WbwIoQYP6no,52,,English,,
yt_html_268,Full Stack Development,Git & GitHub,,Beginner,Git Tutorial | Git and GitHub Tutorial | Learn Git | Git for Beginners | DevOps Tutorial | Edureka,edureka!,https://www.youtube.com/watch?v=A1_Ni6Eje6Y,64,,English,,
yt_html_269,Full Stack Development,Git & GitHub,,Beginner,Beginner Git commands you need to know (WITH EXAMPLES),GitHub,https://www.youtube.com/watch?v=rE2zRhZdjFU,14,,English,,
yt_html_270,Full Stack Development,Git & GitHub,,Beginner,Git & GitHub Tutorial for Beginners #1 - Why Use Git?,Net Ninja,https://www.youtube.com/watch?v=3RjQznt-8kE,6,,English,,
yt_html_271,Full Stack Development,Git & GitHub,,Beginner,Complete Git and Github Hands On Tutorial with Commands,Cloud Champ,https://www.youtube.com/watch?v=_kwJ2GCafuA,31,,English,,
yt_html_272,Full Stack Development,Git & GitHub,,Beginner,Git and GitHub Tutorial For Beginners | Full Course [2021] [NEW],Amigoscode,https://www.youtube.com/watch?v=3fUbBnN_H2c,142,,English,,
yt_html_273,Full Stack Development,Git & GitHub,,Beginner,Git Tutorial For Beginners 2026 | Git & Github Complete Tutorial | Learn Git in 2 hrs | Simplilearn,Simplilearn,https://www.youtube.com/watch?v=eeuNAIZoWRU,150,,English,,
yt_html_274,Full Stack Development,Git & GitHub,,Beginner,Part 9 | Git Tutorial | Git Commands | Merging,SDET- QA,https://www.youtube.com/watch?v=HIbh0jmhNyY,42,,English,,
yt_html_275,Full Stack Development,Git & GitHub,,Beginner,Git Tutorial for Beginners - GitHub Version Control,Tech With Tim,https://www.youtube.com/watch?v=PWqS4NBhEY8,25,,English,,
yt_html_276,Full Stack Development,Git & GitHub,,Beginner,Git Tutorial for Beginners: Command-Line Fundamentals,Corey Schafer,https://www.youtube.com/watch?v=HVsySz-h9r4,31,,English,,
yt_html_277,Full Stack Development,Git & GitHub,,Beginner,"Git Tutorial 4: Basic Commands: add, commit, push",codebasics,https://www.youtube.com/watch?v=eL_0Ok_Gkas,17,,English,,
yt_html_278,Full Stack Development,Git & GitHub,,Beginner,How to use Git and GitHub in VS Code | Tutorial for beginners,GitHub,https://www.youtube.com/watch?v=NFjz1AGKA4c,9,,English,,
yt_html_279,Full Stack Development,Git & GitHub,,Beginner,Git & GitHub Tutorial for Beginners #7 - Undoing Things,Net Ninja,https://www.youtube.com/watch?v=RIYrfkZjWmA,11,,English,,
yt_html_280,Full Stack Development,Git & GitHub,,Beginner,Git And GitHub in ~30 Minutes,Tech With Tim,https://www.youtube.com/watch?v=jG4Vs81kMlc,33,,English,,
yt_html_281,Full Stack Development,Git & GitHub,,Beginner,Git and GitHub Crash Course For Beginners | Complete Tutorial [2024],Cameron McKenzie,https://www.youtube.com/watch?v=l2yrJtwoC_E,113,,English,,
yt_html_282,Full Stack Development,Git & GitHub,,Beginner,Git and GitHub Beginner Tutorial 1 - Introduction,Automation Step by Step,https://www.youtube.com/watch?v=-U-eUHI6euM,13,,English,,
yt_html_283,Full Stack Development,Git & GitHub,,Beginner,Git and GitHub Tutorial #1 - What is Git | Introduction to Git,Software Testing Mentor,https://www.youtube.com/watch?v=-aOtytNgL80,12,,English,,
yt_html_284,Full Stack Development,Git & GitHub,,Beginner,Learn Git & GitHub for Beginners | (2026) Tutorial,Coder Coder,https://www.youtube.com/watch?v=h2a3Kw-I_Ec,56,,English,,
yt_html_285,Full Stack Development,Git & GitHub,,Beginner,Git Push Command | Git Bash Tutorial | Git Commands | Git Tutorial For Beginners | Simplilearn,Simplilearn,https://www.youtube.com/watch?v=QJ0iUNe27c8,16,,English,,
yt_html_286,Full Stack Development,Git & GitHub,,Beginner,Git Commands - Git Tutorial | Git Commands With Examples | Git Tutorial For Beginners | Simplilearn,Simplilearn,https://www.youtube.com/watch?v=AzfVDEBn9hw,60,,English,,
yt_html_287,Full Stack Development,Git & GitHub,,Beginner,Git Tutorial for Beginners: A Quick Start Guide,IAmTimCorey,https://www.youtube.com/watch?v=ugN-IYV1NTM,92,,English,,
yt_html_288,Full Stack Development,Git & GitHub,,Beginner,Git Tutorial for Absolute Beginners,Dave Gray,https://www.youtube.com/watch?v=CvUiKWv2-C0,36,,English,,
yt_html_289,Full Stack Development,Git & GitHub,,Beginner,Complete Git and GitHub Tutorial,Kunal Kushwaha,https://www.youtube.com/watch?v=apGV9Kg7ics,73,,English,,
yt_html_290,Full Stack Development,Git & GitHub,,Beginner,Git & GitHub Crash Course For Beginners,Traversy Media,https://www.youtube.com/watch?v=SWYqp7iY_Tc,33,,English,,
yt_html_291,Full Stack Development,Git & GitHub,,Beginner,Complete Git and GitHub Tutorial for Beginners 2025 || Zero to Hero Git Master Class #sdet #devops,Tech with Jatin,https://www.youtube.com/watch?v=MuZySo5lF8E,409,,English,,
yt_html_292,Full Stack Development,Git & GitHub,,Beginner,Git And GitHub Full Course 2026 | Complete Git and GitHub Tutorial For Beginners | Simplilearn,Simplilearn,https://www.youtube.com/watch?v=FuyrbysTJ_o,179,,English,,
yt_html_293,Full Stack Development,Git & GitHub,,Beginner,Git Full Course - 6 Hours | Git Tutorial for Beginners [2024] | DevOps Git Tutorial | Edureka,edureka!,https://www.youtube.com/watch?v=akD-DpolilE,364,,English,,
yt_html_294,Full Stack Development,Git & GitHub,,Beginner,How to use GitHub | What is GitHub | Git and GitHub Tutorial | DevOps Training | Edureka,edureka!,https://www.youtube.com/watch?v=PQsJR8ci3J0,31,,English,,
yt_html_295,Full Stack Development,Git & GitHub,,Beginner,Git and GitHub Tutorial for Beginners [11 Hours],Bogdan Stashchuk,https://www.youtube.com/watch?v=3FKrszHcIsA,673,,English,,
yt_html_296,Full Stack Development,Git & GitHub,,Beginner,Git & GitHub Tutorial for Beginners #8 - Branches,Net Ninja,https://www.youtube.com/watch?v=QV0kVNvkMxc,10,,English,,
yt_html_297,Full Stack Development,Git & GitHub,,Beginner,Git and GitHub - 0 Experience to Professional in 1 Tutorial (Part 1),SuperSimpleDev,https://www.youtube.com/watch?v=hrTQipWp6co,37,,English,,
yt_html_298,Full Stack Development,Git & GitHub,,Beginner,Git & GitHub Tutorial for Beginners #3 - How Git Works,Net Ninja,https://www.youtube.com/watch?v=iNP_KmOFqXs,6,,English,,
yt_html_299,Full Stack Development,Git & GitHub,,Beginner,Git Tutorial For Dummies,Nick White,https://www.youtube.com/watch?v=mJ-qvsxPHpY,19,,English,,
yt_html_300,Full Stack Development,Git & GitHub,,Intermediate,"Advanced Git Tutorial - Interactive Rebase, Cherry-Picking, Reflog, Submodules and more",freeCodeCamp.org,https://www.youtube.com/watch?v=qsTthZi23VE,34,,English,,
yt_html_301,Full Stack Development,Git & GitHub,,Intermediate,Git & GitHub for DevOps | Free Workshop By TrainWithShubham (Hindi),TrainWithShubham,https://www.youtube.com/watch?v=DyqAdz96mok,217,,English,,
yt_html_302,Full Stack Development,Git & GitHub,,Intermediate,Git & GitHub Tutorial For Beginners In Hindi - हिंदी में,CodeWithHarry,https://www.youtube.com/watch?v=gwWKnnCMQ5c,75,,English,,
yt_html_303,Full Stack Development,Git & GitHub,,Intermediate,Complete Git and GitHub Tutorial for Beginners,Apna College,https://www.youtube.com/watch?v=Ez8F0nW6S-w,74,,English,,
yt_html_304,Full Stack Development,Git & GitHub,,Intermediate,13 Advanced (but useful) Git Techniques and Shortcuts,Fireship,https://www.youtube.com/watch?v=ecK3EnyGD8o,8,,English,,
yt_html_305,Full Stack Development,Git & GitHub,,Intermediate,Day-9 | Git and GitHub | What is GIT ? | What is Version Control ? | #devops #2023 #github #gitlab,Abhishek.Veeramalla,https://www.youtube.com/watch?v=fIMySI_gZJU,37,,English,,
yt_html_306,Full Stack Development,Git & GitHub,,Intermediate,Git and GitHUB For Beginners In One Video🔥 [HINDI] | MPrashant,M Prashant,https://www.youtube.com/watch?v=uwyP5SNlQAU,117,,English,,
yt_html_307,Full Stack Development,Git & GitHub,,Intermediate,Github in Telugu | Complete Git & GitHub in 1 hour | Vamsi Bhavani | A to Z in Git Github,Vamsi Bhavani,https://www.youtube.com/watch?v=LGLuHYHbCFA,73,,English,,
yt_html_308,Full Stack Development,Git & GitHub,,Intermediate,How Git Works: Explained in 4 Minutes,ByteByteGo,https://www.youtube.com/watch?v=e9lnsKot_SQ,4,,English,,
yt_html_309,Full Stack Development,Git & GitHub,,Intermediate,Git Explained in 100 Seconds,Fireship,https://www.youtube.com/watch?v=hwP7WQkmECE,2,,English,,
yt_html_310,Full Stack Development,Git & GitHub,,Intermediate,Learn Complete Git and GitHub in 30 Minutes | GitHub & Git Beginner Tutorial 🔥Mission Placement Ep 3,Saumya Singh,https://www.youtube.com/watch?v=l0JFc53cpKs,31,,English,,
yt_html_311,Full Stack Development,Git & GitHub,,Intermediate,Master GIT & GITHUB in easy way,Nova Designs,https://www.youtube.com/watch?v=9ToMEN_Hys0,13,,English,,
yt_html_312,Full Stack Development,Git & GitHub,,Intermediate,"Git and GitHub Tutorial in Tamil | The Ultimate Guide to VC, Branching, Merging & Pull Request.",Error Makes Clever,https://www.youtube.com/watch?v=VIBWdLLq9kQ,82,,English,,
yt_html_313,Full Stack Development,Git & GitHub,,Intermediate,GitHub Full Course | for Beginners 2026,Website Learners,https://www.youtube.com/watch?v=ZbrufHI9l7o,38,,English,,
yt_html_314,Full Stack Development,Git & GitHub,,Intermediate,Complete Git and GitHub Tutorial For Data Engineers [2025],Ansh Lamba,https://www.youtube.com/watch?v=Kr8l7rQGwNs,250,,English,,
yt_html_315,Full Stack Development,Git & GitHub,,Intermediate,Intermediate GitHub Tutorial,Tech With Tim,https://www.youtube.com/watch?v=7h6_aZZ_iNg,42,,English,,
yt_html_316,Full Stack Development,Git & GitHub,,Intermediate,Complete Git and GitHub Tutorial for Beginners | With Notes,Tech Jashwanth,https://www.youtube.com/watch?v=gVBq2vdRoQY,33,,English,,
yt_html_317,Full Stack Development,Git & GitHub,,Intermediate,Git Basics in Tamil | Full Video | Learn Git from Scratch,JVL code,https://www.youtube.com/watch?v=HnuZ04XYfjs,46,,English,,
yt_html_318,Full Stack Development,Git & GitHub,,Intermediate,Git and Github Tutorial For Beginners (Full Course),CodeWithHarry,https://www.youtube.com/watch?v=AB3J8ufDYHQ,152,,English,,
yt_html_319,Full Stack Development,Git & GitHub,,Intermediate,"🚀 Git & GitHub – What, Why & How? Full Beginner Guide in Tamil!",Arivi by HCL GUVI,https://www.youtube.com/watch?v=2608S3IF6lY,34,,English,,
yt_html_320,Full Stack Development,Git & GitHub,,Intermediate,Git And GitHub For Beginners,Rohit Negi,https://www.youtube.com/watch?v=OWp3F9VlUT0,9,,English,,
yt_html_321,Full Stack Development,Git & GitHub,,Intermediate,Git and Github Explained in 7 Minutes | Git and Github Tutorial (2026),Tech With Diego,https://www.youtube.com/watch?v=y-an0v208A0,8,,English,,
yt_html_322,Full Stack Development,Git & GitHub,,Intermediate,Git and GitHub Hands-On Training for Beginners | Raghav Pal,Automation Step by Step,https://www.youtube.com/watch?v=B8NurikxEo8,33,,English,,
yt_html_323,Full Stack Development,Git & GitHub,,Intermediate,Git & GitHub Crash Course 2025,Traversy Media,https://www.youtube.com/watch?v=vA5TTz6BXhY,49,,English,,
yt_html_324,Full Stack Development,Git & GitHub,,Intermediate,Git For Beginners,Telusko,https://www.youtube.com/watch?v=vwj89i2FmG0,121,,English,,
yt_html_325,Full Stack Development,Git & GitHub,,Intermediate,Git MERGE vs REBASE: Everything You Need to Know,ByteByteGo,https://www.youtube.com/watch?v=0chZFIZLR_0,5,,English,,
yt_html_326,Full Stack Development,Git & GitHub,,Intermediate,The BEST way to learn Git👩‍💻 #technology #programming #software #career #code #tech #learncode,Coding with Lewis,https://www.youtube.com/watch?v=u70t1g0B-pA,1,,English,,
yt_html_327,Full Stack Development,Git & GitHub,,Intermediate,Master Git & GitHub in One Video! 🚀 Level Up Your Skills Now!,Sheryians Coding School,https://www.youtube.com/watch?v=r8QQOAicu8Y,107,,English,,
yt_html_328,Full Stack Development,Git & GitHub,,Intermediate,Git and GitHub Explained in 12 Minutes (With Animations),Harshita Verma,https://www.youtube.com/watch?v=cv77l-Bwzsk,13,,English,,
yt_html_329,Full Stack Development,Git & GitHub,,Intermediate,Github in Telugu | Complete Git & GitHub in 1 hour | A to Z in Git Github,UNQ CODER,https://www.youtube.com/watch?v=KBOCCssL5B4,101,,English,,
yt_html_330,Full Stack Development,Git & GitHub,,Intermediate,Git for Beginners: A Complete Guide to Version Control,Coding Inspiration,https://www.youtube.com/watch?v=xCd3FXNgeVM,0,,English,,
yt_html_331,Full Stack Development,Git & GitHub,,Intermediate,Learn complete Git and Github in 1 video | Open-source Contribution | Linux commands & tricks,Anuj Kumar Sharma,https://www.youtube.com/watch?v=uaeKhfhYE0U,33,,English,,
yt_html_332,Full Stack Development,Git & GitHub,,Intermediate,Complete git and Github course in Hindi,Chai aur Code,https://www.youtube.com/watch?v=q8EevlEpQ2A,175,,English,,
yt_html_333,Full Stack Development,Git & GitHub,,Intermediate,Git and GitHub ( VCS ) Full Course in Tamil | For Beginners and Professionals | code io - Tamil,code io - Tamil,https://www.youtube.com/watch?v=dedPBP-SluA,132,,English,,
yt_html_334,Full Stack Development,Git & GitHub,,Intermediate,The Only GitHub Guide You’ll Ever Need,corbin,https://www.youtube.com/watch?v=pJYOG6klqj8,46,,English,,
yt_html_335,Full Stack Development,Git & GitHub,,Intermediate,Git and GitHub - Full Course,Boot dev,https://www.youtube.com/watch?v=rH3zE7VlIMs,260,,English,,
yt_html_336,Full Stack Development,Git & GitHub,,Advanced,🚀 Git & GitHub Full Course in 5 Hours | Complete Beginner to Advanced Tutorial | Ashok IT,Ashok IT,https://www.youtube.com/watch?v=fUdHTZcfoDY,294,,English,,
yt_html_337,Full Stack Development,Git & GitHub,,Advanced,Learn Git Commands | Getting Started | Git Clone | Git Init,Hacking into Coding,https://www.youtube.com/watch?v=_zaGs3RDEX8,0,,English,,
yt_html_338,Full Stack Development,Git & GitHub,,Advanced,Git Advanced HandsOn | Step-by-Step Demo by Raghav Pal,Automation Step by Step,https://www.youtube.com/watch?v=P_-E5nFkolw,136,,English,,
yt_html_339,Full Stack Development,Git & GitHub,,Advanced,Never* use git pull,Philomatics,https://www.youtube.com/watch?v=xN1-2p06Urc,4,,English,,
yt_html_340,Full Stack Development,Git & GitHub,,Advanced,Advanced Git Tutorial,Dmitri Snytkine,https://www.youtube.com/watch?v=0SJCYPsef54,59,,English,,
yt_html_341,Full Stack Development,Git & GitHub,,Advanced,"git rebase - Why, When & How to fix conflicts",Philomatics,https://www.youtube.com/watch?v=DkWDHzmMvyg,10,,English,,
yt_html_342,Full Stack Development,Git & GitHub,,Advanced,QUIT Struggling with Git! My 3.5-Hour GitHub Blueprint (Beginner to Pro),Rahul Wagh,https://www.youtube.com/watch?v=GTFaLDXag08,201,,English,,
yt_html_343,Full Stack Development,Git & GitHub,,Advanced,Top 5 git commands,Sahil & Sarra,https://www.youtube.com/watch?v=-TpaRQk3mFQ,1,,English,,
yt_html_344,Full Stack Development,Git & GitHub,,Advanced,Git Will Finally Make Sense After This,LearnThatStack,https://www.youtube.com/watch?v=Ala6PHlYjmw,13,,English,,
yt_html_345,Full Stack Development,Git & GitHub,,Advanced,Complete Git and GitHub Tutorial for Beginners,Piyush Garg,https://www.youtube.com/watch?v=RDxQEzXN8AU,111,,English,,
yt_html_346,Full Stack Development,Git & GitHub,,Advanced,10 Advanced Git Techniques That Save Hours Weekly,proflead,https://www.youtube.com/watch?v=3gz4DxYix7Y,4,,English,,
yt_html_347,Full Stack Development,Git & GitHub,,Advanced,I wish I knew this before | Github tricks and tricks | Why Should You Use GitHub?,Ritik Singh,https://www.youtube.com/watch?v=j-AGXZx6E94,0,,English,,
yt_html_348,Full Stack Development,Git & GitHub,,Advanced,3 Git Workflows Every Developer Should Know (And When to Use Each),TechWorld with Nana,https://www.youtube.com/watch?v=GQQqf-C2ha4,32,,English,,
yt_html_349,Full Stack Development,Git & GitHub,,Advanced,🤔 What’s the difference between MERGING and REBASING in Git? #git #programming #shorts,GitKraken,https://www.youtube.com/watch?v=nzv0sbfprJo,1,,English,,
yt_html_350,Full Stack Development,Git & GitHub,,Advanced,What Is The Difference Between Git and GitHub? #tech #git #techexplained,Tiff In Tech,https://www.youtube.com/watch?v=dVcNG7stnU4,0,,English,,
yt_html_351,Full Stack Development,Git & GitHub,,Advanced,Master Git in One Video Complete Git Tutorial (Beginner → Pro) | Explained in Hindi,Bits And Bytes,https://www.youtube.com/watch?v=MBmBlXOZl4Y,134,,English,,
yt_html_352,Full Stack Development,Git & GitHub,,Advanced,Git & GitHub Mastery: 6-Hour One-Shot Advanced Tutorial (From Shell Commands to Git Hooks),Shubham gour,https://www.youtube.com/watch?v=XcDQaTYJCLA,344,,English,,
yt_html_353,Full Stack Development,Git & GitHub,,Advanced,Complete Git & GitHub Tutorial: Beginner to PRO,Cloud With VarJosh,https://www.youtube.com/watch?v=DJAy5vdvPIQ,404,,English,,
yt_html_354,Full Stack Development,Responsive Design,,Beginner,The Easy Way to Build Responsive Websites,Sajid,https://www.youtube.com/watch?v=l04dDYW-QaI,18,,English,,
yt_html_355,Full Stack Development,Responsive Design,,Beginner,Responsive Web Design Tutorial For Beginners With Examples,Flux Academy,https://www.youtube.com/watch?v=6Yh8y0pVfQc,22,,English,,
yt_html_356,Full Stack Development,Responsive Design,,Beginner,🌐 Responsive Web Development: Building Websites for All Devices! 📱💻🖥️,Sheryians Coding School,https://www.youtube.com/watch?v=HG10yrq1pbk,83,,English,,
yt_html_357,Full Stack Development,Responsive Design,,Beginner,"Build a Responsive Website | HTML, CSS Grid, Flexbox & More",Traversy Media,https://www.youtube.com/watch?v=p0bGHP-PXD4,122,,English,,
yt_html_358,Full Stack Development,Responsive Design,,Beginner,Responsive Web Design | CSS3 Tutorial For Beginners | Part 38,Ali Hossain,https://www.youtube.com/watch?v=xjSn7HXuNXA,30,,English,,
yt_html_359,Full Stack Development,Responsive Design,,Beginner,Responsive Web Design | What is Responsive Web Design | HTML & CSS Tutorial | Intellipaat,Intellipaat,https://www.youtube.com/watch?v=XUa27qUwWIY,27,,English,,
yt_html_360,Full Stack Development,Responsive Design,,Beginner,Responsive layout in html and css || how to create responsive website using html and css #css #html,Bachelor's IT field ,https://www.youtube.com/watch?v=IxgJYej4WtM,0,,English,,
yt_html_361,Full Stack Development,Responsive Design,,Beginner,A practical guide to responsive web design,Kevin Powell,https://www.youtube.com/watch?v=x4u1yp3Msao,23,,English,,
yt_html_362,Full Stack Development,Responsive Design,,Beginner,Responsive Web Design | 10 Basics,Jesse Showalter,https://www.youtube.com/watch?v=zF6VSky4SIc,7,,English,,
yt_html_363,Full Stack Development,Responsive Design,,Beginner,Become a CSS Media Queries & Responsive Design Pro! Learn EVERYTHING You Need to Know In Detail 🔍,Future Fullstack,https://www.youtube.com/watch?v=webzXg0q_x4,76,,English,,
yt_html_364,Full Stack Development,Responsive Design,,Beginner,"Figma RESPONSIVE DESIGN using Variables, Layout grids and Auto Layout | Figma 2024",TD Sunshine,https://www.youtube.com/watch?v=d0uFJA5OjBo,20,,English,,
yt_html_365,Full Stack Development,Responsive Design,,Beginner,Responsive Design in Figma: Crash Course 2023,Tim Gabe,https://www.youtube.com/watch?v=tJCv91c6Krk,21,,English,,
yt_html_366,Full Stack Development,Responsive Design,,Beginner,Responsive CSS grid - Flexbox using HTML & CSS 👨🏼‍💻🤩 | Your Code School #javascript #yourcodeschool,Your Code School,https://www.youtube.com/watch?v=1YNsYzegaZo,0,,English,,
yt_html_367,Full Stack Development,Responsive Design,,Beginner,Introduction To Responsive Web Design - HTML & CSS Tutorial,freeCodeCamp.org,https://www.youtube.com/watch?v=srvUrASNj0s,251,,English,,
yt_html_368,Full Stack Development,Responsive Design,,Beginner,Responsive Website Design Explained With Practical Example - Hindi,Code Easy Academy,https://www.youtube.com/watch?v=1DYIm6GTlcc,13,,English,,
yt_html_369,Full Stack Development,Responsive Design,,Beginner,Responsive web design | HTML | Lec-11 | Bhanu Priya,Education 4u,https://www.youtube.com/watch?v=vAH61ME5Wrs,5,,English,,
yt_html_370,Full Stack Development,Responsive Design,,Beginner,What is Responsiveness? CSS | Web Development Course | Lecture 7,Apna College,https://www.youtube.com/watch?v=p870o46o1bM,15,,English,,
yt_html_371,Full Stack Development,Responsive Design,,Beginner,Critical Responsive Layout Tips,Arnau Ros,https://www.youtube.com/watch?v=3vAjea-lNiw,0,,English,,
yt_html_372,Full Stack Development,Responsive Design,,Beginner,Creating Fully Responsive Website Project Using HTML & CSS  in Hindi | Web Development Tutorials #39,CodeWithHarry,https://www.youtube.com/watch?v=8KVrdL0VcAk,104,,English,,
yt_html_373,Full Stack Development,Responsive Design,,Beginner,Responsive Web Development Complete Course for Beginners | Tutorial + Full Project,Sheryians Coding School,https://www.youtube.com/watch?v=J_r6hBo9lO4,202,,English,,
yt_html_374,Full Stack Development,Responsive Design,,Beginner,Figma Plugin For Responsive designs,Flux Academy,https://www.youtube.com/watch?v=n8Gn6U2ELQo,0,,English,,
yt_html_375,Full Stack Development,Responsive Design,,Beginner,Responsive Design: It Just Works – with Wix Studio,Creative Crew with Brad Hussey,https://www.youtube.com/watch?v=Vpg4bGqH0pc,1,,English,,
yt_html_376,Full Stack Development,Responsive Design,,Beginner,responsive design figma full webpage with only autolayout by graphics guruji,Skillsterr - formerly Graphics Guruji,https://www.youtube.com/watch?v=5WAXWoX7tp8,33,,English,,
yt_html_377,Full Stack Development,Responsive Design,,Beginner,Responsive Design Beginner's Tutorial for Figma,The Cutting Edge School,https://www.youtube.com/watch?v=Lp2cgMZaXKU,19,,English,,
yt_html_378,Full Stack Development,Responsive Design,,Beginner,Creating responsive designs in figma,Creative Web Elements,https://www.youtube.com/watch?v=0Xz7M4yrNMA,0,,English,,
yt_html_379,Full Stack Development,Responsive Design,,Beginner,CSS Media Queries | Sigma Web Development Course - Tutorial #31,CodeWithHarry,https://www.youtube.com/watch?v=eHye3PxH4jU,12,,English,,
yt_html_380,Full Stack Development,Responsive Design,,Beginner,Learn How to Design Responsive website | Step-by-Step Guide | Tamil | Abishek | #responsivewebsite,the design show,https://www.youtube.com/watch?v=JFqGaT1JlWI,22,,English,,
yt_html_381,Full Stack Development,Responsive Design,,Beginner,How to make your website responsive,Coder Coder,https://www.youtube.com/watch?v=vQDgoQKfdzM,39,,English,,
yt_html_382,Full Stack Development,Responsive Design,,Beginner,Responsive Design in Figma: Master Auto Layout!,AnjiUx,https://www.youtube.com/watch?v=6nlO05bMuPY,6,,English,,
yt_html_383,Full Stack Development,Responsive Design,,Beginner,Responsive Auto Layout Figma Shortcut - #autolayout #figmatutorial #responsivewebdesign #webdesign,Phoenix Designs Studio ,https://www.youtube.com/watch?v=9sgs4nL0rFo,0,,English,,
yt_html_384,Full Stack Development,Responsive Design,,Beginner,Make Your Web Design Responsive in Just 10 Minutes | Figma Tutorial,Ali Hassan,https://www.youtube.com/watch?v=ujfzckRKCgE,9,,English,,
yt_html_385,Full Stack Development,Responsive Design,,Beginner,Create Responsive Website Designs | Figma Tutorial,UI Adrian,https://www.youtube.com/watch?v=fghWUZfkyew,14,,English,,
yt_html_386,Full Stack Development,Responsive Design,,Beginner,Master Responsive CSS Media Queries in easy way,Nova Designs,https://www.youtube.com/watch?v=n9yI6fjkrfE,4,,English,,
yt_html_387,Full Stack Development,Responsive Design,,Beginner,CSS Media Queries Explained in Tamil | Responsive Web Development Tutorial,Error Makes Clever,https://www.youtube.com/watch?v=YJsqKbqgpEY,24,,English,,
yt_html_388,Full Stack Development,Responsive Design,,Beginner,Learn CSS Media Query In 7 Minutes,Web Dev Simplified,https://www.youtube.com/watch?v=yU7jJ3NbPdA,7,,English,,
yt_html_389,Full Stack Development,Responsive Design,,Beginner,Complete Responsive Website Using HTML CSS | Responsive web design tutorial,Gowtham Tirri,https://www.youtube.com/watch?v=ZdJSHEczi_0,38,,English,,
yt_html_390,Full Stack Development,Responsive Design,,Beginner,Make Your Web Design Responsive in 10 Minutes | Figma Tutorial,DesignWithArash,https://www.youtube.com/watch?v=gwiX0oASlEw,11,,English,,
yt_html_391,Full Stack Development,Responsive Design,,Beginner,24 | MAKE A WEBSITE RESPONSIVE FOR ALL DEVICES | 2023 | Learn HTML and CSS Full Course for Beginners,Dani Krossing,https://www.youtube.com/watch?v=UUjNEMXZA-k,20,,English,,
yt_html_392,Full Stack Development,Responsive Design,,Beginner,Completely Responsive Website using HTML + CSS Only in One Video 🔥,Coding Shuttle by Anuj Bhaiya,https://www.youtube.com/watch?v=dCz9OdZWtIQ,43,,English,,
yt_html_393,Full Stack Development,Responsive Design,,Beginner,Framer for Beginners: The #1 Secret to a Responsive Site (2026),Framer University,https://www.youtube.com/watch?v=6pXsdCxy2Oo,33,,English,,
yt_html_394,Full Stack Development,Responsive Design,,Beginner,17: How to Make a Website Responsive | Learn HTML and CSS | Full Course For Beginners,Dani Krossing,https://www.youtube.com/watch?v=ZYV6dYtz4HA,21,,English,,
yt_html_395,Full Stack Development,Responsive Design,,Beginner,Master Media Queries And Responsive CSS Web Design Like a Chameleon!,Slaying The Dragon,https://www.youtube.com/watch?v=K24lUqcT0Ms,10,,English,,
yt_html_396,Full Stack Development,Responsive Design,,Beginner,Web Design in Figma,UIX Design Academy,https://www.youtube.com/watch?v=B_2SKNhEn5I,0,,English,,
yt_html_397,Full Stack Development,Responsive Design,,Beginner,"Build a Stunning Landing Page with HTML, CSS & JavaScript",Code with Me ,https://www.youtube.com/watch?v=rQuPnFQRib4,0,,English,,
yt_html_398,Full Stack Development,Responsive Design,,Beginner,Master Responsive Web Design with Elementor: Essential Steps for a Seamless Experience,Elementor,https://www.youtube.com/watch?v=tptSEDkaw_c,8,,English,,
yt_html_399,Full Stack Development,Responsive Design,,Beginner,Responsive vs. Adaptive vs. Fluid Design: What's the Difference?,Kerev Design,https://www.youtube.com/watch?v=Mco_Qfs1BgU,4,,English,,
yt_html_400,Full Stack Development,Responsive Design,,Beginner,Figma Responsive Design: How Enterprise Teams Actually Do It,UI Collective,https://www.youtube.com/watch?v=NzFXc6PULh8,50,,English,,
yt_html_401,Full Stack Development,Responsive Design,,Intermediate,The BEST Way to Create Responsive Design with Tailwind CSS (2025),Lukas | Web Development & Design,https://www.youtube.com/watch?v=PuovsjZN11Y,17,,English,,
yt_html_402,Full Stack Development,Responsive Design,,Intermediate,"Tutorials are a great way of learning Figma, so here we are.🚀",Creative Tim Tutorials,https://www.youtube.com/watch?v=RSqdlMgjYE4,0,,English,,
yt_html_403,Full Stack Development,Responsive Design,,Intermediate,Responsive Personal Portfolio Website With Dark Light Mode,How To Dev,https://www.youtube.com/watch?v=BTKDJ7Ad7Qo,0,,English,,
yt_html_404,Full Stack Development,Responsive Design,,Intermediate,Responsive Website Design in Figma | Figma Tutorial in Hindi | Auto-Layout in Figma,Theuichamp,https://www.youtube.com/watch?v=naIWSdwgx8E,15,,English,,
yt_html_405,Full Stack Development,Responsive Design,,Intermediate,"Figma lesson 2 - Intermediate Figma (Grids, Auto Layout, Accessibility, and Responsive Components)",uxtoast,https://www.youtube.com/watch?v=8EzsE0x7XGQ,24,,English,,
yt_html_406,Full Stack Development,Responsive Design,,Intermediate,Top 10 Advanced CSS Responsive Design Concepts You Should Know,Web Dev Simplified,https://www.youtube.com/watch?v=TUD1AWZVgQ8,20,,English,,
yt_html_407,Full Stack Development,Responsive Design,,Intermediate,Bootstrap 5 Tutorial for Beginners to Advanced | Learn Responsive Web Design in Tamil,JVL code,https://www.youtube.com/watch?v=AS5NRIo_Vyo,98,,English,,
yt_html_408,Full Stack Development,Responsive Design,,Intermediate,Responsive Website Design In Figma | Figma Tutorial 2026,TheFigmaGirl,https://www.youtube.com/watch?v=zmmL-htjj2I,5,,English,,
yt_html_409,Full Stack Development,Responsive Design,,Intermediate,Create a Responsive CSS Image Grid with Smooth Transforms & Hover Animations 2025 Tutorial #css,MzCode,https://www.youtube.com/watch?v=2GZVaB9Id8A,0,,English,,
yt_html_410,Full Stack Development,Responsive Design,,Intermediate,🌐 Fully Responsive Navbar Using HTML & CSS – Must Try! #webdevelopment #coding #navbar #css #shorts,CodeByGaurav,https://www.youtube.com/watch?v=Wv1NFANrBYw,0,,English,,
yt_html_411,Full Stack Development,Responsive Design,,Intermediate,Responsive Screen Size Breakpoints  | Mastering CSS Media Queries for Responsive Web Design | CSS,R.W.Acrown,https://www.youtube.com/watch?v=zlYFDAqAokw,0,,English,,
yt_html_412,Full Stack Development,Responsive Design,,Intermediate,Spaceedu  about earth website design  UI/UX Design Animation Examples For Inspiration,TAKE YOUR LAPTOPS,https://www.youtube.com/watch?v=_-Eo8G3CYWc,0,,English,,
yt_html_413,Full Stack Development,Responsive Design,,Intermediate,"Responsive Design, Auto Layout & More",UI UX Telugu,https://www.youtube.com/watch?v=FAy1Abhw3Kg,30,,English,,
yt_html_414,Full Stack Development,Responsive Design,,Intermediate,"🚀 Portfolio Website | Responsive HTML, CSS & JS | MZCode01 #website #coding #shorts #css #html #js",MzCode,https://www.youtube.com/watch?v=sR-3QKoKs2k,0,,English,,
yt_html_415,Full Stack Development,Responsive Design,,Intermediate,How to use Figma Auto Layout wrap tutorial 2023 #figma #figmatips #figmatutorial #figmadesign #ui,Jonathan Waterworth,https://www.youtube.com/watch?v=cRE1hUHauIc,1,,English,,
yt_html_416,Full Stack Development,Responsive Design,,Advanced,🖥📱RESPONSIVE DESIGN • Flutter Tutorial,Mitch Koko,https://www.youtube.com/watch?v=MrPJBAOzKTQ,8,,English,,
yt_html_417,Full Stack Development,Responsive Design,,Advanced,Fully responsive website design in figma ( From beginner to advanced ),Agatha Richards,https://www.youtube.com/watch?v=EwkAw4q2jr0,10,,English,,
yt_html_418,Full Stack Development,Responsive Design,,Advanced,How To Make Website Using HTML & CSS | Full Responsive Multi Page Website Design Step by Step,GreatStack,https://www.youtube.com/watch?v=oYRda7UtuhA,72,,English,,
yt_html_419,Full Stack Development,Responsive Design,,Advanced,Figma Tutorial: Setup a Responsive Grid Layout for UI & Web Design (IN 11 MINUTES),Mizko,https://www.youtube.com/watch?v=_w-iYiEXrl0,11,,English,,
yt_html_420,Full Stack Development,Responsive Design,,Advanced,☕ Create A Responsive Coffee Website in HTML CSS & JavaScript | Step-By-Step Tutorial,CodingNepal,https://www.youtube.com/watch?v=MYFgtnKMDp4,74,,English,,
yt_html_421,Full Stack Development,Responsive Design,,Advanced,Responsive Website Design Tutorial 2026,Adrian Twarog,https://www.youtube.com/watch?v=ITwD8Iq_ahs,22,,English,,
yt_html_422,Full Stack Development,Responsive Design,,Advanced,Figma Crash Course 2025: Responsive Website Design,Flux Academy,https://www.youtube.com/watch?v=m9uXR4xt95w,104,,English,,
yt_html_423,Full Stack Development,Responsive Design,,Advanced,Final Lesson: Responsive Web Design in Telugu | Complete HTML & CSS Course in Telugu,College Coders,https://www.youtube.com/watch?v=Xak1TnZIaNI,23,,English,,
yt_html_424,Full Stack Development,Responsive Design,,Advanced,Responsive Design In Figma | Figma Tutorial 2026 | Responsive Design Using   Figma | Simplilearn,Simplilearn,https://www.youtube.com/watch?v=Hb4htjUajkU,19,,English,,
yt_html_425,Full Stack Development,Responsive Design,,Advanced,Must Have Tailwind Plugin For Responsive Design,Web Dev Simplified,https://www.youtube.com/watch?v=PHXdLe2f9rs,1,,English,,
yt_html_426,Full Stack Development,Responsive Design,,Advanced,"Make Your Website Responsive | Media Queries, Overflow, Box Shadows explain | CSS Full course #06",Coder Army,https://www.youtube.com/watch?v=Xv-gTGw4i_Y,58,,English,,
yt_html_427,Full Stack Development,Responsive Design,,Advanced,Learn Web Design For Beginners - Full Course,Flux Academy,https://www.youtube.com/watch?v=j6Ule7GXaRs,188,,English,,
yt_html_428,Full Stack Development,Responsive Design,,Advanced,Responsive Web Design in 12mins | Figma Tutorial,Thefemijohn,https://www.youtube.com/watch?v=g9S2YLfH1K4,14,,English,,
yt_html_429,Full Stack Development,Responsive Design,,Advanced,Complete Responsive Website Using HTML CSS | Responsive web design tutorial,Gowtham Tirri,https://www.youtube.com/watch?v=5NEUGWSD-BE,48,,English,,
yt_html_430,Full Stack Development,Responsive Design,,Advanced,Master Responsive Power Apps Design in just 1 hour | Complete Beginner Tutorial,Tolu Victor,https://www.youtube.com/watch?v=Hq_SREIPK7M,65,,English,,
yt_html_431,Full Stack Development,Responsive Design,,Advanced,"Create a Responsive Website Using HTML, CSS & JavaScript in Hindi",CodeWithHarry,https://www.youtube.com/watch?v=GeykycZ4Ixs,138,,English,,
yt_html_432,Full Stack Development,React,,Beginner,Learn React JS - Full Course for Beginners - Tutorial 2019,freeCodeCamp.org,https://www.youtube.com/watch?v=DLX62G4lc44,306,,English,,
yt_html_433,Full Stack Development,React,,Beginner,Learn React JS - Full Beginner’s Tutorial & Practice Projects,freeCodeCamp.org,https://www.youtube.com/watch?v=x4rFhThSX04,941,,English,,
yt_html_434,Full Stack Development,React,,Beginner,React Explained in 8 Minutes,Coding2GO,https://www.youtube.com/watch?v=V1PxgjIhTw0,8,,English,,
yt_html_435,Full Stack Development,React,,Beginner,React 19 Crash Course for Beginners 2026 (Learn in 90 Minutes),Code with Ahsan,https://www.youtube.com/watch?v=tqjJrXd27m4,146,,English,,
yt_html_436,Full Stack Development,React,,Beginner,What Is React JS? Explained In Tamil | Learn in Just 8 Minutes,Brototype Tamil,https://www.youtube.com/watch?v=YZPvkKUD5m0,8,,English,,
yt_html_437,Full Stack Development,React,,Beginner,React JS Explained In 10 Minutes,Dennis Ivy,https://www.youtube.com/watch?v=s2skans2dP4,10,,English,,
yt_html_438,Full Stack Development,React,,Beginner,ReactJS Tutorial for Beginners | Learn React in 2.5 Hours | Part 1,Apna College,https://www.youtube.com/watch?v=gY5sGvq-8h8,146,,English,,
yt_html_439,Full Stack Development,React,,Beginner,React JS Tutorial For Beginners 2025,LearnWebCode,https://www.youtube.com/watch?v=OA5JAmTcTz4,21,,English,,
yt_html_440,Full Stack Development,React,,Beginner,🔥 🔥 Complete React Js with Project tutorial in hindi 🔥 🔥 + Backend Spring boot,Learn Code With Durgesh,https://www.youtube.com/watch?v=TjnWtDWFZFc,195,,English,,
yt_html_441,Full Stack Development,React,,Beginner,React JS Full Course in Kannada 2025 | React JS Tutorial | MicroDegree,MicroDegree ಕನ್ನಡ,https://www.youtube.com/watch?v=-tzG0bjZV7A,279,,English,,
yt_html_442,Full Stack Development,React,,Beginner,"React Tutorial Full Course - Beginner to Pro (React 19, 2025)",SuperSimpleDev,https://www.youtube.com/watch?v=TtPXvEcE11E,692,,English,,
yt_html_443,Full Stack Development,React,,Beginner,React JS 19 Full Course 2025 | Build an App and Master React in 2 Hours,JavaScript Mastery,https://www.youtube.com/watch?v=dCLhUialKPQ,127,,English,,
yt_html_444,Full Stack Development,React,,Beginner,React Hooks in ONE Shot 2025 [ EASIEST Explanation ] | React JS Tutorial,Code Bless You,https://www.youtube.com/watch?v=HnXPKtro4SM,59,,English,,
yt_html_445,Full Stack Development,React,,Beginner,Learn React With This One Project,Web Dev Simplified,https://www.youtube.com/watch?v=9aTRnV6g0eQ,105,,English,,
yt_html_446,Full Stack Development,React,,Beginner,ReactJs Crash Course: Master the Basics in One Video! Ignite Your Front-End Mastery Series!,Sheryians Coding School,https://www.youtube.com/watch?v=Xe8CkYZvCig,81,,English,,
yt_html_447,Full Stack Development,React,,Beginner,React Course - Beginner's Tutorial for React JavaScript Library [2022],freeCodeCamp.org,https://www.youtube.com/watch?v=bMknfKXIFA8,715,,English,,
yt_html_448,Full Stack Development,React,,Beginner,Learn React With This ONE Project,Tech With Tim,https://www.youtube.com/watch?v=G6D9cBaLViA,100,,English,,
yt_html_449,Full Stack Development,React,,Beginner,7 React Lessons I Wish I Knew Earlier,Code Bootcamp,https://www.youtube.com/watch?v=4AXQgOcL1mo,8,,English,,
yt_html_450,Full Stack Development,React,,Beginner,React Crash Course,Traversy Media,https://www.youtube.com/watch?v=LDB4uaJ87e0,185,,English,,
yt_html_451,Full Stack Development,React,,Beginner,React Tutorial For Beginners,LearnWebCode,https://www.youtube.com/watch?v=xxRAA0v2lvM,134,,English,,
yt_html_452,Full Stack Development,React,,Beginner,Complete React course with projects | part 1,Chai aur Code,https://www.youtube.com/watch?v=FxgM9k1rg0Q,512,,English,,
yt_html_453,Full Stack Development,React,,Beginner,React Tutorials in Telugu | React JS Beginner Course,Telugu WebTech,https://www.youtube.com/watch?v=JvENsHqWXfw,298,,English,,
yt_html_454,Full Stack Development,React,,Beginner,React full course in telugu in 45 minutes | Complete React.js course | Vamsi Bhavani,Vamsi Bhavani,https://www.youtube.com/watch?v=6DP7cMN99zQ,46,,English,,
yt_html_455,Full Stack Development,React,,Beginner,React in 100 Seconds,Fireship,https://www.youtube.com/watch?v=Tn6-PIqc4UM,2,,English,,
yt_html_456,Full Stack Development,React,,Beginner,React.js Complete Tutorial for Beginners in Hindi | 5 Projects + Free Notes,Thapa Technical,https://www.youtube.com/watch?v=EHTWMpD6S_0,227,,English,,
yt_html_457,Full Stack Development,React,,Beginner,React Tutorial for Beginners,Programming with Mosh,https://www.youtube.com/watch?v=SqcY0GlETPk,80,,English,,
yt_html_458,Full Stack Development,React,,Beginner,React Tutorial in Hindi 🔥🔥,CodeWithHarry,https://www.youtube.com/watch?v=RGKi6LSPDLU,133,,English,,
yt_html_459,Full Stack Development,React,,Beginner,React JS Course in Tamil | Full Video,JVL code,https://www.youtube.com/watch?v=EVdh8DCLnA0,263,,English,,
yt_html_460,Full Stack Development,React,,Beginner,React JS Full Course with Project: Beginner to PRO Tutorial in 9 HOURS,WsCube Tech,https://www.youtube.com/watch?v=ZaC6oCIpjR0,584,,English,,
yt_html_461,Full Stack Development,React,,Beginner,React JS Tutorial For Beginners With React JS Project Step By Step Tutorial 2024,GreatStack,https://www.youtube.com/watch?v=gbAdFfSdtQ4,65,,English,,
yt_html_462,Full Stack Development,React,,Beginner,React Tutorial 2026 | Complete React Course for Beginners,Codynn,https://www.youtube.com/watch?v=SoVF8hTzHb8,291,,English,,
yt_html_463,Full Stack Development,React,,Beginner,React സിംപിൾ ആയി മലയാളത്തിൽ പഠിക്കാം | React JS Full Course in Malayalam,codeSchool Malayalam,https://www.youtube.com/watch?v=0UxJ3Uc-Dd0,145,,English,,
yt_html_464,Full Stack Development,React,,Beginner,React Full Course for free ⚛️,Bro Code,https://www.youtube.com/watch?v=CgkZ7MvWUAA,283,,English,,
yt_html_465,Full Stack Development,React,,Beginner,React tutorial for beginners ⚛️,Bro Code,https://www.youtube.com/watch?v=hn80mWvP-9g,20,,English,,
yt_html_466,Full Stack Development,React,,Beginner,React Tutorial For Beginners: React Crash Course (2026),Iman Musa,https://www.youtube.com/watch?v=pBFWFswUK2c,184,,English,,
yt_html_467,Full Stack Development,React,,Beginner,"React JS Tutorial for Beginners (2025) 🔥📝 | Learn Components, JSX, Props, Vite & Virtual DOM Quick",Tech Jashwanth,https://www.youtube.com/watch?v=zUx56TYIE24,55,,English,,
yt_html_468,Full Stack Development,React,,Beginner,Do You Know Enough JavaScript To Learn React,Web Dev Simplified,https://www.youtube.com/watch?v=JR9wsVYp8RQ,6,,English,,
yt_html_469,Full Stack Development,React,,Beginner,React JS vs Vite JS Explained for Beginners | 2025 Web Development Guide #shorts #reactjs,Error Makes Clever,https://www.youtube.com/watch?v=FHEtul0l9og,1,,English,,
yt_html_470,Full Stack Development,React,,Beginner,How to learn ReactJS in 30 Days 👩‍💻 #technology #programming #software #react #career,Coding with Lewis,https://www.youtube.com/watch?v=m1_ppy3HOEU,1,,English,,
yt_html_471,Full Stack Development,React,,Beginner,ReactJS Introduction Tutorial in Hindi / Urdu,YOOBABA,https://www.youtube.com/watch?v=d4LvlpMhKgk,26,,English,,
yt_html_472,Full Stack Development,React,,Beginner,When a Javascript developer discovers React for the first time...,Clever Programmer,https://www.youtube.com/watch?v=rVDBxCgU5oA,0,,English,,
yt_html_473,Full Stack Development,React,,Beginner,React JS Full Course - Learn Everything | Web Development | #reactjs ,Learn Coding,https://www.youtube.com/watch?v=f0zxJz5oR6U,220,,English,,
yt_html_474,Full Stack Development,React,,Beginner,Every React Concept Explained in 12 Minutes,Code Bootcamp,https://www.youtube.com/watch?v=wIyHSOugGGw,12,,English,,
yt_html_475,Full Stack Development,React,,Beginner,React Native Tutorial for Beginners - Build a React Native App,Programming with Mosh,https://www.youtube.com/watch?v=0-S5a0eXPoc,127,,English,,
yt_html_476,Full Stack Development,React,,Beginner,React JS - React Tutorial for Beginners,Programming with Mosh,https://www.youtube.com/watch?v=Ke90Tje7VS0,145,,English,,
yt_html_477,Full Stack Development,React,,Beginner,Episode 1 | Building a Simple Login Screen in React Native,WithFrame,https://www.youtube.com/watch?v=ML0DuF9Qgis,0,,English,,
yt_html_478,Full Stack Development,React,,Beginner,ReactJS Full Course | ReactJS - Learn Everything | Sheryians Coding School,Sheryians Coding School,https://www.youtube.com/watch?v=3LRZRSIh_KE,676,,English,,
yt_html_479,Full Stack Development,React,,Beginner,ReactJS Full Course | What is ReactJS | React JS Tutorial for Beginners | ReactJS Full Course #1,Coder Army,https://www.youtube.com/watch?v=TkHH-IHsEKQ,68,,English,,
yt_html_480,Full Stack Development,React,,Intermediate,Advanced React Query Pattern,Cosden Solutions,https://www.youtube.com/watch?v=RR6R1NVkm5k,1,,English,,
yt_html_481,Full Stack Development,React,,Intermediate,React for Beginners Full Course with Projects - Instagram Clone | 11 Hours | code io - Tamil,code io - Tamil,https://www.youtube.com/watch?v=01bEb7R-F4s,646,,English,,
yt_html_482,Full Stack Development,React,,Intermediate,All React Hooks Explained in 2 Hours | Complete React Hooks Tutorial with Example,GreatStack,https://www.youtube.com/watch?v=6wf5dIrryoQ,138,,English,,
yt_html_483,Full Stack Development,React,,Intermediate,Top 20 React JS Interview Questions For 2025 | React Interviewer Questions & Answers | Intellipaat,Intellipaat,https://www.youtube.com/watch?v=NkWOzTEEcco,53,,English,,
yt_html_484,Full Stack Development,React,,Intermediate,Complete React JS Course | MERN Stack Development,Sheryians Coding School,https://www.youtube.com/watch?v=E6tAtRi82QY,206,,English,,
yt_html_485,Full Stack Development,React,,Intermediate,React JS 19 Full Course in Hindi | Learn React from Scratch (2025) in One Video,Code Step By Step,https://www.youtube.com/watch?v=LuNPCSNr-nE,841,,English,,
yt_html_486,Full Stack Development,React,,Intermediate,React Full Course for Beginners in Tamil | Complete Guide 2024,JVL code,https://www.youtube.com/watch?v=2sVeyo2tYbE,665,,English,,
yt_html_487,Full Stack Development,React,,Intermediate,3 Levels Of React Developers #reactjs #reactdevelopment #reactjsdeveloper #webdevelopment,Coding in Flow,https://www.youtube.com/watch?v=CXh55uorQs0,0,,English,,
yt_html_488,Full Stack Development,React,,Intermediate,REACT JS is Super Easy | Full Tutorial from Beginner to Advanced [Moye-Moye Edition],Tanish Garg,https://www.youtube.com/watch?v=M2u6AS0Mx8A,171,,English,,
yt_html_489,Full Stack Development,React,,Intermediate,🚀🔥 React & Redux Complete Course (2024) with Projects | Notes | Free Certification,Complete Coding by Prashant Sir,https://www.youtube.com/watch?v=eILUmCJhl64,1194,,English,,
yt_html_490,Full Stack Development,React,,Intermediate,React State Management – Intermediate JavaScript Course,freeCodeCamp.org,https://www.youtube.com/watch?v=-bEzt5ISACA,167,,English,,
yt_html_491,Full Stack Development,React,,Intermediate,React JS Full Course for Beginners | Complete All-in-One Tutorial | 9 Hours,Dave Gray,https://www.youtube.com/watch?v=RVFAyFWO4go,529,,English,,
yt_html_492,Full Stack Development,React,,Intermediate,ReactJS Beginner Course 2025 | Become a React Pro in 1.5 Hours,PedroTech,https://www.youtube.com/watch?v=3OqiKTyH4r0,80,,English,,
yt_html_493,Full Stack Development,React,,Intermediate,React Native in 100 Seconds,Fireship,https://www.youtube.com/watch?v=gvkqT_Uoahw,2,,English,,
yt_html_494,Full Stack Development,React,,Intermediate,React JS Complete Tutorial in Tamil | Tutor Joe's,Tutor Joe's Stanley,https://www.youtube.com/watch?v=aHE2sxPrfoc,701,,English,,
yt_html_495,Full Stack Development,React,,Intermediate,React Developer Roadmap 🚀 #react #reactjs,Technical Dadu,https://www.youtube.com/watch?v=M1ke8lPOAvM,1,,English,,
yt_html_496,Full Stack Development,React,,Intermediate,React and next js resources......#coding #programming #ezSnippet #react #javascript #roadmap,Neeraj Walia,https://www.youtube.com/watch?v=uIT1YPfVsQI,1,,English,,
yt_html_497,Full Stack Development,React,,Advanced,Stop Copying Tutorials — Build a Real React App With Me,Austin Davis,https://www.youtube.com/watch?v=M-iV9R3kLNA,361,,English,,
yt_html_498,Full Stack Development,React,,Advanced,[ GAMECHANGER 🚀 ] REACT JS BECOMES 100 TIMES EASY IF YOU FOLLOW THIS.,Sheryians Coding School,https://www.youtube.com/watch?v=EaG3Zd04W5s,22,,English,,
yt_html_499,Full Stack Development,React,,Advanced,🚀 Mastering React/Next.js in 90 Minutes! Advanced Techniques👩‍💻,Sheryians Coding School,https://www.youtube.com/watch?v=HxxN6AdEop0,96,,English,,
yt_html_500,Full Stack Development,React,,Advanced,Best YouTube channels for ReactJs #next #nextjs13 #coding #nextjs #programming  #reacjstutoria,Kasturi Vats,https://www.youtube.com/watch?v=mF_hwienZO0,1,,English,,
yt_html_501,Full Stack Development,React,,Advanced,React JS Full Course | Build an App and Master React in 1 Hour,JavaScript Mastery,https://www.youtube.com/watch?v=b9eMGE7QtTk,72,,English,,
yt_html_502,Full Stack Development,React,,Advanced,Top 12 React Interview Questions 🔥 for Freshers & Experienced  | Preparation 2025 🚀,Akshay Saini,https://www.youtube.com/watch?v=uE925hp9KDk,52,,English,,
yt_html_503,Full Stack Development,React,,Advanced,"Build a Responsive Multi-Page React 19 Website | Dynamic Routes, Search Filters, Axios API & Deploy",Thapa Technical,https://www.youtube.com/watch?v=zr7idkZiC-s,185,,English,,
yt_html_504,Full Stack Development,React,,Advanced,React JS Full Course 2026 | Complete React Tutorial for Beginners to Advanced | 11 Hours,CodingOtt,https://www.youtube.com/watch?v=guWM4Zs8QlU,671,,English,,
yt_html_505,Full Stack Development,React,,Advanced,React Performance Optimization Patterns Course,freeCodeCamp.org,https://www.youtube.com/watch?v=keTcXT145CI,96,,English,,
yt_html_506,Full Stack Development,React,,Advanced,React Js Tutorial for beginners in Tamil 2025 | Basic to Advanced concepts | In தமிழ்,UNIQ Technologies,https://www.youtube.com/watch?v=_Tw87kvxOKs,775,,English,,
yt_html_507,Full Stack Development,React,,Advanced,React System Design Tutorials #1 Course Introduction | Frontend Architecture # Advanced React js,Code Step By Step,https://www.youtube.com/watch?v=HOOFQjKyQok,4,,English,,
yt_html_508,Full Stack Development,React,,Advanced,50+ HOURS REACT.JS 19 MONSTER CLASS,HuXn WebDev,https://www.youtube.com/watch?v=M9O5AjEFzKw,153,,English,,
yt_html_509,Full Stack Development,React,,Advanced,ALL React Hooks Explained in 12 Minutes,Code Bootcamp,https://www.youtube.com/watch?v=LOH1l-MP_9k,12,,English,,
yt_html_510,Full Stack Development,React,,Advanced,[ Live ] React JS Interview 🤯 | Frontend UI Questions 🤒,Akshay Saini,https://www.youtube.com/watch?v=U9sDK8zTJ8Y,73,,English,,
yt_html_511,Full Stack Development,React,,Advanced,React JS Full Course 2026 | Advanced Concepts for Beginners,WsCube AI & Tech School,https://www.youtube.com/watch?v=lzF9GxGn7Bs,279,,English,,
yt_html_512,Full Stack Development,React,,Advanced,Top 10 React Interview Questions and Answers 2025🔹 ReactJS Interview Questions for Experienced Devs,Shubham Kulkarni | Coding and Interviews,https://www.youtube.com/watch?v=dAHTXKDsrZ8,20,,English,,
yt_html_513,Full Stack Development,React,,Advanced,React JS in Telugu – Zero to Hero! (Full Course for Beginners) 🌟|| React JS In Telugu Suresh Techs,Suresh techs,https://www.youtube.com/watch?v=o87aTPuJf9o,647,,English,,
yt_html_514,Full Stack Development,React,,Advanced,All React Hooks Explained - React Hooks Tutorial 2025,PedroTech,https://www.youtube.com/watch?v=xfKYYRE6-TQ,89,,English,,
yt_html_515,Full Stack Development,React,,Advanced,React JS Full Course in Telugu | 15 Hours Complete Beginner to Advanced Course 🔥,College Coders,https://www.youtube.com/watch?v=1UdRDCIvdNk,856,,English,,
yt_html_516,Full Stack Development,React,,Advanced,React Hooks Full Course in Hindi (2025) 🔥  | Complete Guide with Notes & Real-World Examples,Web Dev Mastery,https://www.youtube.com/watch?v=KUyxBsop5Tc,160,,English,,
yt_html_517,Full Stack Development,React,,Advanced,"10 React Antipatterns to Avoid - Code This, Not That!",Fireship,https://www.youtube.com/watch?v=b0IZo2Aho9Y,9,,English,,
yt_html_518,Full Stack Development,Node.js,,Beginner,Node JS Tutorial for Beginners #1 - Introduction,Net Ninja,https://www.youtube.com/watch?v=w-7RQ46RgxU,5,,English,,
yt_html_519,Full Stack Development,Node.js,,Beginner,Create server in node js & callback function javascript | node js tutorial for beginners,Hello World,https://www.youtube.com/watch?v=bflieVmJQeg,48,,English,,
yt_html_520,Full Stack Development,Node.js,,Beginner,"Learn Node JS in 40 Minutes (Crash Course) - Express, CRUD APIs, etc",RoadsideCoder,https://www.youtube.com/watch?v=bqy1Sa6Ha7o,43,,English,,
yt_html_521,Full Stack Development,Node.js,,Beginner,Node js complete tutorial in Hindi -  Full Node course in one video,Code Step By Step,https://www.youtube.com/watch?v=VrQgmNY96wo,538,,English,,
yt_html_522,Full Stack Development,Node.js,,Beginner,Node JS tutorial in Hindi #1 Introduction | what is Node.JS,Code Step By Step,https://www.youtube.com/watch?v=_P4hnzTnK64,7,,English,,
yt_html_523,Full Stack Development,Node.js,,Beginner,Node.js Full Course for Beginners | Complete All-in-One Tutorial | 7 Hours,Dave Gray,https://www.youtube.com/watch?v=f2EqECiTBL8,411,,English,,
yt_html_524,Full Stack Development,Node.js,,Beginner,Node JS Tutorial For Beginners 2025 | Node JS Backend Tutorials Step by Step With Example,GreatStack,https://www.youtube.com/watch?v=yGl3f0xTl_0,155,,English,,
yt_html_525,Full Stack Development,Node.js,,Beginner,RESTful APIs in 100 Seconds // Build an API from Scratch with Node.js Express,Fireship,https://www.youtube.com/watch?v=-MTSQjw5DrM,11,,English,,
yt_html_526,Full Stack Development,Node.js,,Beginner,Node.js Tutorial for Beginners | CRASH COURSE,Envato Tuts+,https://www.youtube.com/watch?v=gyQyk80_upM,333,,English,,
yt_html_527,Full Stack Development,Node.js,,Beginner,Learn Node.js in 30 Seconds #shorts #nodejs,TutorialsPoint,https://www.youtube.com/watch?v=cz_Wlgz3QGY,0,,English,,
yt_html_528,Full Stack Development,Node.js,,Beginner,Node JS in Telugu | Node.js Tutorial for Beginners in Telugu,Telugu Skillhub,https://www.youtube.com/watch?v=MY2Vxtfn5Tw,48,,English,,
yt_html_529,Full Stack Development,Node.js,,Beginner,NodeJS Full Course in Hindi | Projects + Interview Preparation | 2026,Mohit Decodes,https://www.youtube.com/watch?v=pdk60AyhMNM,958,,English,,
yt_html_530,Full Stack Development,Node.js,,Beginner,Node.js Full Course in Hindi 2025 | Learn Node.js with Projects | Complete Backend Tutorial,Code Step By Step,https://www.youtube.com/watch?v=Eafgk0GbEUg,669,,English,,
yt_html_531,Full Stack Development,Node.js,,Beginner,Node.js and Express.js - Complete Course for Beginners | Learn Node.js in 6 Hours,Dipesh Malvia,https://www.youtube.com/watch?v=ekRpc5YgVZU,361,,English,,
yt_html_532,Full Stack Development,Node.js,,Beginner,Learn Node JS & Express with a Real Project in Telugu | Full Course in 2 Hours! 🔥,Tech Jashwanth,https://www.youtube.com/watch?v=RpCliBS_xA4,100,,English,,
yt_html_533,Full Stack Development,Node.js,,Beginner,Node JS Tutorial for Beginners in 2026 | Build APIs & Backend Applications,HeroDev,https://www.youtube.com/watch?v=BuGUn4J3Jvw,144,,English,,
yt_html_534,Full Stack Development,Node.js,,Beginner,"Backend Complete Course | NodeJS, ExpressJS, JWT, PostgreSQL, Prisma...",PedroTech,https://www.youtube.com/watch?v=g09PoiCob4Y,183,,English,,
yt_html_535,Full Stack Development,Node.js,,Beginner,Node.js Tutorial for Beginners in Hindi #1: Introduction to Node JS,Thapa Technical,https://www.youtube.com/watch?v=CKgDta5ACWA,14,,English,,
yt_html_536,Full Stack Development,Node.js,,Beginner,Node.js Crash Course for Beginners Tutorial - Learn Node Basics in 30 Minutes!,codeSTACKr,https://www.youtube.com/watch?v=2LUdnb-mls0,34,,English,,
yt_html_537,Full Stack Development,Node.js,,Beginner,Express js tutorial for beginners | REST api node js express | node js tutorial in hindi,Hello World,https://www.youtube.com/watch?v=qthiEMUDCkU,34,,English,,
yt_html_538,Full Stack Development,Node.js,,Beginner,Introduction to Node JS | Node.js Tutorials for Beginners,Dave Gray,https://www.youtube.com/watch?v=JZXQ455OT3A,17,,English,,
yt_html_539,Full Stack Development,Node.js,,Beginner,Node JS Beginner Course in Telugu || Learn Node JS in 5 hours,Telugu WebTech,https://www.youtube.com/watch?v=IAMgPmAUSUg,304,,English,,
yt_html_540,Full Stack Development,Node.js,,Beginner,Node.js Tutorial - 1 - Introduction,Codevolution,https://www.youtube.com/watch?v=LAUi8pPlcUM,7,,English,,
yt_html_541,Full Stack Development,Node.js,,Beginner,Node JS Tutorial | Crash Course,Telusko,https://www.youtube.com/watch?v=vJEO57B05Sg,88,,English,,
yt_html_542,Full Stack Development,Node.js,,Beginner,Node Js Tutorial for beginners in Tamil 2025 | Full Course for Beginners | 3 HRS | @Balachandra_in,Balachandra,https://www.youtube.com/watch?v=SdyzXQoQO18,179,,English,,
yt_html_543,Full Stack Development,Node.js,,Beginner,"Backend, Node.js & npm | Sigma Web Development Course - Tutorial #85",CodeWithHarry,https://www.youtube.com/watch?v=NoWRBo3Uf8E,17,,English,,
yt_html_544,Full Stack Development,Node.js,,Beginner,🔥Node Js Tutorial in one video | Master Node JS in one video in Hindi,Learn Code With Durgesh,https://www.youtube.com/watch?v=o3sAZFveLW4,103,,English,,
yt_html_545,Full Stack Development,Node.js,,Beginner,Node.js Malayalam Tutorial,Yes Tech Media,https://www.youtube.com/watch?v=DPbQuJrKITc,84,,English,,
yt_html_546,Full Stack Development,Node.js,,Beginner,What is Node js? | Simplified Explanation,Telusko,https://www.youtube.com/watch?v=yEHCfRWz-EI,9,,English,,
yt_html_547,Full Stack Development,Node.js,,Beginner,Node.js and Express.js - Full Course,freeCodeCamp.org,https://www.youtube.com/watch?v=Oe421EPjeBE,497,,English,,
yt_html_548,Full Stack Development,Node.js,,Beginner,What is NodeJS?,Piyush Garg,https://www.youtube.com/watch?v=ohIAiuHMKMI,8,,English,,
yt_html_549,Full Stack Development,Node.js,,Beginner,Node JS Tutorial for Beginners #23 - Introduction to Express,Net Ninja,https://www.youtube.com/watch?v=9TSBKO59u0Y,8,,English,,
yt_html_550,Full Stack Development,Node.js,,Beginner,Node.js Tutorial For Absolute Beginners,Traversy Media,https://www.youtube.com/watch?v=U8XF6AFGqlc,25,,English,,
yt_html_551,Full Stack Development,Node.js,,Beginner,Learn Express JS In 35 Minutes,Web Dev Simplified,https://www.youtube.com/watch?v=SccSCuHhOw0,36,,English,,
yt_html_552,Full Stack Development,Node.js,,Beginner,What is Node.js and how it works (explained in 2 minutes),Code ON 코드온,https://www.youtube.com/watch?v=q-xS25lsN3I,2,,English,,
yt_html_553,Full Stack Development,Node.js,,Beginner,Node.js Ultimate Beginner’s Guide in 7 Easy Steps,Fireship,https://www.youtube.com/watch?v=ENrzD9HAZK4,16,,English,,
yt_html_554,Full Stack Development,Node.js,,Beginner,🚀🔥  Lecture 1: Introduction to NodeJS | NodeJS Complete Course ❤️ in Hindi | Notes | Certification,Complete Coding by Prashant Sir,https://www.youtube.com/watch?v=AZzV3wZCvI4,46,,English,,
yt_html_555,Full Stack Development,Node.js,,Beginner,Node Js Tutorial in Hindi 🔥🔥,CodeWithHarry,https://www.youtube.com/watch?v=BLl32FvcdVM,109,,English,,
yt_html_556,Full Stack Development,Node.js,,Beginner,Learn Node.js - Full Tutorial for Beginners,freeCodeCamp.org,https://www.youtube.com/watch?v=RLtyhwFtXQA,169,,English,,
yt_html_557,Full Stack Development,Node.js,,Beginner,Simple REST API with Node.js and Express - JavaScript Tutorial for Beginners,Coding Nexus,https://www.youtube.com/watch?v=Xk3HNlc5jfk,0,,English,,
yt_html_558,Full Stack Development,Node.js,,Beginner,What Is Node.js? | Introduction To Node.js | Node JS Tutorial For Beginners | Simplilearn,Simplilearn,https://www.youtube.com/watch?v=8u1o-OmOeGQ,13,,English,,
yt_html_559,Full Stack Development,Node.js,,Beginner,Node JS Crash Course 2025 - Build APIs & Servers in 3 Hours | Tamil,JVL code,https://www.youtube.com/watch?v=lBggLSG1w5g,158,,English,,
yt_html_560,Full Stack Development,Node.js,,Beginner,What is Node.js? JavaScript Back-End Tutorial,Coding2GO,https://www.youtube.com/watch?v=P-fDVxjSXEw,8,,English,,
yt_html_561,Full Stack Development,Node.js,,Beginner,NodeJS Tutorial For Beginners in Kannada,Manjunath Shenoy Kannada,https://www.youtube.com/watch?v=6-mLnQAcRTg,77,,English,,
yt_html_562,Full Stack Development,Node.js,,Beginner,Intro to Backend Web Development – Node.js & Express Tutorial for Beginners,freeCodeCamp.org,https://www.youtube.com/watch?v=KOutPbKc9UM,146,,English,,
yt_html_563,Full Stack Development,Node.js,,Beginner,Node.js Crash Course,Traversy Media,https://www.youtube.com/watch?v=32M1al-Y6Ag,127,,English,,
yt_html_564,Full Stack Development,Node.js,,Beginner,Node JS for Beginners in Tamil | Full Video,JVL code,https://www.youtube.com/watch?v=vZY5Ap5Bsp8,261,,English,,
yt_html_565,Full Stack Development,Node.js,,Beginner,Node JS Tutorial for Beginners 2026 [Learn Node JS from Scratch],Code Bless You,https://www.youtube.com/watch?v=FPJzYFgexJA,137,,English,,
yt_html_566,Full Stack Development,Node.js,,Intermediate,"Complete Backend One Shot | Beginners to Advanced  | Learn Node.js, Express, MongoDB from Scratch",Sheryians Coding School,https://www.youtube.com/watch?v=0IciwnJ6PJI,504,,English,,
yt_html_567,Full Stack Development,Node.js,,Intermediate,Node.js NPM Tutorial For Beginners | Learn Node.js Package Manager | Node.js Tutorial | Edureka,edureka!,https://www.youtube.com/watch?v=J2P7TN_-AeQ,34,,English,,
yt_html_568,Full Stack Development,Node.js,,Intermediate,Node JS Tutorial for Beginners #16 - Pipes,Net Ninja,https://www.youtube.com/watch?v=a8W90jDHSho,7,,English,,
yt_html_569,Full Stack Development,Node.js,,Intermediate,Node JS Full Course 2024 | Complete Backend Development Course | Part 1,Sangam Mukherjee,https://www.youtube.com/watch?v=MIJt9H69QVc,666,,English,,
yt_html_570,Full Stack Development,Node.js,,Intermediate,Top 25 Node.js Interview Questions to Ace Your BackEnd Interview | NodeJS Interview | Intellipaat,Intellipaat,https://www.youtube.com/watch?v=ruwx8R2nXyI,50,,English,,
yt_html_571,Full Stack Development,Node.js,,Intermediate,Learn Node.js & Express with Project in 2 Hours,Dipesh Malvia,https://www.youtube.com/watch?v=H9M02of22z4,103,,English,,
yt_html_572,Full Stack Development,Node.js,,Intermediate,Node JS Tutorial for Beginners #13 - Streams and Buffers,Net Ninja,https://www.youtube.com/watch?v=GlybFFMXXmQ,5,,English,,
yt_html_573,Full Stack Development,Node.js,,Intermediate,Node JS Full Course - Complete Backend | Web Development 2026,Learn Coding,https://www.youtube.com/watch?v=51PdLHoWeVA,227,,English,,
yt_html_574,Full Stack Development,Node.js,,Intermediate,All the Express.js You Need — Explained in 24 Minutes,Coding2GO,https://www.youtube.com/watch?v=ha_leEpnT30,24,,English,,
yt_html_575,Full Stack Development,Node.js,,Intermediate,Node JS Tutorial for Beginners #11 - Clients & Servers,Net Ninja,https://www.youtube.com/watch?v=qSAze9b0wrY,6,,English,,
yt_html_576,Full Stack Development,Node.js,,Intermediate,Node.js Tutorial for Beginners - 15 - Connect,thenewboston,https://www.youtube.com/watch?v=54aol-U_1es,11,,English,,
yt_html_577,Full Stack Development,Node.js,,Intermediate,Node JS Backend Developer Roadmap 2025 ft. Namaste Node.js (from Zero to Hero),Akshay Saini,https://www.youtube.com/watch?v=iRUkfCzJEgM,36,,English,,
yt_html_578,Full Stack Development,Node.js,,Intermediate,Node JS Tutorial for Beginners #4 - The Global Object,Net Ninja,https://www.youtube.com/watch?v=PY-AycMkEAg,7,,English,,
yt_html_579,Full Stack Development,Node.js,,Intermediate,Node.js Docker Tutorial For Beginners | Dockerizing Node.js Application | DevOps Training | Edureka,edureka!,https://www.youtube.com/watch?v=FCz10zapsI8,23,,English,,
yt_html_580,Full Stack Development,Node.js,,Intermediate,Node JS Tutorial for Beginners #12 - Creating a Server,Net Ninja,https://www.youtube.com/watch?v=lm86czWdrk0,10,,English,,
yt_html_581,Full Stack Development,Node.js,,Intermediate,Node.js Tutorial in Hindi (2026) | Complete Backend Development Course with 5 Projects,Web Dev Mastery,https://www.youtube.com/watch?v=EfWlJ9-1fVw,694,,English,,
yt_html_582,Full Stack Development,Node.js,,Intermediate,Top 5 MOST Difficult Node.js Interview Questions (With Answers & Explanations!) #nodejsinterview,Shubham Kulkarni | Coding and Interviews,https://www.youtube.com/watch?v=Ofn1du_mzRg,17,,English,,
yt_html_583,Full Stack Development,Node.js,,Advanced,#skills #DSA  #node #JS #programming #ezsnippet,Neeraj Walia,https://www.youtube.com/watch?v=LFAy5TBB2jA,1,,English,,
yt_html_584,Full Stack Development,Node.js,,Advanced,Master Node JS in an easy way,Nova Designs,https://www.youtube.com/watch?v=2YIgGdUtbXM,17,,English,,
yt_html_585,Full Stack Development,Node.js,,Advanced,"Advanced Backend Project | Learn Bank Transaction System with Node.js, Express & MongoDB",Sheryians Coding School,https://www.youtube.com/watch?v=NQOAQP0mow0,244,,English,,
yt_html_586,Full Stack Development,Node.js,,Advanced,"Node JS Full Course 2025 | Microservices, Redis, CI CD, Docker, VPS Hosting | Hostinger | Part 2",Sangam Mukherjee,https://www.youtube.com/watch?v=_f7h6xQXiLA,607,,English,,
yt_html_587,Full Stack Development,Node.js,,Advanced,JS Advanced Concepts #trending #coding #java #shortsvideo #shortviral #js #advance #concepts,Code Curator,https://www.youtube.com/watch?v=kcLMQGHlwA4,0,,English,,
yt_html_588,Full Stack Development,Node.js,,Advanced,Node.js & Express.js Full Course in Tamil | 8 Hours Masterclass | code io - Tamil,code io - Tamil,https://www.youtube.com/watch?v=J4aMJ53PQsk,496,,English,,
yt_html_589,Full Stack Development,Node.js,,Advanced,Top 5 API Performance Tips #javascript #python #web #coding #programming,ByteByteGo,https://www.youtube.com/watch?v=b4TpO9pYpqk,1,,English,,
yt_html_590,Full Stack Development,Node.js,,Advanced,"Full NGINX Tutorial - Demo Project with Node.js, Docker",TechWorld with Nana,https://www.youtube.com/watch?v=q8OleYuqntY,72,,English,,
yt_html_591,Full Stack Development,Node.js,,Advanced,How NodeJS Works?,Piyush Garg,https://www.youtube.com/watch?v=y0aTs56DJWk,14,,English,,
yt_html_592,Full Stack Development,Node.js,,Advanced,What is Nodejs?,Telusko,https://www.youtube.com/watch?v=D9YyqinG_gA,1,,English,,
yt_html_593,Full Stack Development,Node.js,,Advanced,10 Node.js Patterns Every Backend Dev MUST Know💡,Code & Cloud,https://www.youtube.com/watch?v=BInhzjrHesc,0,,English,,
yt_html_594,Full Stack Development,Node.js,,Advanced,This is how the Node.js Event Loop really works,Software Developer Diaries,https://www.youtube.com/watch?v=paI6J8my3Yw,14,,English,,
yt_html_595,Full Stack Development,Node.js,,Advanced,Advanced Node.js Crash Course | New Year Gift!,Mehul Mohan,https://www.youtube.com/watch?v=qG-PLm3APSs,165,,English,,
yt_html_596,Full Stack Development,Node.js,,Advanced,Node JS Full Course 2026 | Complete Backend Development Course | 17 Hours,Sangam Mukherjee,https://www.youtube.com/watch?v=XdH3gpcwnoA,1027,,English,,
yt_html_597,Full Stack Development,Node.js,,Advanced,Node JS or Spring Boot ? 😎,Akshay Saini,https://www.youtube.com/watch?v=xSXyD25cSOE,1,,English,,
yt_html_598,Full Stack Development,Node.js,,Advanced,Node.js Interview Questions (4 Must-Know Concepts),Peter Elbaum,https://www.youtube.com/watch?v=FdaVsce3ftQ,5,,English,,
yt_html_599,Full Stack Development,Node.js,,Advanced,"Node.js Masterclass | Build Real Projects with FS, HTTP, Streams & More! [Hands-On Tutorial]",Coder's Gyan,https://www.youtube.com/watch?v=TIxK0ZkkTII,306,,English,,
yt_html_600,Full Stack Development,Node.js,,Advanced,Node JS Advanced Concepts - Part 01 #nodejs #nodejsadvanced,Best Tutorial,https://www.youtube.com/watch?v=gq6gIz3-wuw,192,,English,,
yt_html_601,Full Stack Development,Node.js,,Advanced,Top 10 Node.js Interview Questions & Answers - Part 1 NodeJS Basics Explained #NodeJS #TechInterview,Yashwant Harikishan,https://www.youtube.com/watch?v=H_GCHkH3hko,0,,English,,
yt_html_602,Full Stack Development,Express.js,,Beginner,Express Js Tutorial for beginners in Tamil 2025 | Full Course for Beginners | 3 HRS  @Balachandra_in,Balachandra,https://www.youtube.com/watch?v=bo3fi5se1OM,210,,English,,
yt_html_603,Full Stack Development,Express.js,,Beginner,NodeJS & ExpressJS Introduction Tutorial in Hindi / Urdu,YOOBABA,https://www.youtube.com/watch?v=jsZgkQcah1Y,23,,English,,
yt_html_604,Full Stack Development,Express.js,,Beginner,Express JS for Beginners in Tamil | Basics | Full Video,JVL code,https://www.youtube.com/watch?v=KUoBYPMbaps,127,,English,,
yt_html_605,Full Stack Development,Express.js,,Beginner,How to build a REST API with Node js & Express,Programming with Mosh,https://www.youtube.com/watch?v=pKd0Rpw7O48,59,,English,,
yt_html_606,Full Stack Development,Express.js,,Beginner,Ultimate Backend Course 🔥 | Part 1 | Learn From Scratch,VIRTUAL CODE,https://www.youtube.com/watch?v=Ef2RtAxOb1Y,423,,English,,
yt_html_607,Full Stack Development,Express.js,,Beginner,Learn Express.js & Node.js from Scratch | Complete Beginner-Friendly Course 2025,Codynn,https://www.youtube.com/watch?v=IGUDsbTglk4,215,,English,,
yt_html_608,Full Stack Development,Express.js,,Beginner,What Is Express JS? | Express JS Tutorial for Beginners 2026 | Express JS API | Simplilearn,Simplilearn,https://www.youtube.com/watch?v=0QRFOsrBtXw,5,,English,,
yt_html_609,Full Stack Development,Express.js,,Beginner,"CRUD API Tutorial – Node, Express, MongoDB",freeCodeCamp.org,https://www.youtube.com/watch?v=_7UQPve99r4,93,,English,,
yt_html_610,Full Stack Development,Express.js,,Beginner,Express JS Full Course,Anson,https://www.youtube.com/watch?v=nH9E25nkk3I,475,,English,,
yt_html_611,Full Stack Development,Express.js,,Beginner,Express in Node js | Web Framework,Telusko,https://www.youtube.com/watch?v=2ojkb44XObc,18,,English,,
yt_html_612,Full Stack Development,Express.js,,Beginner,Building REST API's using Node and Express.js,Piyush Garg,https://www.youtube.com/watch?v=uNCrMvkPUAE,20,,English,,
yt_html_613,Full Stack Development,Express.js,,Beginner,Getting Started with Express and NodeJS,Piyush Garg,https://www.youtube.com/watch?v=N2-FyBBxOZA,11,,English,,
yt_html_614,Full Stack Development,Express.js,,Beginner,Express JS explained in 30 Seconds! #shorts #expressjs,TutorialsPoint,https://www.youtube.com/watch?v=SMliUNRmwcI,0,,English,,
yt_html_615,Full Stack Development,Express.js,,Beginner,🚀🔥  Lecture 9: Introduction to express.js | NodeJS Complete Course ❤️ in Hindi | Notes Certification,Complete Coding by Prashant Sir,https://www.youtube.com/watch?v=J-QgmSzyA_A,59,,English,,
yt_html_616,Full Stack Development,Express.js,,Beginner,Express JS Crash Course | Web Dev Tutorial for Beginners,Sam Meech-Ward,https://www.youtube.com/watch?v=bssX9Ot9YOI,72,,English,,
yt_html_617,Full Stack Development,Express.js,,Beginner,Express.js Crash Course – Learn to Build APIs Fast!,Coder's Gyan,https://www.youtube.com/watch?v=PfPaefGNnvU,130,,English,,
yt_html_618,Full Stack Development,Express.js,,Beginner,Express JS Tutorial for Beginners in Hindi 🔥 Build Your First Express JS Server from Scratch,Thapa Technical,https://www.youtube.com/watch?v=i3egAedcKf0,18,,English,,
yt_html_619,Full Stack Development,Express.js,,Beginner,Express JS Full Course From Beginner to Pro 2025 | Complete Backend Tutorial in Just 4 Hours,GreatStack,https://www.youtube.com/watch?v=fBzm9zja2Y8,237,,English,,
yt_html_620,Full Stack Development,Express.js,,Beginner,"Backend Development FULL  Course - In 6 Hours (Mongo DB, Express JS, Node JS) | 2026 Edition",WsCube Tech,https://www.youtube.com/watch?v=vfaRzV3P92o,397,,English,,
yt_html_621,Full Stack Development,Express.js,,Beginner,Introduction to Express Js | Sigma Web Development Course - Tutorial #88,CodeWithHarry,https://www.youtube.com/watch?v=R11tvGM3nDY,21,,English,,
yt_html_622,Full Stack Development,Express.js,,Beginner,Express JS in Telugu | express.js Tutorial for Beginners in Telugu,Telugu Skillhub,https://www.youtube.com/watch?v=_jgN80P6YII,29,,English,,
yt_html_623,Full Stack Development,Express.js,,Beginner,Express Crash Course,Traversy Media,https://www.youtube.com/watch?v=CnH3kAXSrmU,106,,English,,
yt_html_624,Full Stack Development,Express.js,,Beginner,Express JS Crash Course for Beginners [Easy Way],Code Bless You,https://www.youtube.com/watch?v=NuyMcxiuaxE,91,,English,,
yt_html_625,Full Stack Development,Express.js,,Beginner,Express JS In 15 Minutes | Introduction To Express JS | Express JS Tutorial | Simplilearn,Simplilearn,https://www.youtube.com/watch?v=dyMCr2lD5k0,15,,English,,
yt_html_626,Full Stack Development,Express.js,,Beginner,Backend Full Course | NodeJS ExpressJS PostgreSQL Prisma & Docker,Smoljames,https://www.youtube.com/watch?v=9BD9eK9VqXA,317,,English,,
yt_html_627,Full Stack Development,Express.js,,Beginner,Node.js & Express.js Full Course 2025 - Beginner to Pro,Patel MernStack,https://www.youtube.com/watch?v=PCcMF1xTQO0,237,,English,,
yt_html_628,Full Stack Development,Express.js,,Beginner,Node.js / Express Course - Build 4 Projects,freeCodeCamp.org,https://www.youtube.com/watch?v=qwfE7fSVaZM,600,,English,,
yt_html_629,Full Stack Development,Express.js,,Beginner,Express JS Tutorial in Hindi 🔥✌,CodeWithHarry,https://www.youtube.com/watch?v=7H_QH9nipNs,81,,English,,
yt_html_630,Full Stack Development,Express.js,,Beginner,Learn Node.JS & Express.JS [Beginner Tutorial],Smoljames,https://www.youtube.com/watch?v=V8ePZHOjRQo,56,,English,,
yt_html_631,Full Stack Development,Express.js,,Beginner,🚀 Express.js - Learn What Matters: Mastering the Framework |  Backend (Node JS) Series,Sheryians Coding School,https://www.youtube.com/watch?v=pKJ4GGyDgJo,91,,English,,
yt_html_632,Full Stack Development,Express.js,,Intermediate,Express.js Tutorial | Node.js Express | Node.js Express Tutorial | Edureka,edureka!,https://www.youtube.com/watch?v=25AXne5L9Qo,26,,English,,
yt_html_633,Full Stack Development,Express.js,,Intermediate,Build a REST API with Node JS and Express | CRUD API Tutorial,JavaScript Mastery,https://www.youtube.com/watch?v=l8WPWK9mS5M,61,,English,,
yt_html_634,Full Stack Development,Express.js,,Intermediate,Node JS Tutorial for Beginners #28 - Middleware & Static Files,Net Ninja,https://www.youtube.com/watch?v=-lRgL9kj_h0,9,,English,,
yt_html_635,Full Stack Development,Express.js,,Intermediate,How To Connect React To A Backend (Express.js) - React for beginners #7,Anthony Sistilli,https://www.youtube.com/watch?v=kJA9rDX7azM,20,,English,,
yt_html_636,Full Stack Development,Express.js,,Intermediate,MVC Model-View-Controller Example | CRUD REST API | Node.js & Express tutorials for Beginners,Dave Gray,https://www.youtube.com/watch?v=Dco1gzVZKVk,20,,English,,
yt_html_637,Full Stack Development,Express.js,,Intermediate,What is Middleware in Express JS? | Node.js Tutorials for Beginners,Dave Gray,https://www.youtube.com/watch?v=y18ubz7gOsQ,35,,English,,
yt_html_638,Full Stack Development,Express.js,,Intermediate,Install Express JS | Express JS Setup | Express JS Tutorial for Beginners | Simplilearn,Simplilearn,https://www.youtube.com/watch?v=huc9RWb0yX4,10,,English,,
yt_html_639,Full Stack Development,Express.js,,Intermediate,#39 Understanding Middleware in Express | Working with Express JS | A Complete NODE JS Course,procademy,https://www.youtube.com/watch?v=w5ix6zyphac,6,,English,,
yt_html_640,Full Stack Development,Express.js,,Intermediate,JWT Authentication | Node JS and Express tutorials for Beginners,Dave Gray,https://www.youtube.com/watch?v=favjC6EKFgw,60,,English,,
yt_html_641,Full Stack Development,Express.js,,Intermediate,React Server Side Rendering Introduction For Beginners - ReactJS ssr with Expressjs,Maksim Ivanov,https://www.youtube.com/watch?v=NwyQONeqRXA,12,,English,,
yt_html_642,Full Stack Development,Express.js,,Intermediate,Node JS Tutorial for Beginners #24 - Express Route Params,Net Ninja,https://www.youtube.com/watch?v=MuMs1pLuT7I,5,,English,,
yt_html_643,Full Stack Development,Express.js,,Intermediate,User Password Authentication | Node.js & Express Tutorials for Beginners,Dave Gray,https://www.youtube.com/watch?v=Nlg0JrUt0qg,26,,English,,
yt_html_644,Full Stack Development,Express.js,,Intermediate,Angular - Node - MongoDB & Express (MEAN) Tutorial for Beginners - Getting Started,Academind,https://www.youtube.com/watch?v=1tRLveSyNz8,156,,English,,
yt_html_645,Full Stack Development,Express.js,,Intermediate,Node.js + Express - Tutorial - What is Express? And why should we use it?,Academind,https://www.youtube.com/watch?v=45dAt9Gz8rE,3,,English,,
yt_html_646,Full Stack Development,Express.js,,Intermediate,ExpressJS Routes Tutorial - Separating Routes into Different Files,PedroTech,https://www.youtube.com/watch?v=0Hu27PoloYw,12,,English,,
yt_html_647,Full Stack Development,Express.js,,Intermediate,Node.js Tutorial for Beginners - 12 - Core Modules,thenewboston,https://www.youtube.com/watch?v=_cnJcXwwQRA,11,,English,,
yt_html_648,Full Stack Development,Express.js,,Intermediate,Express.js Tutorial | Express.js Tutorial For Beginners | Express.js Course | Intellipaat,Intellipaat,https://www.youtube.com/watch?v=VA0busRrX64,37,,English,,
yt_html_649,Full Stack Development,Express.js,,Intermediate,Socket.io Beginner Tutorial - NodeJS + ExpressJS,PedroTech,https://www.youtube.com/watch?v=zWSvb5t_zH4,26,,English,,
yt_html_650,Full Stack Development,Express.js,,Intermediate,"Node.js, Express & MySQL Tutorial - Build a Simple FullStack App",Nsquared Coding,https://www.youtube.com/watch?v=vrj9AohVhPA,91,,English,,
yt_html_651,Full Stack Development,Express.js,,Intermediate,Building A Rest API with NodeJS and ExpressJS | Beginners Tutorial,PedroTech,https://www.youtube.com/watch?v=1I5Jn1MWzlI,67,,English,,
yt_html_652,Full Stack Development,Express.js,,Intermediate,Learn MVC Pattern with ExpressJS and NodeJS - Tutorial Beginner,PedroTech,https://www.youtube.com/watch?v=Cgvopu9zg8Y,10,,English,,
yt_html_653,Full Stack Development,Express.js,,Intermediate,Node JS Express Tutorial | Express JS Tutorial For Beginners | Node.js +  ExpressJS | Edureka,edureka!,https://www.youtube.com/watch?v=ofDqVjP4JRI,51,,English,,
yt_html_654,Full Stack Development,Express.js,,Intermediate,GraphQL Tutorial Beginner - Learn GraphQL in NodeJS / ExpressJS,PedroTech,https://www.youtube.com/watch?v=Dr2dDWzThK8,37,,English,,
yt_html_655,Full Stack Development,Express.js,,Intermediate,Node.JS Full Course (THREE HOUR All-in-One Tutorial for Beginners),Caleb Curry,https://www.youtube.com/watch?v=pkg0J6lpKT4,223,,English,,
yt_html_656,Full Stack Development,Express.js,,Intermediate,⭐ Build REST API for Beginners with Node.js + Express.js + TypeScript. 📖 Fully Explained 🔍,Nerdi Coda,https://www.youtube.com/watch?v=i8xHOrPP3NA,71,,English,,
yt_html_657,Full Stack Development,Express.js,,Intermediate,Learn Express Middleware in 30 Minutes | Node.js Tutorial for Beginners #7,Dipesh Malvia,https://www.youtube.com/watch?v=bRqUaDRm8Po,28,,English,,
yt_html_658,Full Stack Development,Express.js,,Intermediate,Express.js Mastery: Unleash the Power of Node.js Frameworks for Lightning-Fast Web Development!,HuXn WebDev,https://www.youtube.com/watch?v=jn5MRu5ybH4,148,,English,,
yt_html_659,Full Stack Development,Express.js,,Intermediate,Node JS Tutorial for Beginners #5 - Function Expressions,Net Ninja,https://www.youtube.com/watch?v=lK42xIMcA0Y,4,,English,,
yt_html_660,Full Stack Development,Express.js,,Intermediate,Node.js Express Tutorial | Build Restful APIs with Node.js and Express | Edureka,edureka!,https://www.youtube.com/watch?v=7nulchT1Ruk,17,,English,,
yt_html_661,Full Stack Development,Express.js,,Advanced,Express Router for Beginners: Organize Your Express.js Routes!,CodeLucky,https://www.youtube.com/watch?v=MdtrrGCvTiQ,4,,English,,
yt_html_662,Full Stack Development,Express.js,,Advanced,Express JS in One Lesson: A Complete Hindi Tutorial to Master Express JS,6 Pack Programmer,https://www.youtube.com/watch?v=teipbke8c4A,43,,English,,
yt_html_663,Full Stack Development,Express.js,,Advanced,"🤯 Express.js 5 is here (since a month already, actually)",Academind,https://www.youtube.com/watch?v=-MMjFX5UfN4,10,,English,,
yt_html_664,Full Stack Development,Express.js,,Advanced,Express JS Mistakes Every Junior Developer should Avoid | clean-code,CoderOne,https://www.youtube.com/watch?v=RtLAwnYJOyQ,17,,English,,
yt_html_665,Full Stack Development,Express.js,,Advanced,Express.js Introduction in Telugu | Create Your First Server | Backend Full Course #4,College Coders,https://www.youtube.com/watch?v=XK8LFQfjTI8,26,,English,,
yt_html_666,Full Stack Development,Express.js,,Advanced,"Master Express.js, Routing & Middleware | Backend Development Part 4",Sheryians Coding School,https://www.youtube.com/watch?v=3CkgSQWwNlk,49,,English,,
yt_html_667,Full Stack Development,Express.js,,Advanced,🚀 Backend - The EndGame (Part-1) | Mastering Advanced Concepts | Backend (Node JS) Series,Sheryians Coding School,https://www.youtube.com/watch?v=ZpszSj3ziQk,98,,English,,
yt_html_668,Full Stack Development,Express.js,,Advanced,Create route in expressjs.,ezSnippet,https://www.youtube.com/watch?v=DNA1C-yEpUA,1,,English,,
yt_html_669,Full Stack Development,Express.js,,Advanced,Express JS and Node JS,ProCoders: Web & Apps development,https://www.youtube.com/watch?v=PtXTFt5ZYQM,0,,English,,
yt_html_670,Full Stack Development,Express.js,,Advanced,Setting Up Node.js + Express + TypeScript the Right Way,AgileCoder,https://www.youtube.com/watch?v=oODlPLfnTIk,6,,English,,
yt_html_671,Full Stack Development,REST APIs,,Beginner,REST API Crash Course - Introduction + Full Python API Tutorial,Caleb Curry,https://www.youtube.com/watch?v=qbLc5a9jdXo,52,,English,,
yt_html_672,Full Stack Development,REST APIs,,Beginner,API Course for Beginners 2026 | API Tutorial For Beginners Step By Step | API Tutorial | Simplilearn,Simplilearn,https://www.youtube.com/watch?v=ukBCjzC_C6w,41,,English,,
yt_html_673,Full Stack Development,REST APIs,,Beginner,APIs Explained (in 4 Minutes),Aced (formerly Exponent),https://www.youtube.com/watch?v=bxuYDT-BWaI,4,,English,,
yt_html_674,Full Stack Development,REST APIs,,Beginner,Complete API Design Tutorial 2024 for Beginners | Tamil,Hareesh Rajendran,https://www.youtube.com/watch?v=Zh6CrNu_3YY,62,,English,,
yt_html_675,Full Stack Development,REST APIs,,Beginner,APIs Explained in 6 Minutes!,ByteByteGo,https://www.youtube.com/watch?v=hltLrjabkiY,7,,English,,
yt_html_676,Full Stack Development,REST APIs,,Beginner,COMPLETE APIs Crash Course In 14 Minutes [w/ FREE Project] | Vishakha Sadhwani,Vishakha Sadhwani,https://www.youtube.com/watch?v=UXA8MJUWUqU,14,,English,,
yt_html_677,Full Stack Development,REST APIs,,Beginner,FastAPI for Beginners - Python Web Framework,Telusko,https://www.youtube.com/watch?v=Lu8lXXlstvM,123,,English,,
yt_html_678,Full Stack Development,REST APIs,,Beginner,What is an API in Hindi,Chai aur Code,https://www.youtube.com/watch?v=0PaWV3wIfkM,9,,English,,
yt_html_679,Full Stack Development,REST APIs,,Beginner,Rest API | Web Service Tutorial,Telusko,https://www.youtube.com/watch?v=BZi44GOD8kY,155,,English,,
yt_html_680,Full Stack Development,REST APIs,,Beginner,REST APIs Explained (in 5 minutes),Rayhan's Tech Realm,https://www.youtube.com/watch?v=09od8C-Fd-A,5,,English,,
yt_html_681,Full Stack Development,REST APIs,,Beginner,REST API Interview Questions (Beginner Level),Aced (formerly Exponent),https://www.youtube.com/watch?v=faMdrSCVDzc,7,,English,,
yt_html_682,Full Stack Development,REST APIs,,Beginner,REST APIs Explained in 30 secs #javascript #python #web #coding #programming,ByteByteGo,https://www.youtube.com/watch?v=hQUjpbb75eY,1,,English,,
yt_html_683,Full Stack Development,REST APIs,,Beginner,Build a REST API in Python | API Crash Course,Code with Josh,https://www.youtube.com/watch?v=Ha3ls0EAtW8,45,,English,,
yt_html_684,Full Stack Development,REST APIs,,Beginner,Python FastAPI Tutorial: Build a REST API in 15 Minutes,pixegami,https://www.youtube.com/watch?v=iWS9ogMPOI0,15,,English,,
yt_html_685,Full Stack Development,REST APIs,,Beginner,A Beginner's Guide to REST APIs in Under 10 Minutes!,Cloudmancer,https://www.youtube.com/watch?v=LzOtbUw6f_o,9,,English,,
yt_html_686,Full Stack Development,REST APIs,,Beginner,Rest APIs explained (tech interview),NextWork,https://www.youtube.com/watch?v=mu54oPS4w8k,1,,English,,
yt_html_687,Full Stack Development,REST APIs,,Beginner,What is a Rest API? (in 2 Minutes),Warp,https://www.youtube.com/watch?v=WRsKs-K6iII,2,,English,,
yt_html_688,Full Stack Development,REST APIs,,Beginner,What is REST API ? | REST API Explained in 9 mins in Hindi | REST API Tutorial | Great Learning,Great Learning,https://www.youtube.com/watch?v=o7ePQ_M_jsc,10,,English,,
yt_html_689,Full Stack Development,REST APIs,,Beginner,Master Telugu REST API in 2024 Without Failing,telugu web guru,https://www.youtube.com/watch?v=IDYvTGa2bT0,46,,English,,
yt_html_690,Full Stack Development,REST APIs,,Beginner,Spring Boot Tutorial – Build Your First REST API in 15 Minutes (Beginner Guide),Alan Lands,https://www.youtube.com/watch?v=wfj-Z9OQpCA,18,,English,,
yt_html_691,Full Stack Development,REST APIs,,Beginner,What is API | REST vs RESTful API Explained in Tamil | Simple Explanation with Real-Time Example,Simply Byte - Tamil,https://www.youtube.com/watch?v=37eRt5sl7ZE,8,,English,,
yt_html_692,Full Stack Development,REST APIs,,Beginner,"REST API Explained in Simple Terms in Telugu | GET, POST, PUT, DELETE Methods ",College Coders,https://www.youtube.com/watch?v=2cXmlKlDT-o,9,,English,,
yt_html_693,Full Stack Development,REST APIs,,Beginner,API vs REST API Explained with Real-World Examples in 5 Minutes! | code logic - Tamil,code logic - Tamil,https://www.youtube.com/watch?v=Jc-Jgxg6a5U,7,,English,,
yt_html_694,Full Stack Development,REST APIs,,Beginner,What is REST API? | REST API Tutorial | REST API  Concepts and Examples | Edureka,edureka!,https://www.youtube.com/watch?v=rtWH70_MMHM,37,,English,,
yt_html_695,Full Stack Development,REST APIs,,Beginner,APIs for Beginners - How to use an API (Full Course / Tutorial),freeCodeCamp.org,https://www.youtube.com/watch?v=WXsD0ZgxjRw,187,,English,,
yt_html_696,Full Stack Development,REST APIs,,Beginner,Difference Between REST API vs Web API vs SOAP API Explained,Learn with Whiteboard,https://www.youtube.com/watch?v=2mqN7ZhDsUA,7,,English,,
yt_html_697,Full Stack Development,REST APIs,,Beginner,Learn Rest API Testing Fundamentals with real time Examples in 75Minutes,Rahul Shetty Academy,https://www.youtube.com/watch?v=bdHeDZPrYec,76,,English,,
yt_html_698,Full Stack Development,REST APIs,,Beginner,Create REST API with Spring Boot: Step-by-Step Guide,telugu web guru,https://www.youtube.com/watch?v=CYPeQkJPKgo,67,,English,,
yt_html_699,Full Stack Development,REST APIs,,Beginner,REST API in Detail POV - Part 1 in Tamil,Data Engineering,https://www.youtube.com/watch?v=PKU0QTGPvac,12,,English,,
yt_html_700,Full Stack Development,REST APIs,,Beginner,What is REST API and How Does it Work? | REST API Tutorial,WsCube AI & Tech School,https://www.youtube.com/watch?v=T2hYvBShkh8,14,,English,,
yt_html_701,Full Stack Development,REST APIs,,Beginner,Session 1: API Testing | RestAssured | Introduction | Environment Setup | HTTP Methods,SDET- QA,https://www.youtube.com/watch?v=OM4mr3PKgcQ,92,,English,,
yt_html_702,Full Stack Development,REST APIs,,Beginner,Every Type of API Simply Explained in 9 Minutes!,Codist ,https://www.youtube.com/watch?v=pBASqUbZgkY,10,,English,,
yt_html_703,Full Stack Development,REST APIs,,Beginner,Python REST API Tutorial for Beginners | How to Build a Flask REST API,Dave Gray,https://www.youtube.com/watch?v=z3YMz-Gocmw,40,,English,,
yt_html_704,Full Stack Development,REST APIs,,Beginner,What is an API ? Simply Explained,Apna College,https://www.youtube.com/watch?v=XGa4onZP66Q,5,,English,,
yt_html_705,Full Stack Development,REST APIs,,Beginner,What is a REST API?,IBM Technology,https://www.youtube.com/watch?v=lsMQRaeKNDk,9,,English,,
yt_html_706,Full Stack Development,REST APIs,,Beginner,Python Django REST API In 30 Minutes - Django Tutorial,PedroTech,https://www.youtube.com/watch?v=NoLF7Dlu5mc,31,,English,,
yt_html_707,Full Stack Development,REST APIs,,Beginner,What is a REST API?,Programming with Mosh,https://www.youtube.com/watch?v=SLwpqD8n3d0,6,,English,,
yt_html_708,Full Stack Development,REST APIs,,Beginner,What Is REST API? Examples And How To Use It: Crash Course System Design #3,ByteByteGo,https://www.youtube.com/watch?v=-mN3VyJuCjM,5,,English,,
yt_html_709,Full Stack Development,REST APIs,,Beginner,APIs Explained with Real Use Cases,CodewithPrashant ,https://www.youtube.com/watch?v=bW-ji7AT1cc,0,,English,,
yt_html_710,Full Stack Development,REST APIs,,Beginner,Build REST APIs in Spring Boot | Spring MVC | Request Validation | In One Shot | Hindi,Anuj Kumar Sharma,https://www.youtube.com/watch?v=Gzk9QiJQ140,116,,English,,
yt_html_711,Full Stack Development,REST APIs,,Beginner,What is REST API? | Web Service,Telusko,https://www.youtube.com/watch?v=qVTAB8Z2VmA,11,,English,,
yt_html_712,Full Stack Development,REST APIs,,Beginner,"API - Step by Step - Build, Secure and Deploy | Full Practical Guide",Applied with AI - Sanjay Kumar,https://www.youtube.com/watch?v=Z8zEtb7hHAY,31,,English,,
yt_html_713,Full Stack Development,REST APIs,,Beginner,What is REST API?,Piyush Garg,https://www.youtube.com/watch?v=cJAyEOZQUQY,16,,English,,
yt_html_714,Full Stack Development,REST APIs,,Beginner,What is a REST API? | REST API Explained Simply,Kiran Academy - Java By Kiran,https://www.youtube.com/watch?v=xQIbOYzV3Fk,0,,English,,
yt_html_715,Full Stack Development,REST APIs,,Beginner,"Master REST APIs - The Beginner's Guide | NodeJS, Express, MongoDB, Mongoose | Hindi",Coder's Gyan,https://www.youtube.com/watch?v=6SJQ5eOChrA,317,,English,,
yt_html_716,Full Stack Development,REST APIs,,Beginner,Creating REST API using Spring Boot in Hindi | A Step-by-Step Tutorial,Engineering Digest,https://www.youtube.com/watch?v=rxT5RFYxjSg,27,,English,,
yt_html_717,Full Stack Development,REST APIs,,Intermediate,Build REST APIs in .NET 9 – Full Course for Beginners,freeCodeCamp.org,https://www.youtube.com/watch?v=38GNKtclDdE,57,,English,,
yt_html_718,Full Stack Development,REST APIs,,Intermediate,6 Common Ways to Build APIs,Amigoscode,https://www.youtube.com/watch?v=7bsr9ot1ILY,0,,English,,
yt_html_719,Full Stack Development,REST APIs,,Intermediate,🔥 Ultimate Django Rest API Course in Hindi |  Rest APIS using Django in one shot,Learn Code With Durgesh,https://www.youtube.com/watch?v=DNFTUtZf1Zc,110,,English,,
yt_html_720,Full Stack Development,REST APIs,,Intermediate,REST API Interview Questions (Advanced Level),Aced (formerly Exponent),https://www.youtube.com/watch?v=n2JQFFFEd0M,6,,English,,
yt_html_721,Full Stack Development,REST APIs,,Intermediate,APIs for Beginners - How to use an API (Full Course / Tutorial),freeCodeCamp.org,https://www.youtube.com/watch?v=GZvSYJDk-us,140,,English,,
yt_html_722,Full Stack Development,REST APIs,,Intermediate,API Development with Django REST Framework - Master DRF In Just 4 Hours,Tech With Rathan,https://www.youtube.com/watch?v=8d1HgJTEGe8,259,,English,,
yt_html_723,Full Stack Development,REST APIs,,Intermediate,Deep Dive into REST API Design and Implementation Best Practices,Software Developer Diaries,https://www.youtube.com/watch?v=7nm1pYuKAhY,12,,English,,
yt_html_724,Full Stack Development,REST APIs,,Intermediate,Python API Development - Comprehensive Course for Beginners,freeCodeCamp.org,https://www.youtube.com/watch?v=0sOvCWFmrtA,1140,,English,,
yt_html_725,Full Stack Development,REST APIs,,Intermediate,API Full Course for Beginners (2026) | REST APIs | Vishwa Sir | upGrad,upGrad,https://www.youtube.com/watch?v=-58TX3yCHI4,71,,English,,
yt_html_726,Full Stack Development,REST APIs,,Intermediate,"How to Design APIs Like a Senior Engineer (REST, GraphQL, Auth, Security)",Hayk Simonyan,https://www.youtube.com/watch?v=7iHl71nt49o,83,,English,,
yt_html_727,Full Stack Development,REST APIs,,Intermediate,Creating a Rest API Using Flask and Jsonify in Python,CodeWithHarry,https://www.youtube.com/watch?v=Jzv3G5iDLvw,20,,English,,
yt_html_728,Full Stack Development,REST APIs,,Intermediate,"How to Design APIs Like a Senior Engineer (REST, GraphQL, Auth, Security)",Hayk Simonyan,https://www.youtube.com/watch?v=Rrd6xkyjPB8,95,,English,,
yt_html_729,Full Stack Development,REST APIs,,Advanced,#17 What is an API || Use of API || How API Works with Real Project Examples (Hindi),Smart Programming,https://www.youtube.com/watch?v=lqtTvhdWOIA,44,,English,,
yt_html_730,Full Stack Development,REST APIs,,Advanced,What is an API and How Does It Work #shorts,flowindata,https://www.youtube.com/watch?v=CAcHeqWgWZE,1,,English,,
yt_html_731,Full Stack Development,REST APIs,,Advanced,How to Design Production Grade APIs?,Piyush Garg,https://www.youtube.com/watch?v=B43Bljf4vSk,46,,English,,
yt_html_732,Full Stack Development,REST APIs,,Advanced,FastAPI in 30 seconds #python #programming #softwareengineer,Code In a Jiffy,https://www.youtube.com/watch?v=Z1XHeMgpg8A,0,,English,,
yt_html_733,Full Stack Development,REST APIs,,Advanced,API Design and Architecture  - Backend Engineering Intro (1 Hour),Caleb Curry,https://www.youtube.com/watch?v=XvFmUE-36Kc,52,,English,,
yt_html_734,Full Stack Development,REST APIs,,Advanced,How to Design a REST API (Best Practices & Standards),Pynade,https://www.youtube.com/watch?v=jvaUpdMi3BU,0,,English,,
yt_html_735,Full Stack Development,REST APIs,,Advanced,9 Must-Know REST API Design Principles for Developers,ByteMonk,https://www.youtube.com/watch?v=pJ83mmqcvoQ,10,,English,,
yt_html_736,Full Stack Development,REST APIs,,Advanced,Good APIs Vs Bad APIs: 7 Tips for API Design,ByteByteGo,https://www.youtube.com/watch?v=_gQaygjm_hg,6,,English,,
yt_html_737,Full Stack Development,REST APIs,,Advanced,API testing with TechieQA,TechieQA,https://www.youtube.com/watch?v=8QbncQ3Hr-0,0,,English,,
yt_html_738,Full Stack Development,Full-Stack User Authentication & Permissions,,Beginner,Full Stack App from Scratch - JHipster Permissions - 05,Electronic Armory,https://www.youtube.com/watch?v=7okYI6ijUz8,35,,English,,
yt_html_739,Full Stack Development,Full-Stack User Authentication & Permissions,,Beginner,Microsoft Full-Stack Course 8: Security and Authentication in .NET,SoftFlow Academy,https://www.youtube.com/watch?v=dKjvhvmWUbM,302,,English,,
yt_html_740,Full Stack Development,Full-Stack User Authentication & Permissions,,Beginner,Full Stack Web Development | Day 13 | Mini | MongoDBApp Authentication & Authorization | EDXcellence,EDXcellence Academy @Learn without Limits,https://www.youtube.com/watch?v=OEWIopHBmDs,5,,English,,
yt_html_741,Full Stack Development,Full-Stack User Authentication & Permissions,,Beginner,API Authentication EXPLAINED! 🔐 OAuth vs JWT vs API Keys 🚀,SoftsWeb,https://www.youtube.com/watch?v=GcVtElYa17s,10,,English,,
yt_html_742,Full Stack Development,Full-Stack User Authentication & Permissions,,Beginner,Auth0 in 100 Seconds // And beyond with a Next.js Authentication Tutorial,Fireship,https://www.youtube.com/watch?v=yufqeJLP1rI,8,,English,,
yt_html_743,Full Stack Development,Full-Stack User Authentication & Permissions,,Beginner,M.E.R.N Fullstack : Demo (User - Authentication).,Kabelo Xabendlini,https://www.youtube.com/watch?v=iJ-MIw--6zw,8,,English,,
yt_html_744,Full Stack Development,Full-Stack User Authentication & Permissions,,Beginner,FastAPI JWT Tutorial | How to add User Authentication,Eric Roby,https://www.youtube.com/watch?v=0A_GCXBCNUQ,20,,English,,
yt_html_745,Full Stack Development,Full-Stack User Authentication & Permissions,,Beginner,Session vs Token Authentication in 100 Seconds,Fireship,https://www.youtube.com/watch?v=UBUNrFtufWo,2,,English,,
yt_html_746,Full Stack Development,Full-Stack User Authentication & Permissions,,Beginner,Full Stack Authentication Angular & Laravel using JWT | Reactive Form & Validators | Part 3,AB Nation Programmers,https://www.youtube.com/watch?v=aU3FLzkYasE,30,,English,,
yt_html_747,Full Stack Development,Full-Stack User Authentication & Permissions,,Beginner,Full Stack MERN Authentication # 21 - User Info & Update,PASSIONCORNERS,https://www.youtube.com/watch?v=3CfzDDVPO08,7,,English,,
yt_html_748,Full Stack Development,Full-Stack User Authentication & Permissions,,Beginner,Full Stack MERN Authentication # 12 - Responsive,PASSIONCORNERS,https://www.youtube.com/watch?v=NicJl00l4a4,12,,English,,
yt_html_749,Full Stack Development,Full-Stack User Authentication & Permissions,,Beginner,Authentication fundamentals: The basics | Microsoft Entra ID,Microsoft Azure,https://www.youtube.com/watch?v=fbSVgC8nGz4,5,,English,,
yt_html_750,Full Stack Development,Full-Stack User Authentication & Permissions,,Beginner,Authentication & Authorization | Bcrypt | JWT | Part 14 - Backend Development,Sheryians Coding School,https://www.youtube.com/watch?v=19RpMEonSu8,41,,English,,
yt_html_751,Full Stack Development,Full-Stack User Authentication & Permissions,,Beginner,Authentication and Authorization for Full Stack Developers,Aggroso,https://www.youtube.com/watch?v=AKrnQojsLvg,4,,English,,
yt_html_752,Full Stack Development,Full-Stack User Authentication & Permissions,,Beginner,OAuth Vs SSO - Simplest explanation EVER!,Keerti Purswani,https://www.youtube.com/watch?v=NkSM_oJsGFE,1,,English,,
yt_html_753,Full Stack Development,Full-Stack User Authentication & Permissions,,Beginner,"Login and Registration using MERN Stack | Mongo, Express, React and Node Authentication",Code With Yousaf,https://www.youtube.com/watch?v=ZVyIIyZJutM,29,,English,,
yt_html_754,Full Stack Development,Full-Stack User Authentication & Permissions,,Beginner,"Users management Portal using Spring-boot, React.js,  Mysql | Spring-Security, JWT, Roles, Auth",Tech Breakdown with Dennis,https://www.youtube.com/watch?v=5_5oBtHWA5I,155,,English,,
yt_html_755,Full Stack Development,Full-Stack User Authentication & Permissions,,Beginner,"Django Authentication Explained: Creating a Login, Register, and Dashboard System | HINDI",Kritim Yantra,https://www.youtube.com/watch?v=YMPhYQxnE-0,34,,English,,
yt_html_756,Full Stack Development,Full-Stack User Authentication & Permissions,,Beginner,Full Stack Secure User Authentication System by Muhammad Tayyab,Muhammad Tayyab Raza Awan,https://www.youtube.com/watch?v=LR-foYrA8TI,5,,English,,
yt_html_757,Full Stack Development,Full-Stack User Authentication & Permissions,,Beginner,Cookies vs Sessions for Authentication – Which is Better? | Web Security Explained,LearnIT,https://www.youtube.com/watch?v=kbdYuwkIQv8,1,,English,,
yt_html_758,Full Stack Development,Full-Stack User Authentication & Permissions,,Beginner,How to Authorize User Roles and Permissions | Node.js & Express Authorization Tutorial,Dave Gray,https://www.youtube.com/watch?v=fUWkVxCv4IQ,29,,English,,
yt_html_759,Full Stack Development,Full-Stack User Authentication & Permissions,,Beginner,Permissions & Authorization in a Next.js Full Stack Project,Dave Gray,https://www.youtube.com/watch?v=VueEcnP9LZg,72,,English,,
yt_html_760,Full Stack Development,Full-Stack User Authentication & Permissions,,Beginner,User Role-Based Access Control & Permissions in React JS | MERN Stack,Dave Gray,https://www.youtube.com/watch?v=UhrmPH3TLus,44,,English,,
yt_html_761,Full Stack Development,Full-Stack User Authentication & Permissions,,Beginner,Full Stack React & Django [5] - Django Token Authentication,Traversy Media,https://www.youtube.com/watch?v=0d7cIfiydAc,45,,English,,
yt_html_762,Full Stack Development,Full-Stack User Authentication & Permissions,,Beginner,Create Full Stack Login And Register Form With User & Admin Page Using HTML CSS PHP & MySQL Database,Codehal,https://www.youtube.com/watch?v=LiomRvK7AM8,44,,English,,
yt_html_763,Full Stack Development,Full-Stack User Authentication & Permissions,,Beginner,Build Node.js User Authentication - Password Login,Web Dev Simplified,https://www.youtube.com/watch?v=Ud5xKCYQTjM,14,,English,,
yt_html_764,Full Stack Development,Full-Stack User Authentication & Permissions,,Beginner,🔥 Full-Stack Django Resource Management System | JWT Auth + Role-Based Access Control | Modern UI,Jijanur Rahman,https://www.youtube.com/watch?v=AgASBsKbtDQ,6,,English,,
yt_html_765,Full Stack Development,Full-Stack User Authentication & Permissions,,Beginner,"Complete Authentication System | JWT, Refresh Token, OTP, Logout All Devices",Sheryians Coding School,https://www.youtube.com/watch?v=pkKn8q5AvsY,163,,English,,
yt_html_766,Full Stack Development,Full-Stack User Authentication & Permissions,,Beginner,"MERN Stack Auth System | Role-Based Access, JWT Tokens, Pagination",Bekzat Kali,https://www.youtube.com/watch?v=3mXc82p3ZGg,143,,English,,
yt_html_767,Full Stack Development,Full-Stack User Authentication & Permissions,,Beginner,"Authentication Explained: When to Use Basic, Bearer, OAuth2, JWT & SSO",Hayk Simonyan,https://www.youtube.com/watch?v=9JPnN1Z_iSY,6,,English,,
yt_html_768,Full Stack Development,Full-Stack User Authentication & Permissions,,Beginner,"Complete Login/Signup MERN Stack | Mongo, Express, React and Node Authentication with Deployment",Imran Shaikh,https://www.youtube.com/watch?v=OYkmIIKfWq4,103,,English,,
yt_html_769,Full Stack Development,Full-Stack User Authentication & Permissions,,Beginner,Full Stack Application with Laravel and Angular | Unauthorized access control,Learning Points,https://www.youtube.com/watch?v=tIPi5FJPTlE,13,,English,,
yt_html_770,Full Stack Development,Full-Stack User Authentication & Permissions,,Beginner,"Django & React Web App Tutorial - Authentication, Databases, Deployment & More...",Tech With Tim,https://www.youtube.com/watch?v=c-QsfbznSXI,142,,English,,
yt_html_771,Full Stack Development,Full-Stack User Authentication & Permissions,,Beginner,Node.js & Express Role-Based Authorization Tutorial | How to Manage User Roles and Permission,Dipesh Malvia,https://www.youtube.com/watch?v=HHuiV841g_w,47,,English,,
yt_html_772,Full Stack Development,Full-Stack User Authentication & Permissions,,Beginner,Lecture 22: Authentication System from Pseudo Code to Real Code | Full-Stack Army | Stack Learner,Stack Learner,https://www.youtube.com/watch?v=0gl4grplEcI,182,,English,,
yt_html_773,Full Stack Development,Full-Stack User Authentication & Permissions,,Beginner,Control the user access to the resources by permission | Full Stack Laravel Vue Development| Part 30,Sadek - SaaS business coach,https://www.youtube.com/watch?v=47JkN7QA0fs,18,,English,,
yt_html_774,Full Stack Development,Full-Stack User Authentication & Permissions,,Beginner,Java Spring Boot Security Tutorial: JWT Authentication & Authorization | MySQL | code logic - Tamil,code logic - Tamil,https://www.youtube.com/watch?v=YFMF-P0W3tM,111,,English,,
yt_html_775,Full Stack Development,Full-Stack User Authentication & Permissions,,Beginner,AM Coder - Masonite 4 Tutorial #8 - Full Stack Authentication/Authorization,"Code, Data and Tech with Alex Merced",https://www.youtube.com/watch?v=qq3Jre6rdQs,23,,English,,
yt_html_776,Full Stack Development,Full-Stack User Authentication & Permissions,,Beginner,Quickly Authenticate Users with FastAPI and Token Authentication,Akamai Developers,https://www.youtube.com/watch?v=5GxQ1rLTwaU,46,,English,,
yt_html_777,Full Stack Development,Full-Stack User Authentication & Permissions,,Beginner,Next.js Authentication & Login | Nextjs 15 Full Stack Project,Dave Gray,https://www.youtube.com/watch?v=GjVcSpKCoB8,42,,English,,
yt_html_778,Full Stack Development,Full-Stack User Authentication & Permissions,,Beginner,Full Stack Application with Laravel and Angular | Logout User,Learning Points,https://www.youtube.com/watch?v=ggYSsJKPqz4,11,,English,,
yt_html_779,Full Stack Development,Full-Stack User Authentication & Permissions,,Beginner,Learn How to Create a Login & Registration System in PHP & MySQL | Step-by-Step Tutorial | PHP MySQL,Suleman - Jack of All Trades,https://www.youtube.com/watch?v=Bk7jx3For00,0,,English,,
yt_html_780,Full Stack Development,Full-Stack User Authentication & Permissions,,Beginner,Stop Adding Login and Signup to Your Web Apps  #webdevelopment,Sam Meech-Ward,https://www.youtube.com/watch?v=cuGFjE8REpU,0,,English,,
yt_html_781,Full Stack Development,Full-Stack User Authentication & Permissions,,Beginner,8. Authentication and authorization for backend engineers,Sriniously,https://www.youtube.com/watch?v=A95rliroC8Q,96,,English,,
yt_html_782,Full Stack Development,Full-Stack User Authentication & Permissions,,Beginner,"MERN stack secure authentication Part 7 | Private endpoints | JWT, Cookies, Bcrypt, React Hooks.",Devistry,https://www.youtube.com/watch?v=H7zPynlByzQ,23,,English,,
yt_html_783,Full Stack Development,Full-Stack User Authentication & Permissions,,Beginner,Multiple Role Base authentication with React. #algorithms #softwareengineer #react #authentication,Swagasoft Programming,https://www.youtube.com/watch?v=NwoBP33xZvw,1,,English,,
yt_html_784,Full Stack Development,Full-Stack User Authentication & Permissions,,Beginner,Full Stack Web Development  - Admin Panel - Authentication -  5 Route Protecting using Middleware,Neoworks,https://www.youtube.com/watch?v=_b5wZnvzkyI,7,,English,,
yt_html_785,Full Stack Development,Full-Stack User Authentication & Permissions,,Beginner,"Authentication in React with JWTs, Access & Refresh Tokens (Complete Tutorial)",Cosden Solutions,https://www.youtube.com/watch?v=AcYF18oGn6Y,24,,English,,
yt_html_786,Full Stack Development,Full-Stack User Authentication & Permissions,,Beginner,Full Stack Authentication (MERN) Login Registration (Backend) API & Model,Nexa Coder,https://www.youtube.com/watch?v=ZYGodWMfbeU,63,,English,,
yt_html_787,Full Stack Development,Full-Stack User Authentication & Permissions,,Intermediate,Master Senior Level Authentication In 4 Hours,Web Dev Simplified,https://www.youtube.com/watch?v=WPiqNDapQrk,273,,English,,
yt_html_788,Full Stack Development,Full-Stack User Authentication & Permissions,,Intermediate,Beginner Next.js Tutorial: Build a Fullstack Task App with Authentication,ケン吉 / ゼロから作るAIアプリ開発,https://www.youtube.com/watch?v=PHTqH_4hrxo,68,,English,,
yt_html_789,Full Stack Development,Full-Stack User Authentication & Permissions,,Intermediate,Build An Express Middleware For JWT Authentication With Bcrypt Passport | 0010-21,FullStack Master,https://www.youtube.com/watch?v=-XvBsTKAipQ,20,,English,,
yt_html_790,Full Stack Development,Full-Stack User Authentication & Permissions,,Intermediate,is Clerk Authentication good? #coding #developer #softwareengineer #code #programming,Your Average Tech Bro,https://www.youtube.com/watch?v=i9aG6lFQznM,1,,English,,
yt_html_791,Full Stack Development,Full-Stack User Authentication & Permissions,,Intermediate,"JWT Authentication with .NET 9 🚀 Full Course with Roles, JSON Web Tokens & Refresh Tokens",Patrick God,https://www.youtube.com/watch?v=6EEltKS8AwA,74,,English,,
yt_html_792,Full Stack Development,Full-Stack User Authentication & Permissions,,Intermediate,Create Google API Key (2024) || Google Cloud Platform *NEW*,Code & Code,https://www.youtube.com/watch?v=0CjhdY7KXu4,1,,English,,
yt_html_793,Full Stack Development,Full-Stack User Authentication & Permissions,,Intermediate,"Node.js Authentication & Authorization Mastery | JWT, OAuth, 2FA, RBAC, VPS Deployment, Hostinger",Sangam Mukherjee,https://www.youtube.com/watch?v=nHvf6P4cFCQ,213,,English,,
yt_html_794,Full Stack Development,Full-Stack User Authentication & Permissions,,Intermediate,Create a full Log-in page with just ChatGPT,100x Engineers,https://www.youtube.com/watch?v=AAjRbO2JCBw,1,,English,,
yt_html_795,Full Stack Development,Full-Stack User Authentication & Permissions,,Intermediate,"MERN Authentication Tutorial #2 - User Routes, Controller & Model",Net Ninja,https://www.youtube.com/watch?v=b5LDOW8WJ9A,12,,English,,
yt_html_796,Full Stack Development,Full-Stack User Authentication & Permissions,,Intermediate,Role-based access control (RBAC) vs. Attribute-based access control (ABAC),IBM Technology,https://www.youtube.com/watch?v=rvZ35YW4t5k,8,,English,,
yt_html_797,Full Stack Development,Full-Stack User Authentication & Permissions,,Intermediate,Don’t Use JWT for Login Sessions,Coding in Flow,https://www.youtube.com/watch?v=lkcSjV92ZPI,1,,English,,
yt_html_798,Full Stack Development,Full-Stack User Authentication & Permissions,,Intermediate,"Full Stack Web Development | Day 13 | MongoDB App, Authentication & Authorization | EDXcellence",EDXcellence Academy @Learn without Limits,https://www.youtube.com/watch?v=57z63HzdY48,60,,English,,
yt_html_799,Full Stack Development,Full-Stack User Authentication & Permissions,,Intermediate,Create a Complete Authentication System  in Node.js | TypeScript + Prisma + PostgreSQL + Express,Spicarr Programming,https://www.youtube.com/watch?v=IPCzbaWUgCw,70,,English,,
yt_html_800,Full Stack Development,Full-Stack User Authentication & Permissions,,Intermediate,API key explained in simple terms. What do you want me to explain next? Drop it in the comments!,Skill Foundry,https://www.youtube.com/watch?v=Rc0YRxAyVV4,1,,English,,
yt_html_801,Full Stack Development,Full-Stack User Authentication & Permissions,,Intermediate,"API Authentication: JWT, OAuth2, and More",ByteMonk,https://www.youtube.com/watch?v=xJA8tP74KD0,6,,English,,
yt_html_802,Full Stack Development,Full-Stack User Authentication & Permissions,,Intermediate,"Python Full Stack Authentication Routes + Security | JWT, Protected Routes & CRUD | EP-30",Anna Education,https://www.youtube.com/watch?v=h4xtPZsM5Nk,56,,English,,
yt_html_803,Full Stack Development,Full-Stack User Authentication & Permissions,,Intermediate,11. Advanced Authentication in Django | Django complete tutorial,Coding for All ,https://www.youtube.com/watch?v=h3R0YtYD5aE,23,,English,,
yt_html_804,Full Stack Development,Full-Stack User Authentication & Permissions,,Intermediate,Master Role-Based Access Control Patterns,Piyush Garg,https://www.youtube.com/watch?v=Cy-o0LECWWU,41,,English,,
yt_html_805,Full Stack Development,Full-Stack User Authentication & Permissions,,Advanced,Python Developers... Learn DJANGO,Tech With Tim,https://www.youtube.com/watch?v=hl8QKaXE_Vg,1,,English,,
yt_html_806,Full Stack Development,Full-Stack User Authentication & Permissions,,Advanced,[22] Authentication For Admin/User - Ecommerce Tutorial using MERN Stack,WebStoreMaker,https://www.youtube.com/watch?v=OhPE9n1Ftc0,13,,English,,
yt_html_807,Full Stack Development,Full-Stack User Authentication & Permissions,,Advanced,Login Authentication in React.js with Redux | MERN Stack Project,Dave Gray,https://www.youtube.com/watch?v=PDJm1Hwx0oo,34,,English,,
yt_html_808,Full Stack Development,Full-Stack User Authentication & Permissions,,Advanced,JWT Authentication in Microservices Architecture,EmbarkX | Real Engineering | Faisal Memon,https://www.youtube.com/watch?v=yzriEBtEee4,1,,English,,
yt_html_809,Full Stack Development,Full-Stack User Authentication & Permissions,,Advanced,OAuth2 Explained In 60 Seconds | The #1 Authentication Framework For Production APIs,Tanner,https://www.youtube.com/watch?v=B8fSAYxRkGo,1,,English,,
yt_html_810,Full Stack Development,Full-Stack User Authentication & Permissions,,Advanced,"User Management in MERN: Create, Authenticate, and Administer Your MERN E-Commerce Store",HuXn WebDev,https://www.youtube.com/watch?v=KXzc-fTFIRE,235,,English,,
yt_html_811,Full Stack Development,Full-Stack User Authentication & Permissions,,Advanced,Authentication vs Authorization,A Binary Code,https://www.youtube.com/watch?v=FyLHWTSkFoo,1,,English,,
yt_html_812,Full Stack Development,Full-Stack User Authentication & Permissions,,Advanced,Spring Security Architecture & Flow ✅ #coding #java,CodeSnippet,https://www.youtube.com/watch?v=8dY7ybWNNME,1,,English,,
yt_html_813,Full Stack Development,Full-Stack User Authentication & Permissions,,Advanced,AUTHENTICATION PROJECT USING DJANGO STARTED #shorts #youtubeshorts #coding #cman #programming,CMan INDIA,https://www.youtube.com/watch?v=LF1C5m4ZT1M,0,,English,,
yt_html_814,Full Stack Development,Full-Stack User Authentication & Permissions,,Advanced,#111 User Roles and Permission | Authentication & Authorization | A Complete NODE JS Course,procademy,https://www.youtube.com/watch?v=PLn4kBtFurI,19,,English,,
yt_html_815,Full Stack Development,Full-Stack User Authentication & Permissions,,Advanced,Building a Full-Stack React App with Firebase: Advanced Techniques and Best Practices,Like WD,https://www.youtube.com/watch?v=FkXxyUwnXZE,7,,English,,
yt_html_816,Full Stack Development,Full-Stack User Authentication & Permissions,,Advanced,Better-Auth Advanced Masterclass with Next.js 16  Full Course,Programming with Atiq,https://www.youtube.com/watch?v=roHoUhdiae4,254,,English,,
yt_html_817,Full Stack Development,Full-Stack User Authentication & Permissions,,Advanced,12. Advanced Authentication in Django | Django complete tutorial,Coding for All ,https://www.youtube.com/watch?v=r2rtD5bEP2Y,22,,English,,
yt_html_818,Full Stack Development,Databases,,Beginner,What is Database & Database Management System DBMS | Intro to DBMS,Tech Might,https://www.youtube.com/watch?v=X7v0O8yiUuY,4,,English,,
yt_html_819,Full Stack Development,Databases,,Beginner,"SQL Roadmap 2025 | Skills, Topics & Subtopics to Master SQL",TechE,https://www.youtube.com/watch?v=_9lCQVmqZ9o,0,,English,,
yt_html_820,Full Stack Development,Databases,,Beginner,Databases In-Depth – Complete Course,freeCodeCamp.org,https://www.youtube.com/watch?v=pPqazMTzNOM,221,,English,,
yt_html_821,Full Stack Development,Databases,,Beginner,Harvard CS50’s Intro to Databases with SQL – Full University Course,freeCodeCamp.org,https://www.youtube.com/watch?v=WXk7yDqsKxs,669,,English,,
yt_html_822,Full Stack Development,Databases,,Beginner,Relational Database Design – Full Course,freeCodeCamp.org,https://www.youtube.com/watch?v=26ls5lNiijk,355,,English,,
yt_html_823,Full Stack Development,Databases,,Beginner,Database Design & Data Modeling Full Course For Beginners [2026],Ansh Lamba,https://www.youtube.com/watch?v=_jf7KZqne-8,221,,English,,
yt_html_824,Full Stack Development,Databases,,Beginner,Write your first SQL in the next 20 minutes by starting my FREE course,Charlotte Chaze | Break Into Tech,https://www.youtube.com/watch?v=Out1vc0vXhc,0,,English,,
yt_html_825,Full Stack Development,Databases,,Beginner,How to Use Microsoft Access 365 Query Wizard for Beginners,Burtons Media Group,https://www.youtube.com/watch?v=URCDt8A1NmI,1,,English,,
yt_html_826,Full Stack Development,Databases,,Beginner,MySQL: How to create a DATABASE,Bro Code,https://www.youtube.com/watch?v=9LQ9rGoGfYQ,4,,English,,
yt_html_827,Full Stack Development,Databases,,Beginner,What Is a Relational Database? | Beginner’s Guide,Knewget,https://www.youtube.com/watch?v=zDNAOM6Mx4E,8,,English,,
yt_html_828,Full Stack Development,Databases,,Beginner,SQL Full Course for free 🐬,Bro Code,https://www.youtube.com/watch?v=5OdVJbNCSso,180,,English,,
yt_html_829,Full Stack Development,Databases,,Beginner,DBMS Complete Course | Basics to Advanced in Tamil,Hareesh Rajendran,https://www.youtube.com/watch?v=mDFXzRBpJTI,46,,English,,
yt_html_830,Full Stack Development,Databases,,Beginner,SQL Explained: A Beginner's Guide,Tom Shaw,https://www.youtube.com/watch?v=dmiSG-PDNxg,1,,English,,
yt_html_831,Full Stack Development,Databases,,Beginner,Data Entry Full Course for Beginners!,Sadiq Umar,https://www.youtube.com/watch?v=LbYmXyPLB9s,12,,English,,
yt_html_832,Full Stack Development,Databases,,Beginner,SQL in just 100 Seconds,GeeksforGeeks,https://www.youtube.com/watch?v=8F2wk8qeZ6Y,2,,English,,
yt_html_833,Full Stack Development,Databases,,Beginner,SQL Tutorial - Full Database Course for Beginners,freeCodeCamp.org,https://www.youtube.com/watch?v=HXV3zeQKqGY,261,,English,,
yt_html_834,Full Stack Development,Databases,,Beginner,Complete DBMS Data Base Management System in one shot | Semester Exam | Hindi,KnowledgeGATE by Sanchit Sir,https://www.youtube.com/watch?v=YRnjGeQbsHQ,334,,English,,
yt_html_835,Full Stack Development,Databases,,Beginner,you need to learn SQL RIGHT NOW!! (SQL Tutorial for Beginners),NetworkChuck,https://www.youtube.com/watch?v=xiUTqnI6xk8,24,,English,,
yt_html_836,Full Stack Development,Databases,,Beginner,MySQL Tutorial for Beginners | How to create database and add table in XAMPP using MYSQL,Electrical & Computer Engineering Project,https://www.youtube.com/watch?v=WmFHreVid-k,11,,English,,
yt_html_837,Full Stack Development,Databases,,Beginner,SQL Tutorial for Beginners (Complete Course using MySQL),CodeWithHarry,https://www.youtube.com/watch?v=yE6tIle64tU,238,,English,,
yt_html_838,Full Stack Development,Databases,,Beginner,Basic SQL Commands   #sql #sqlserver #basic #sqlbasics,CydexCode,https://www.youtube.com/watch?v=DXpsNQqSFQw,0,,English,,
yt_html_839,Full Stack Development,Databases,,Beginner,MS Access - Tables Part 1: Creating a database and tables,Mr Long Education - IT & CAT,https://www.youtube.com/watch?v=torQilq_M2s,19,,English,,
yt_html_840,Full Stack Development,Databases,,Beginner,Watch this video to master databases as a beginner!,Tech With Tim,https://www.youtube.com/watch?v=ASt7ELnqcDg,1,,English,,
yt_html_841,Full Stack Development,Databases,,Beginner,Complete DBMS in 1 Video (With Notes) || For Placement Interviews,CodeHelp - by Babbar,https://www.youtube.com/watch?v=dl00fOOYLOM,702,,English,,
yt_html_842,Full Stack Development,Databases,,Beginner,SQL - Complete Course in 3 Hours | SQL One Shot using MySQL,Apna College,https://www.youtube.com/watch?v=hlGoQC332VM,196,,English,,
yt_html_843,Full Stack Development,Databases,,Beginner,Introduction to Database Management Systems,Neso Academy,https://www.youtube.com/watch?v=6Iu45VZGQDk,11,,English,,
yt_html_844,Full Stack Development,Databases,,Beginner,🚀 Roadmap to Learn SQL | Beginner to Advanced SQL Topics Explained #sql #coding #webdevelopment,CodeBuddy ,https://www.youtube.com/watch?v=D0QkKi0hzAA,0,,English,,
yt_html_845,Full Stack Development,Databases,,Beginner,Learn 12 Basic SQL Concepts in 15 Minutes (project files included!),Maven Analytics,https://www.youtube.com/watch?v=_vxobA36UN4,17,,English,,
yt_html_846,Full Stack Development,Databases,,Beginner,What is SQL? Future Career Scope & Resources,Apna College,https://www.youtube.com/watch?v=UOJZTqA5Loc,6,,English,,
yt_html_847,Full Stack Development,Databases,,Beginner,Lec-2: Introduction to DBMS (Database Management System) With Real life examples | What is DBMS,Gate Smashers,https://www.youtube.com/watch?v=3EJlovevfcA,12,,English,,
yt_html_848,Full Stack Development,Databases,,Beginner,How to use Microsoft Access - Beginner Tutorial,Kevin Stratvert,https://www.youtube.com/watch?v=ubmwp8kbfPc,31,,English,,
yt_html_849,Full Stack Development,Databases,,Beginner,SQL Full Course for Beginners (Complete Guide For Data Engineers),Ansh Lamba,https://www.youtube.com/watch?v=YimMzb0mHkI,378,,English,,
yt_html_850,Full Stack Development,Databases,,Beginner,Data Entry Tutorial for Beginners | How to Do Data Entry Work | Step-by-Step Guide | CTA,Computer Tech Academy,https://www.youtube.com/watch?v=okFmtOCReFU,15,,English,,
yt_html_851,Full Stack Development,Databases,,Beginner,Lec 1:  Introduction to DBMS | Database Management System,Jenny's Lectures CS IT,https://www.youtube.com/watch?v=T7AxM7Vqvaw,22,,English,,
yt_html_852,Full Stack Development,Databases,,Beginner,Create database using MYSQL Workbench #mysql,ICT Lessons,https://www.youtube.com/watch?v=ri4uLBOKpV0,0,,English,,
yt_html_853,Full Stack Development,Databases,,Beginner,Database Tutorial for Beginners,Lucid Software,https://www.youtube.com/watch?v=wR0jg0eQsZA,6,,English,,
yt_html_854,Full Stack Development,Databases,,Beginner,What is SQL? [in 4 minutes for beginners],Danielle Thé,https://www.youtube.com/watch?v=27axs9dO7AE,4,,English,,
yt_html_855,Full Stack Development,Databases,,Beginner,#1 What is SQL ? | What is MySQL ? | Database Explained | Error Makes Clever | In Tamil,Error Makes Clever,https://www.youtube.com/watch?v=QvTo1_-n0UE,6,,English,,
yt_html_856,Full Stack Development,Databases,,Beginner,"Data Analytics Tutorial For Beginners Complete Course | Foundations: Data, Data, Everywhere, Google",My Lesson,https://www.youtube.com/watch?v=vqZ1C2elmac,156,,English,,
yt_html_857,Full Stack Development,Databases,,Beginner,Database Design Course - Learn how to design and plan a database for beginners,freeCodeCamp.org,https://www.youtube.com/watch?v=ztHopE5Wnpc,487,,English,,
yt_html_858,Full Stack Development,Databases,,Beginner,Database Lesson #1 of 8 - Introduction to Databases,Dr. Daniel Soper,https://www.youtube.com/watch?v=4Z9KEBexzcM,39,,English,,
yt_html_859,Full Stack Development,Databases,,Beginner,SQL Basics for Beginners | Learn SQL | SQL Tutorial for Beginners | Edureka,edureka!,https://www.youtube.com/watch?v=zbMHLJ0dY4w,28,,English,,
yt_html_860,Full Stack Development,Databases,,Beginner,MySQL - The Basics // Learn SQL in 23 Easy Steps,Fireship,https://www.youtube.com/watch?v=Cz3WcZLRaWc,17,,English,,
yt_html_861,Full Stack Development,Databases,,Beginner,SQL Tutorial for Beginners,Kevin Stratvert,https://www.youtube.com/watch?v=h0nxCDiD-zg,45,,English,,
yt_html_862,Full Stack Development,Databases,,Beginner,What is Database with Full Information? – [Hindi] – Quick Support,Quick Support,https://www.youtube.com/watch?v=er3KZYgovhY,11,,English,,
yt_html_863,Full Stack Development,Databases,,Beginner,What is a database!? (In 50 seconds) 👩‍💻 #technology #programming #software #opensource #devops,Coding with Lewis,https://www.youtube.com/watch?v=IDHua_d1bFQ,1,,English,,
yt_html_864,Full Stack Development,Databases,,Beginner,SQL Course for Beginners [Full Course],Programming with Mosh,https://www.youtube.com/watch?v=7S_tz1z_5bA,190,,English,,
yt_html_865,Full Stack Development,Databases,,Beginner,SQL Explained in 100 Seconds,Fireship,https://www.youtube.com/watch?v=zsjvFFKOm3c,2,,English,,
yt_html_866,Full Stack Development,Databases,,Beginner,Learn Basic SQL in 15 Minutes | Business Intelligence For Beginners | SQL Tutorial For Beginners 1/3,Adam Finer - Learn BI,https://www.youtube.com/watch?v=kbKty5ZVKMY,18,,English,,
yt_html_867,Full Stack Development,Databases,,Beginner,"SQL Tutorial for Beginners | Types of SQL Commands (DDL, DML, DCL, TCL) Explained #mysql #sql #viral",CodeBuddy ,https://www.youtube.com/watch?v=nAtT8NRD0tE,0,,English,,
yt_html_868,Full Stack Development,Databases,,Intermediate,SQL Basics Tutorial for Beginners (Practice SQL Queries),techTFQ,https://www.youtube.com/watch?v=Hl4NZB1XR9c,70,,English,,
yt_html_869,Full Stack Development,Databases,,Intermediate,SQL Tutorial for Beginners | Full SQL Course In Hindi,Rishabh Mishra,https://www.youtube.com/watch?v=On9eSN3F8w0,155,,English,,
yt_html_870,Full Stack Development,Databases,,Intermediate,Intermediate SQL Tutorial | Partition By,Alex The Analyst,https://www.youtube.com/watch?v=D6XNlTfglW4,4,,English,,
yt_html_871,Full Stack Development,Databases,,Intermediate,SQL Server Crash course | Microsoft SQL Server Tutorial | From Absolute Beginners to Advanced,TutorialBrain,https://www.youtube.com/watch?v=lo80Q8C0nXk,128,,English,,
yt_html_872,Full Stack Development,Databases,,Intermediate,Database Testing-Data Testing In Software Testing-SQL Tutorial for Beginners-Database Test Plan-SQL,Software and Testing Training,https://www.youtube.com/watch?v=W_fH6CqiTDU,53,,English,,
yt_html_873,Full Stack Development,Databases,,Intermediate,Intermediate SQL Tutorial | Case Statement | Use Cases,Alex The Analyst,https://www.youtube.com/watch?v=Twusw__OzA8,7,,English,,
yt_html_874,Full Stack Development,Databases,,Intermediate,SQL Basics Tutorial For Beginners | Installing SQL Server Management Studio and Create Tables | 1/4,Alex The Analyst,https://www.youtube.com/watch?v=RSlqWnP-Dy8,10,,English,,
yt_html_875,Full Stack Development,Databases,,Intermediate,AWS DynamoDB Tutorial For Beginners,Be A Better Dev,https://www.youtube.com/watch?v=2k2GINpO308,38,,English,,
yt_html_876,Full Stack Development,Databases,,Intermediate,Database Migrations for Beginners | Flyway Tutorial,Redhwan Nacef,https://www.youtube.com/watch?v=dJDBP7pPA-o,18,,English,,
yt_html_877,Full Stack Development,Databases,,Intermediate,Microsoft Excel 2021/365 Tutorial: 3.5+ Hours of Advanced Excel Training Course,Simon Sez IT,https://www.youtube.com/watch?v=PlPgYOFJROI,224,,English,,
yt_html_878,Full Stack Development,Databases,,Intermediate,SQL Database Design Tutorial for Beginners | Data Analyst Portfolio Project (1/3),Adam Finer - Learn BI,https://www.youtube.com/watch?v=MiAl2mQ718s,16,,English,,
yt_html_879,Full Stack Development,Databases,,Intermediate,Learn PostgreSQL Tutorial - Full Course for Beginners,freeCodeCamp.org,https://www.youtube.com/watch?v=qw--VYLpxG4,260,,English,,
yt_html_880,Full Stack Development,Databases,,Intermediate,Complete SQL JOINS For Beginners | SQL JOIN Queries with Examples | SQL Tutorial in Hindi 11,Rishabh Mishra,https://www.youtube.com/watch?v=H6988OpZKTU,21,,English,,
yt_html_881,Full Stack Development,Databases,,Intermediate,Intermediate SQL Tutorial | Unions | Union Operator,Alex The Analyst,https://www.youtube.com/watch?v=lYKkro6rKm0,5,,English,,
yt_html_882,Full Stack Development,Databases,,Intermediate,Data Warehouse Tutorial For Beginners | Data Warehouse Concepts | Intellipaat,Intellipaat,https://www.youtube.com/watch?v=fGaJru-1fjI,153,,English,,
yt_html_883,Full Stack Development,Databases,,Intermediate,Advanced SQL Tutorial | CTE (Common Table Expression),Alex The Analyst,https://www.youtube.com/watch?v=K1WeoKxLZ5o,4,,English,,
yt_html_884,Full Stack Development,Databases,,Intermediate,Microsoft Access Tutorial - Beginners Level 1 (Quick Start),Teacher's Tech,https://www.youtube.com/watch?v=Sxp8YjKu_Tc,26,,English,,
yt_html_885,Full Stack Development,Databases,,Intermediate,SQL Tutorial for Beginners in Hindi (SQL Full Course) - Great Learning,Great Learning,https://www.youtube.com/watch?v=1dWCqjhvF58,178,,English,,
yt_html_886,Full Stack Development,Databases,,Intermediate,Pivot Tables in Excel | Excel Tutorials for Beginners,Alex The Analyst,https://www.youtube.com/watch?v=lH7HfwUFnYA,18,,English,,
yt_html_887,Full Stack Development,Databases,,Intermediate,Advanced SQL Tutorial | Temp Tables,Alex The Analyst,https://www.youtube.com/watch?v=RF0LE3hYFrI,10,,English,,
yt_html_888,Full Stack Development,Databases,,Intermediate,Data Warehouse Tutorial For Beginners | Data Warehouse Concepts | Data Warehousing | Edureka,edureka!,https://www.youtube.com/watch?v=J326LIUrZM8,99,,English,,
yt_html_889,Full Stack Development,Databases,,Intermediate,A Beginners Guide To The Data Analysis Process,CareerFoundry,https://www.youtube.com/watch?v=lgCNTuLBMK4,10,,English,,
yt_html_890,Full Stack Development,Databases,,Intermediate,Beginners guide to coding qualitative data,Quirkos - Simple Qualitative Analysis Software,https://www.youtube.com/watch?v=lYzhgMZii3o,9,,English,,
yt_html_891,Full Stack Development,Databases,,Intermediate,What Is SQL? #shorts,Maven Analytics,https://www.youtube.com/watch?v=oS36a4O9iIM,1,,English,,
yt_html_892,Full Stack Development,Databases,,Intermediate,"Intermediate Excel Skills, Tips, and Tricks Tutorial",Technology for Teachers and Students,https://www.youtube.com/watch?v=lxq_46nY43g,20,,English,,
yt_html_893,Full Stack Development,Databases,,Intermediate,Power BI Tutorial For Beginners | Create Your First Dashboard Now (Practice Files included),Leila Gharani,https://www.youtube.com/watch?v=c7LrqSxjJQQ,23,,English,,
yt_html_894,Full Stack Development,Databases,,Intermediate,Microsoft Access - Tutorial for Beginners in 12 MINS!  [ + AI USE ],Skills Factory,https://www.youtube.com/watch?v=HDbGw1TInPk,12,,English,,
yt_html_895,Full Stack Development,Databases,,Intermediate,NoSQL Database Tutorial – Full Course for Beginners,freeCodeCamp.org,https://www.youtube.com/watch?v=xh4gy1lbL2k,175,,English,,
yt_html_896,Full Stack Development,Databases,,Intermediate,Oracle SQL for Beginners | SQL Complete Tutorial for Beginners | SQL Full Course,NIC IT ACADEMY,https://www.youtube.com/watch?v=iuvzjf7nU1I,434,,English,,
yt_html_897,Full Stack Development,Databases,,Intermediate,Excel Tutorial for Beginners: Learn it FAST,Chandoo,https://www.youtube.com/watch?v=F7aPazuS8QY,32,,English,,
yt_html_898,Full Stack Development,Databases,,Intermediate,Advanced SQL Tutorial | Subqueries,Alex The Analyst,https://www.youtube.com/watch?v=m1KcNV-Zhmc,9,,English,,
yt_html_899,Full Stack Development,Databases,,Intermediate,Power Bi tutorial for Beginners | Power BI Dashboard Project in Hindi | Power Bi Course 2023,Rishabh Mishra,https://www.youtube.com/watch?v=6cV3OwFrOkk,45,,English,,
yt_html_900,Full Stack Development,Databases,,Intermediate,How to Install Tableau and Create First Visualization | Tableau Tutorials for Beginners,Alex The Analyst,https://www.youtube.com/watch?v=6xv1KvCMF1Q,17,,English,,
yt_html_901,Full Stack Development,Databases,,Intermediate,Advanced SQL Tutorial | Stored Procedures + Use Cases,Alex The Analyst,https://www.youtube.com/watch?v=NrBJmtD0kEw,6,,English,,
yt_html_902,Full Stack Development,Databases,,Intermediate,PHP With MySQL Tutorial For Beginners | PHP And MySQL Database Tutorial | PHP Tutorial | Simplilearn,Simplilearn,https://www.youtube.com/watch?v=nP-MvFoDVZE,23,,English,,
yt_html_903,Full Stack Development,Databases,,Intermediate,SQL Advanced Tutorial | Advanced SQL Tutorial With Examples | SQL For Beginners | Simplilearn,Simplilearn,https://www.youtube.com/watch?v=M-55BmjOuXY,60,,English,,
yt_html_904,Full Stack Development,Databases,,Intermediate,Php Tutorial for Beginners in Hindi with MySQL Project,CodeWithHarry,https://www.youtube.com/watch?v=1SnPKhCdlsU,154,,English,,
yt_html_905,Full Stack Development,Databases,,Intermediate,SQL JOINS Tutorial for beginners | Practice SQL Queries using JOINS - Part 1,techTFQ,https://www.youtube.com/watch?v=0OQJDd3QqQM,35,,English,,
yt_html_906,Full Stack Development,Databases,,Intermediate,SQL Tutorial for Beginners [Ultimate Full Course] - From Zero to HERO,Data with Baraa,https://www.youtube.com/watch?v=NTgejLheGeU,244,,English,,
yt_html_907,Full Stack Development,Databases,,Intermediate,Intermediate SQL Tutorial | Updating/Deleting Data,Alex The Analyst,https://www.youtube.com/watch?v=bhnrIforc7s,5,,English,,
yt_html_908,Full Stack Development,Databases,,Intermediate,Cleaning Data in Excel | Excel Tutorials for Beginners,Alex The Analyst,https://www.youtube.com/watch?v=_jmiEGZ6PIY,21,,English,,
yt_html_909,Full Stack Development,Databases,,Advanced,Advanced SQL for Data Analysis - 10 Powerful Examples in 40 minutes 🕗,Chandoo,https://www.youtube.com/watch?v=Ejxam_CBY9U,44,,English,,
yt_html_910,Full Stack Development,Databases,,Advanced,Fastest Way To Learn SQL,Sahil & Sarra,https://www.youtube.com/watch?v=pKzazzwVEDg,0,,English,,
yt_html_911,Full Stack Development,Databases,,Advanced,Advanced SQL Full Tutorial | SQL Subqueries | Structured Query Language | Windows Function | #SCALER,SCALER,https://www.youtube.com/watch?v=dQ7l9k7A_nY,55,,English,,
yt_html_912,Full Stack Development,Databases,,Advanced,Complete DBMS Database Management System in One Shot 5 Hours | Semester Exam | Hindi,5 Minutes Engineering,https://www.youtube.com/watch?v=jzuzxEFoiss,337,,English,,
yt_html_913,Full Stack Development,Databases,,Advanced,SQL Tutorial from Basic to Advanced | 30 Days SQL learning Challenge,Satish Dhawale,https://www.youtube.com/watch?v=KvT6urWNBBc,17,,English,,
yt_html_914,Full Stack Development,Databases,,Advanced,SUMIF Formula in excel | advanced excel tutorial #excel #exceltips #exceltutorial #exceltutorial,DevelopersGuides,https://www.youtube.com/watch?v=hG_moBiXq38,0,,English,,
yt_html_915,Full Stack Development,Databases,,Advanced,SQL Full Course for Beginners (30 Hours) – From Zero to Hero,Data with Baraa,https://www.youtube.com/watch?v=SSKVgrwhzus,348,,English,,
yt_html_916,Full Stack Development,Databases,,Advanced,Azure Data Factory ADVANCED Course [The Complete Guide With CI/CD],Ansh Lamba,https://www.youtube.com/watch?v=KxUm1eXQha8,208,,English,,
yt_html_917,Full Stack Development,Databases,,Advanced,SQL Tutorial from Basic to Advanced | Learn SQL from Scratch to Advanced + Real Project,WeXllent,https://www.youtube.com/watch?v=hyyqYLZ9--s,561,,English,,
yt_html_918,Full Stack Development,Databases,,Advanced,"Learn Database Normalization - 1NF, 2NF, 3NF, 4NF, 5NF",Decomplexify,https://www.youtube.com/watch?v=GFQaEYEc8_8,29,,English,,
yt_html_919,Full Stack Development,Databases,,Advanced,SQL tutorial from basic to advance in one complete video | SQL Full Course in Hindi,Satish Dhawale,https://www.youtube.com/watch?v=8IuqFU5gw1E,483,,English,,
yt_html_920,Full Stack Development,Databases,,Advanced,Master POSTGRESQL in ONE VIDEO: Beginner to Advanced Course For Beginners in Hindi | MPrashant,MPrashant TECH,https://www.youtube.com/watch?v=cnzka7kF5Zk,288,,English,,
yt_html_921,Full Stack Development,Databases,,Advanced,🤔 Find Nth Highest Salary sql #sql #sqlinterviewquestionsandanswers,Traidev Official ,https://www.youtube.com/watch?v=MYVgiKriVeI,1,,English,,
yt_html_922,Full Stack Development,Databases,,Advanced,What is DBMS? full Explanation | DBMS Introduction | #dbms,Learn Coding,https://www.youtube.com/watch?v=H9ICBRHz7Lo,20,,English,,
yt_html_923,Full Stack Development,Databases,,Advanced,Advanced SQL Full Course 2025 | Advanced SQL Tutorial for Beginners | Advanced SQL | Simplilearn,Simplilearn,https://www.youtube.com/watch?v=FcwHVeIUQSk,713,,English,,
yt_html_924,Full Stack Development,Databases,,Advanced,Power BI Full Course 2025: Complete Beginner to Advanced Tutorial in English,WsCube Tech! ENGLISH,https://www.youtube.com/watch?v=_76bzIuz-dU,206,,English,,
yt_html_925,Full Stack Development,Databases,,Advanced,Master MySQL in ONE VIDEO: Beginner to Advanced Course in Hindi | MPrashant,MPrashant TECH,https://www.youtube.com/watch?v=Hy3qbMAoEJk,419,,English,,
yt_html_926,Full Stack Development,Databases,,Advanced,Advanced Databases Tutorial: T-SQL Querying,DevTalk,https://www.youtube.com/watch?v=c3ZMrWNGQko,198,,English,,
yt_html_927,Full Stack Development,Databases,,Advanced,Complete Data Science Course FREE [2026] | Data Science Tutorial for Beginners | Intellipaat,Intellipaat,https://www.youtube.com/watch?v=VrfBwFieqUw,507,,English,,
yt_html_928,Full Stack Development,Databases,,Advanced,Vector Search RAG Tutorial – Combine Your Data with LLMs with Advanced Search,freeCodeCamp.org,https://www.youtube.com/watch?v=JEBDfGqrAUA,72,,English,,
yt_html_929,Full Stack Development,Databases,,Advanced,SUMIF Formula in excel | advanced excel tutorial #excel #exceltips #exceltutorial,Rachana Chiv,https://www.youtube.com/watch?v=AAOcjzcF_HE,0,,English,,
yt_html_930,Full Stack Development,Databases,,Advanced,SUMIF Formula in excel | advanced excel tutorial #excel #exceltips #exceltutorial #exceltutorial,DevelopersGuides,https://www.youtube.com/watch?v=l7QbTa7BPhQ,0,,English,,
yt_html_931,Full Stack Development,Databases,,Advanced,DBMS in 100 Minutes | Complete Placement Revision | One-Shot by Sanchit Sir,KnowledgeGATE by Sanchit Sir,https://www.youtube.com/watch?v=KWkm1Gip4j4,100,,English,,
yt_html_932,Full Stack Development,Databases,,Advanced,Learn 12 Advanced SQL Concepts in 20 Minutes (project files included!),Maven Analytics,https://www.youtube.com/watch?v=-u-kCJmJHCk,22,,English,,
yt_html_933,Full Stack Development,SQL,,Beginner,Learn SQL for Data Analysis in one hour (with sample dataset + 50 queries),Chandoo,https://www.youtube.com/watch?v=l8DCPaHc5TQ,58,,English,,
yt_html_934,Full Stack Development,SQL,,Beginner,SQL Beginner Full Course in Tamil | Logic First Tamil,Logic First Tamil,https://www.youtube.com/watch?v=r5IyLq2k2Ps,187,,English,,
yt_html_935,Full Stack Development,SQL,,Beginner,Learn SQL Basics in Just 15 Minutes!,Kenji Explains,https://www.youtube.com/watch?v=wmiDdBG-yP4,17,,English,,
yt_html_936,Full Stack Development,SQL,,Beginner,SQL Full Course | SQL Tutorial For Beginners | Learn SQL (Structured Query Language) | Edureka,edureka!,https://www.youtube.com/watch?v=BPHAr4QGGVE,248,,English,,
yt_html_937,Full Stack Development,SQL,,Beginner,SQL Basics for people with no prior knowledge 🤷‍♀️🤷‍♂️,Chandoo,https://www.youtube.com/watch?v=yfWcZ6eot4g,10,,English,,
yt_html_938,Full Stack Development,SQL,,Beginner,All SQL Fundamentals Explained in 10 Minutes | Learn SQL Basics for Beginners | SQL Crash Course,Learn with Whiteboard,https://www.youtube.com/watch?v=3s0lFtUrhSQ,11,,English,,
yt_html_939,Full Stack Development,SQL,,Beginner,SQL Course | SQL Training | SQL Tutorial For Beginners | Intellipaat,Intellipaat,https://www.youtube.com/watch?v=LGTbdjoEBVM,318,,English,,
yt_html_940,Full Stack Development,SQL,,Beginner,(The No.1 🔥) SQL FULL Course 2026 in Tamil | Beginner Friendly,AI Coach John (Tamil),https://www.youtube.com/watch?v=IzyebUSMVa0,268,,English,,
yt_html_941,Full Stack Development,SQL,,Beginner,"SQL Tutorial 1: Overview on Database, DBMS/RDBMS, SQL |Database Components | SQL for Testers",SDET- QA,https://www.youtube.com/watch?v=wifRYaPiiM0,37,,English,,
yt_html_942,Full Stack Development,SQL,,Beginner,Learn SQL Beginner to Advanced in Under 4 Hours,Alex The Analyst,https://www.youtube.com/watch?v=OT1RErkfLNQ,245,,English,,
yt_html_943,Full Stack Development,SQL,,Beginner,SQL - Introduction - W3Schools.com,w3schools.com,https://www.youtube.com/watch?v=zpnHsWOy0RY,3,,English,,
yt_html_944,Full Stack Development,SQL,,Beginner,Learn Basic SQL in 3.5 hrs | Complete SQL Beginner Course,techTFQ,https://www.youtube.com/watch?v=S86phsLFW1E,215,,English,,
yt_html_945,Full Stack Development,SQL,,Beginner,SQL Course | SQL Tutorial For Beginners | Learn SQL | Intellipaat,Intellipaat,https://www.youtube.com/watch?v=wkOD6mbXc2M,262,,English,,
yt_html_946,Full Stack Development,SQL,,Beginner,What Is SQL ? | Database in SQL | SQL Introduction | SQL Tutorial In Hindi 1,Rishabh Mishra,https://www.youtube.com/watch?v=yH1zCq-iaeU,7,,English,,
yt_html_947,Full Stack Development,SQL,,Beginner,SQL Tutorial For Beginners | MySQL Tutorial,codebasics,https://www.youtube.com/watch?v=Rm0xH2Vpfi0,86,,English,,
yt_html_948,Full Stack Development,SQL,,Beginner,SQL Training | SQL Tutorial | Intellipaat,Intellipaat,https://www.youtube.com/watch?v=JTDK6r1GuUU,188,,English,,
yt_html_949,Full Stack Development,SQL,,Beginner,SQL Querying for Beginners Tutorial,Learn Skills Daily,https://www.youtube.com/watch?v=AFY3z4FwRg0,165,,English,,
yt_html_950,Full Stack Development,SQL,,Beginner,SQL Full Course in Telugu | Zero to Hero 🔥,Kaarthik For U,https://www.youtube.com/watch?v=A9SavjIHNPo,216,,English,,
yt_html_951,Full Stack Development,SQL,,Beginner,Become SQL Pro in just ONE HOUR 🕐 - Full Telugu Course with Sample Queries,Chandoo - Tech in Telugu,https://www.youtube.com/watch?v=IkUTX9WerXA,66,,English,,
yt_html_952,Full Stack Development,SQL,,Beginner,Learn SQL #dataanalyst,Agatha,https://www.youtube.com/watch?v=h1Gp3MghDlI,1,,English,,
yt_html_953,Full Stack Development,SQL,,Beginner,Learn SQL in 1 Hour - SQL Basics for Beginners,Joey Blue,https://www.youtube.com/watch?v=9Pzj7Aj25lw,62,,English,,
yt_html_954,Full Stack Development,SQL,,Beginner,SQL Interview Questions and Answers,Knowledge Topper,https://www.youtube.com/watch?v=RCv2T4sQl1g,0,,English,,
yt_html_955,Full Stack Development,SQL,,Beginner,SQL Tutorial for Beginners (and Technical Interview Questions Solved),freeCodeCamp.org,https://www.youtube.com/watch?v=-fW2X7fh7Yg,326,,English,,
yt_html_956,Full Stack Development,SQL,,Intermediate,Master SQL in One Video 💻 | Full SQL Course in Hindi (Beginner to Advanced 2026),Learn More,https://www.youtube.com/watch?v=a4xjpxzqN1Q,483,,English,,
yt_html_957,Full Stack Development,SQL,,Intermediate,Window Functions in MySQL | Intermediate MySQL,Alex The Analyst,https://www.youtube.com/watch?v=7NBt0V8ebGk,13,,English,,
yt_html_958,Full Stack Development,SQL,,Intermediate,Do THIS Instead of Watching Endless Tutorials - How I'd Learn SQL FAST (2025),Jash Radia,https://www.youtube.com/watch?v=of3IaC8hZpo,8,,English,,
yt_html_959,Full Stack Development,SQL,,Intermediate,Roadmap for Learning SQL,ByteByteGo,https://www.youtube.com/watch?v=yMqldbY2AAg,5,,English,,
yt_html_960,Full Stack Development,SQL,,Intermediate,sql full course | sql server | sql notes | sql tutorial #coding #shorts #sql #mysql #dbms,TechBytes with Himanshu,https://www.youtube.com/watch?v=PNt3lhIO7I4,0,,English,,
yt_html_961,Full Stack Development,SQL,,Intermediate,SQL Full Course in Telugu | Complete SQL in 3.5 Hours | Vamsi Bhavani,Vamsi Bhavani,https://www.youtube.com/watch?v=XEqTRwT9cW4,224,,English,,
yt_html_962,Full Stack Development,SQL,,Intermediate,SQL for Data Analytics – Intermediate Course + Project,Luke Barousse,https://www.youtube.com/watch?v=QKIGsShyEsQ,386,,English,,
yt_html_963,Full Stack Development,SQL,,Intermediate,Learn how to write SQL Queries(Practice Complex SQL Queries),techTFQ,https://www.youtube.com/watch?v=FNYdBLwZ6cE,50,,English,,
yt_html_964,Full Stack Development,SQL,,Intermediate,"SQL Window Functions | Clearly Explained | PARTITION BY, ORDER BY, ROW_NUMBER, RANK, DENSE_RANK",Maven Analytics,https://www.youtube.com/watch?v=rIcB4zMYMas,8,,English,,
yt_html_965,Full Stack Development,SQL,,Intermediate,Advanced SQL Tutorial,James Oliver,https://www.youtube.com/watch?v=vDMehWw11wI,11,,English,,
yt_html_966,Full Stack Development,SQL,,Intermediate,"SQL Window Function | How to write SQL Query using RANK, DENSE RANK, LEAD/LAG | SQL Queries Tutorial",techTFQ,https://www.youtube.com/watch?v=Ww71knvhQ-s,25,,English,,
yt_html_967,Full Stack Development,SQL,,Intermediate,SQL for Data Analytics - Learn SQL in 4 Hours,Luke Barousse,https://www.youtube.com/watch?v=7mz73uXD9DA,249,,English,,
yt_html_968,Full Stack Development,SQL,,Intermediate,Intermediate SQL Tutorial | Inner/Outer Joins | Use Cases,Alex The Analyst,https://www.youtube.com/watch?v=9URM1_2S0ho,16,,English,,
yt_html_969,Full Stack Development,SQL,,Intermediate,Intermediate SQL Tutorial (SQL Series Part 2),Kenji Explains,https://www.youtube.com/watch?v=PYFNRV2ZQTo,14,,English,,
yt_html_970,Full Stack Development,SQL,,Intermediate,"SQL Window Function with Example- RANK, DENSE RANK, ROW NUMBER, LEAD/LAG | SQL Tutorial in Hindi 14",Rishabh Mishra,https://www.youtube.com/watch?v=S1do1EeA7ng,21,,English,,
yt_html_971,Full Stack Development,SQL,,Intermediate,Complete SQL Roadmap for Beginners | Learn SQL Step-by-Step in 2025 | Intellipaat #shorts #sql,Intellipaat,https://www.youtube.com/watch?v=vs2Oyj1_a8k,1,,English,,
yt_html_972,Full Stack Development,SQL,,Advanced,15 SQL Interview Questions TO GET YOU HIRED in 2026 | SQL Interview Questions & Answers |Intellipaat,Intellipaat,https://www.youtube.com/watch?v=oX5Y26O5dBE,24,,English,,
yt_html_973,Full Stack Development,SQL,,Advanced,SQL Full Course in Hindi | Beginner to Advanced | Learn SQL in Just 5 Hours,The iScale,https://www.youtube.com/watch?v=7azCOKryADA,291,,English,,
yt_html_974,Full Stack Development,SQL,,Advanced,Data Analysis SQL Interview Questions | Running SUM | Who Hit the Sales Target First,Absent Data,https://www.youtube.com/watch?v=qa_0Qx41qQI,1,,English,,
yt_html_975,Full Stack Development,SQL,,Advanced,Most Asked Deloitte SQL Interview Questions answers #deloitte #sql #sqlinterviewquestionsandanswers,Traidev Official ,https://www.youtube.com/watch?v=iQeasQnNsvk,2,,English,,
yt_html_976,Full Stack Development,SQL,,Advanced,CTEs in MySQL | Advanced MySQL Series,Alex The Analyst,https://www.youtube.com/watch?v=UC7uvOqcUTs,11,,English,,
yt_html_977,Full Stack Development,SQL,,Advanced,SQL Full Course — Learn SQL From Beginner to Advanced (2026 Edition),WsCube AI & Tech School,https://www.youtube.com/watch?v=1egh1UTNTdE,378,,English,,
yt_html_978,Full Stack Development,SQL,,Advanced,🔥 Advanced SQL Tutorial 2026 | SQL Training | SQL Database Tutorial  | Simplilearn,Simplilearn,https://www.youtube.com/watch?v=_BvLk3J8nkY,571,,English,,
yt_html_979,Full Stack Development,SQL,,Advanced,SQL Full Course (2025) | SQL Course (The Only SQL Tutorial You’ll Ever Need!) | Intellipaat,Intellipaat,https://www.youtube.com/watch?v=oVgo21bMSDA,621,,English,,
yt_html_980,Full Stack Development,SQL,,Advanced,MASTER SQL 🔥 | Beginners to Advance SQL Using MSSQL Server in ONE VIDEO [HINDI],MPrashant TECH,https://www.youtube.com/watch?v=4bTt1JbAp3M,495,,English,,
yt_html_981,Full Stack Development,SQL,,Advanced,"Advanced SQL Full Course | Master Joins, Window Functions, Subqueries, CTEs in SQL",DataCamp,https://www.youtube.com/watch?v=D2xUEYR-GIY,101,,English,,
yt_html_982,Full Stack Development,SQL,,Advanced,"Advanced Aggregate Functions in SQL (GROUP BY, HAVING vs. WHERE)",Becoming a Data Scientist,https://www.youtube.com/watch?v=nNrgRVIzeHg,6,,English,,
yt_html_983,Full Stack Development,MongoDB,,Beginner,MongoDB Complete Course Tutorial in Hindi🔥Free Notes & Projects,Thapa Technical,https://www.youtube.com/watch?v=rU9ZODw5yvU,321,,English,,
yt_html_984,Full Stack Development,MongoDB,,Beginner,MongoDB Full Course in Tamil | NoSQL Beginner to Advanced | [3 Hours] | code io - Tamil,code io - Tamil,https://www.youtube.com/watch?v=oY-0v7w-Ac8,193,,English,,
yt_html_985,Full Stack Development,MongoDB,,Beginner,MongoDB Full Course 2026 | MongoDB Tutorial | MongoDB | MongoDB For Beginners | Simplilearn,Simplilearn,https://www.youtube.com/watch?v=8eJJe4Slnik,470,,English,,
yt_html_986,Full Stack Development,MongoDB,,Beginner,MongoDB Tutorial for Beginners 1 - Introduction to MongoDB + Installing MongoDB,ProgrammingKnowledge,https://www.youtube.com/watch?v=GtD93tVZDX4,11,,English,,
yt_html_987,Full Stack Development,MongoDB,,Beginner,MonogDB Tutorial For Beginners | What is MongoDB | MongoDB Installation On Linux | Simplilearn,Simplilearn,https://www.youtube.com/watch?v=S3D5suhZ4bs,23,,English,,
yt_html_988,Full Stack Development,MongoDB,,Beginner,Complete MongoDB Tutorial in Telugu with Free Notes | Dodagatta Nihar,Dodagatta Nihar,https://www.youtube.com/watch?v=KJK2oJ4ZJCQ,38,,English,,
yt_html_989,Full Stack Development,MongoDB,,Beginner,MongoDB and Python Tutorial for Beginners: Getting Started with PyMongo,CodeLucky,https://www.youtube.com/watch?v=XAQQL0-uToc,7,,English,,
yt_html_990,Full Stack Development,MongoDB,,Beginner,MongoDB Tutorial for Beginners 2026 | Full Course,Codynn,https://www.youtube.com/watch?v=p1NEtNmO33s,129,,English,,
yt_html_991,Full Stack Development,MongoDB,,Beginner,MongoDB Introduction Tutorial in Hindi/Urdu,YOOBABA,https://www.youtube.com/watch?v=q1V1A9ZcpKo,16,,English,,
yt_html_992,Full Stack Development,MongoDB,,Beginner,MongoDB Tutorial-1 | MongoDB Tutorial for Beginners-1 | Edureka,edureka!,https://www.youtube.com/watch?v=i57Fr5CgN4k,135,,English,,
yt_html_993,Full Stack Development,MongoDB,,Beginner,MongoDB Tutorial in Tamil | Full Course for Beginners,JVL code,https://www.youtube.com/watch?v=Svo-tPQ4GGU,324,,English,,
yt_html_994,Full Stack Development,MongoDB,,Beginner,MongoDB with Node.js Tutorial for Beginners,ProgrammingKnowledge,https://www.youtube.com/watch?v=WWujIKtJoOM,160,,English,,
yt_html_995,Full Stack Development,MongoDB,,Beginner,MongoDB Course | MongoDB Tutorial | MongoDB For Beginners | MongoDB Full Course | Intellipaat,Intellipaat,https://www.youtube.com/watch?v=aDd4HiGQSIU,585,,English,,
yt_html_996,Full Stack Development,MongoDB,,Beginner,What is MongoDB? | Quick Introduction to MongoDB Database | StudyTrigger #education #coding,Study Trigger,https://www.youtube.com/watch?v=sC5V5gAdWz8,1,,English,,
yt_html_997,Full Stack Development,MongoDB,,Beginner,MongoDB Tutorial in 40 Min(2024),CodeEase with Anu ,https://www.youtube.com/watch?v=XEj2KBEV0k4,40,,English,,
yt_html_998,Full Stack Development,MongoDB,,Beginner,Master MongoDB: The Ultimate Step-by-Step Guide | MongoDB Tutorial for Beginners,Amit Thinks,https://www.youtube.com/watch?v=cZ79avoq9UU,121,,English,,
yt_html_999,Full Stack Development,MongoDB,,Beginner,MongoDB Crash Course 2026 (with Handbook),CodeWithHarry,https://www.youtube.com/watch?v=M1dKYQ7GsTg,69,,English,,
yt_html_1000,Full Stack Development,MongoDB,,Beginner,MongoDB Tutorial In 6 haurs | Full MongoDB Course | MongoDB Tutorial for Beginners (2026),ProgrammingKnowledge,https://www.youtube.com/watch?v=d2MnfyV20hk,385,,English,,
yt_html_1001,Full Stack Development,MongoDB,,Beginner,MongoDB Tutorial for beginners in Tamil 2025 | Full Course for Beginners | @Balachandra_in,Balachandra,https://www.youtube.com/watch?v=CKaywM2qXpo,88,,English,,
yt_html_1002,Full Stack Development,MongoDB,,Beginner,What Is MongoDB? | What Is MongoDB And How It Works | MongoDB Tutorial For Beginners | Simplilearn,Simplilearn,https://www.youtube.com/watch?v=SnqPyqRh4r4,7,,English,,
yt_html_1003,Full Stack Development,MongoDB,,Beginner,MongoDb Tutorial For Beginners in Hindi 🔥🔥,CodeWithHarry,https://www.youtube.com/watch?v=oSIv-E60NiU,74,,English,,
yt_html_1004,Full Stack Development,MongoDB,,Beginner,MongoDB Tutorial ❤️ | MongoDB full playlist hindi | what is database & node js interview questions,Hello World,https://www.youtube.com/watch?v=IKpuBj8I3Qg,67,,English,,
yt_html_1005,Full Stack Development,MongoDB,,Beginner,MongoDB Explained in 10 Minutes | SQL vs NoSQL | Jumpstart,MongoDB,https://www.youtube.com/watch?v=GV9VBwH_h1U,9,,English,,
yt_html_1006,Full Stack Development,MongoDB,,Beginner,What is MongoDB | MongoDB Tutorial For Beginners | Learn MongoDB | Edureka,edureka!,https://www.youtube.com/watch?v=1VM6AvRgmfY,21,,English,,
yt_html_1007,Full Stack Development,MongoDB,,Beginner,Learn MongoDB in 1 hour 🍃,Bro Code,https://www.youtube.com/watch?v=c2M-rlkkT5o,60,,English,,
yt_html_1008,Full Stack Development,MongoDB,,Beginner,What is MongoDB in Big Data Analytics in Hindi,Perfect Computer Engineer,https://www.youtube.com/watch?v=YZhrh9-dhg4,8,,English,,
yt_html_1009,Full Stack Development,MongoDB,,Beginner,MongoDB Tutorial in 1 Hour (2024) 🍃,CodeWithHarry,https://www.youtube.com/watch?v=J6mDkcqU_ZE,83,,English,,
yt_html_1010,Full Stack Development,MongoDB,,Beginner,MongoDB Complete Tutorial | MongoDB in Tamil | Tutor Joe's,Tutor Joe's Stanley,https://www.youtube.com/watch?v=KD-2vh9v1co,65,,English,,
yt_html_1011,Full Stack Development,MongoDB,,Beginner,MongoDB Crash Course 2023,NeetCodeIO,https://www.youtube.com/watch?v=QPFlGswpyJY,65,,English,,
yt_html_1012,Full Stack Development,MongoDB,,Beginner,MongoDB Zero to Hero in 83 Minutes | Complete course with Realtime Projects,Abhishek.Veeramalla,https://www.youtube.com/watch?v=x1-naBN7e84,83,,English,,
yt_html_1013,Full Stack Development,MongoDB,,Beginner,MongoDB Tutorial for Beginners 12 - MongoDB Indexing,ProgrammingKnowledge,https://www.youtube.com/watch?v=vj_YkHxzF2s,8,,English,,
yt_html_1014,Full Stack Development,MongoDB,,Beginner,Master MongoDB in One Video | Complete Beginner to Advanced Course [Hindi],MPrashant TECH,https://www.youtube.com/watch?v=tww-gbNPOcA,276,,English,,
yt_html_1015,Full Stack Development,MongoDB,,Beginner,Mongodb tutorials | Mongodb : Introduction |  Session - 1 | 18-12-2020 | 8AM | by Durga Sir,Durga Software Solutions,https://www.youtube.com/watch?v=wzrwN2wGJwU,79,,English,,
yt_html_1016,Full Stack Development,MongoDB,,Beginner,MongoDB Tutorial For Beginners | Full Course,Amigoscode,https://www.youtube.com/watch?v=Www6cTUymCY,69,,English,,
yt_html_1017,Full Stack Development,MongoDB,,Beginner,Introduction To MongoDB | MongoDB Tutorial For Beginners | Learn MongoDB | Simplilearn,Simplilearn,https://www.youtube.com/watch?v=XnRS82MWFyc,22,,English,,
yt_html_1018,Full Stack Development,MongoDB,,Beginner,Mongo db full course in 1hour in telugu,PythonLife,https://www.youtube.com/watch?v=ZQuQ-wHuPlg,63,,English,,
yt_html_1019,Full Stack Development,MongoDB,,Beginner,MongoDB in 5 Minutes with Eliot Horowitz,MongoDB,https://www.youtube.com/watch?v=EE8ZTQxa0AM,5,,English,,
yt_html_1020,Full Stack Development,MongoDB,,Beginner,MongoDB Tutorial for Beginners - 1 - Install MongoDB,Codevolution,https://www.youtube.com/watch?v=YYnf5vJRuUY,4,,English,,
yt_html_1021,Full Stack Development,MongoDB,,Beginner,MongoDB tutorial for beginners 🍃,Bro Code,https://www.youtube.com/watch?v=6DoLxeMlVTI,7,,English,,
yt_html_1022,Full Stack Development,MongoDB,,Beginner,Complete MongoDB Tutorial #9 - Nested Documents,Net Ninja,https://www.youtube.com/watch?v=hjsCd3sy0Ns,7,,English,,
yt_html_1023,Full Stack Development,MongoDB,,Beginner,MongoDB Tutorial for Beginners 13 - MongoDB Aggregation,ProgrammingKnowledge,https://www.youtube.com/watch?v=J_L6r_v3hss,7,,English,,
yt_html_1024,Full Stack Development,MongoDB,,Beginner,MongoDB in 100 Seconds,Fireship,https://www.youtube.com/watch?v=-bt_y4Loofg,2,,English,,
yt_html_1025,Full Stack Development,MongoDB,,Beginner,Full MongoDB Tutorial for Beginners | Learn What is MongoDB from Scratch,WsCube Tech,https://www.youtube.com/watch?v=_QAhJG5LuAc,56,,English,,
yt_html_1026,Full Stack Development,MongoDB,,Beginner,MongoDB Crash Course,Web Dev Simplified,https://www.youtube.com/watch?v=ofme2o29ngU,30,,English,,
yt_html_1027,Full Stack Development,MongoDB,,Beginner,Complete MongoDB Tutorial #1 - What is MongoDB?,Net Ninja,https://www.youtube.com/watch?v=ExcRbA7fy_A,6,,English,,
yt_html_1028,Full Stack Development,MongoDB,,Beginner,MongoDB Complete Course in Telugu 🚀 | Zero to Hero | video 1,College Coders,https://www.youtube.com/watch?v=QRBYcb8f_9g,38,,English,,
yt_html_1029,Full Stack Development,MongoDB,,Beginner,Getting Started with MongoDB Atlas - A Modern Database!,MongoDB,https://www.youtube.com/watch?v=bBA9rUdqmgY,20,,English,,
yt_html_1030,Full Stack Development,MongoDB,,Beginner,MongoDB Tutorial for Beginners - 15 - MongoDB NodeJS (1/5),Codevolution,https://www.youtube.com/watch?v=ZahCKSO5i_Q,5,,English,,
yt_html_1031,Full Stack Development,MongoDB,,Beginner,MySQL vs MongoDB,IBM Technology,https://www.youtube.com/watch?v=OdgZ0jr4jpM,6,,English,,
yt_html_1032,Full Stack Development,MongoDB,,Beginner,MongoDB in telugu Part 1 | NoSQL basics & MongoDB installation [Telugu] | Vamsi Bhavani,Vamsi Bhavani,https://www.youtube.com/watch?v=1GBghPed4kk,17,,English,,
yt_html_1033,Full Stack Development,MongoDB,,Intermediate,The Ultimate MongoDB Aggregation Guide: Make Your Queries Soar in One Video,Engineering Digest,https://www.youtube.com/watch?v=MWmMvudBgFU,32,,English,,
yt_html_1034,Full Stack Development,MongoDB,,Intermediate,MongoDB സിംപിൾ ആയി മലയാളത്തിൽ പഠിക്കാം | Learn MongoDB in 45 Minutes,codeSchool Malayalam,https://www.youtube.com/watch?v=C3sco-IsfJQ,41,,English,,
yt_html_1035,Full Stack Development,MongoDB,,Intermediate,"MongoDB Aggregation Pipeline | $match, $project, $group, $lookup | Advance Query Tutorial Hindi/Urdu",CodingHunger,https://www.youtube.com/watch?v=O3XDJIA1pbE,72,,English,,
yt_html_1036,Full Stack Development,MongoDB,,Intermediate,MongoDB One Shot Crash Course | Complete MongoDB Tutorial for Beginners to Advanced (2026),RStudios Inc.,https://www.youtube.com/watch?v=b6Ah4qQpMWs,59,,English,,
yt_html_1037,Full Stack Development,MongoDB,,Intermediate,Complete MongoDB Tutorial #7 - Finding Documents,Net Ninja,https://www.youtube.com/watch?v=FLl9m4XwbqQ,8,,English,,
yt_html_1038,Full Stack Development,MongoDB,,Intermediate,MongoDB Data Modeling and Schema Fundamentals | From Relational to Document Model,MongoDB,https://www.youtube.com/watch?v=hmGz79ae2AY,7,,English,,
yt_html_1039,Full Stack Development,MongoDB,,Intermediate,MongoDB Aggregation Pipeline Full Tutorial in 40 Minutes - Practical Guide,Tanuj Malode,https://www.youtube.com/watch?v=p934Gm7kj_Q,42,,English,,
yt_html_1040,Full Stack Development,MongoDB,,Intermediate,#database #mongodb #ezsnippet,Neeraj Walia,https://www.youtube.com/watch?v=4wWXLnSuQ2M,1,,English,,
yt_html_1041,Full Stack Development,MongoDB,,Intermediate,MongoDB Tutorial For Beginners - #5. Update Data in MongoDB [2018],The IT Guy,https://www.youtube.com/watch?v=W1vax27E7c4,8,,English,,
yt_html_1042,Full Stack Development,MongoDB,,Intermediate,Learn Mongodb aggregation pipelines,Chai aur Code,https://www.youtube.com/watch?v=fDTf1mk-jQg,37,,English,,
yt_html_1043,Full Stack Development,MongoDB,,Advanced,"MongoDB (NoSQL) + PostgreSQL (SQL) Complete Database Course | Queries, Code & Project | Advanced",Dev. Shivansh Vasu,https://www.youtube.com/watch?v=ZEoNy2nbO6Q,128,,English,,
yt_html_1044,Full Stack Development,MongoDB,,Advanced,MongoDB Full Course in Hindi | Beginner to Advance Tutorial | Learn NoSQL Database Step-by-Step,CodingHunger,https://www.youtube.com/watch?v=5AfUgOYEiwQ,328,,English,,
yt_html_1045,Full Stack Development,MongoDB,,Advanced,Complete MongoDB Tutorial #16 - Connecting to MongoDB,Net Ninja,https://www.youtube.com/watch?v=gGNquGHqpNI,11,,English,,
yt_html_1046,Full Stack Development,MongoDB,,Advanced,Mastering MongoDB: Advanced Topics for Production-Ready Apps,CodeLucky,https://www.youtube.com/watch?v=qZQ50dkNxO8,3,,English,,
yt_html_1047,Full Stack Development,MongoDB,,Advanced,Build & Export your Aggregation Pipelines using the MongoDB Atlas Aggregation Pipeline Builder,MongoDB,https://www.youtube.com/watch?v=gFk-hKkKOWU,0,,English,,
yt_html_1048,Full Stack Development,MongoDB,,Advanced,Complete MongoDB Tutorial #2 - Installing MongoDB,Net Ninja,https://www.youtube.com/watch?v=gDOKSgqM-bQ,4,,English,,
yt_html_1049,Full Stack Development,MongoDB,,Advanced,MongoDB Aggregation Pipeline Masterclass | Fundamentals for Scalable & Performant Queries,Code With Soumyajeet,https://www.youtube.com/watch?v=QBfyB2cym38,117,,English,,
yt_html_1050,Full Stack Development,MongoDB,,Advanced,Top 10 MongoDB Interview Questions and Answers | MongoDB Interview Preparation,Interview Happy,https://www.youtube.com/watch?v=477JliW7GKQ,32,,English,,
yt_html_1051,Full Stack Development,MongoDB,,Advanced,Get More $out of Aggregation (MongoDB World 2022),MongoDB,https://www.youtube.com/watch?v=_TGqaBUU_zw,32,,English,,
yt_html_1052,Full Stack Development,MongoDB,,Advanced,Complete MongoDB Tutorial #8 - Sorting & Limiting Data,Net Ninja,https://www.youtube.com/watch?v=vI4GdN5wBTQ,4,,English,,
yt_html_1053,Full Stack Development,MongoDB,,Advanced,Advanced Schema Design Patterns,MongoDB,https://www.youtube.com/watch?v=bxw1AkH2aM4,43,,English,,
yt_html_1054,Full Stack Development,MongoDB,,Advanced,"Master MongoDB Aggregation Pipeline: $match, $unwind, $group, $project",MongoDB,https://www.youtube.com/watch?v=acvyf-Im-NU,5,,English,,
yt_html_1055,Full Stack Development,MongoDB,,Advanced,Master MongoDB Indexing in One Video: Boost Your Database Performance Instantly!,Engineering Digest,https://www.youtube.com/watch?v=yo6ZXsgsyBA,38,,English,,
yt_html_1056,Full Stack Development,MongoDB,,Advanced,What Is MongoDB Search? A Beginner's Guide,MongoDB,https://www.youtube.com/watch?v=dHFz1w5M19g,8,,English,,
yt_html_1057,Full Stack Development,Backend Development,,Beginner,What Does A Backend Software Engineer Do?,Your Average Tech Bro,https://www.youtube.com/watch?v=ElU0s6raLVk,1,,English,,
yt_html_1058,Full Stack Development,Backend Development,,Beginner,How to be a backend Developer?,Apna College,https://www.youtube.com/watch?v=iEyA1dXZs_M,1,,English,,
yt_html_1059,Full Stack Development,Backend Development,,Beginner,Backend Development Roadmap 2025 | Become Job-Ready!,GeeksforGeeks,https://www.youtube.com/watch?v=nuRKzG0Pkjg,7,,English,,
yt_html_1060,Full Stack Development,Backend Development,,Beginner,Programming Curves,ThePrimeagen,https://www.youtube.com/watch?v=_ebVsYQou8A,1,,English,,
yt_html_1061,Full Stack Development,Backend Development,,Beginner,Back-End Web Development (Tutorial for Beginners),LearnWebCode,https://www.youtube.com/watch?v=1oTuMPIwHmk,188,,English,,
yt_html_1062,Full Stack Development,Backend Development,,Beginner,"Java Developer Roadmap 2025 – Skills, Topics & Subtopics to Master Java Programming",TechE,https://www.youtube.com/watch?v=P_wT1ELP9NA,0,,English,,
yt_html_1063,Full Stack Development,Backend Development,,Beginner,Back End Developer Roadmap,freeCodeCamp.org,https://www.youtube.com/watch?v=tN6oJu2DqCM,11,,English,,
yt_html_1064,Full Stack Development,Backend Development,,Beginner,How The Backend Works,Web Dev Simplified,https://www.youtube.com/watch?v=4r6WdaY3SOA,4,,English,,
yt_html_1065,Full Stack Development,Backend Development,,Beginner,Roadmap to Learn Backend Development | Want to master Backend Development in 2025?,Tech with Ali Naqi ,https://www.youtube.com/watch?v=bmgOC1S9FnI,0,,English,,
yt_html_1066,Full Stack Development,Backend Development,,Beginner,Full-Stack or Web Development: Which should you learn?  #shorts #fullstack #webdevelopment,Error Makes Clever,https://www.youtube.com/watch?v=ToLypwVgYmw,1,,English,,
yt_html_1067,Full Stack Development,Backend Development,,Beginner,Javascript Backend Roadmap | chai aur backend,Chai aur Code,https://www.youtube.com/watch?v=EH3vGeqeIAo,29,,English,,
yt_html_1068,Full Stack Development,Backend Development,,Beginner,The Complete Backend Developer Roadmap,Programming with Mosh,https://www.youtube.com/watch?v=OeEHJgzqS1k,8,,English,,
yt_html_1069,Full Stack Development,Backend Development,,Beginner,Plan for Front End & Back End Developer | #frontend #backend #developer,Dotnet_Fullstack_Developer,https://www.youtube.com/watch?v=HAnyeZP3VSU,0,,English,,
yt_html_1070,Full Stack Development,Backend Development,,Beginner,How to Start BackEnd in Telugu | How to Learn Backend in Telugu | Backend Frameworks in Telugu,PythonLife,https://www.youtube.com/watch?v=UZvQ8FyBZNM,5,,English,,
yt_html_1071,Full Stack Development,Backend Development,,Beginner,Complete Backend Developer course | Part 1,Chai aur Code,https://www.youtube.com/watch?v=7fjOw8ApZ1I,607,,English,,
yt_html_1072,Full Stack Development,Backend Development,,Beginner,front-end developer vs backend developer| #developer #frontenddeveloper #backenddeveloper #backend,coding with krishna,https://www.youtube.com/watch?v=YxvtH0_tJJY,0,,English,,
yt_html_1073,Full Stack Development,Backend Development,,Beginner,Learn Backend Development in 5 minutes (NO PRIOR KNOWLEDGE),CodeHead,https://www.youtube.com/watch?v=69Js7sUocf8,5,,English,,
yt_html_1074,Full Stack Development,Backend Development,,Beginner,"The Ultimate Backend Developer Roadmap in 2026🔥|| Skills, Projects & Free Resources",Harsha Verse,https://www.youtube.com/watch?v=k_h8miQmtbw,14,,English,,
yt_html_1075,Full Stack Development,Backend Development,,Beginner,Front End vs Back End - Which one is good for you ?,Apna College,https://www.youtube.com/watch?v=vP3TRAsjZss,7,,English,,
yt_html_1076,Full Stack Development,Backend Development,,Beginner,Backend Development Explained - Simple Explanation - Hindi,Code Easy Academy,https://www.youtube.com/watch?v=haq8oOat5eE,12,,English,,
yt_html_1077,Full Stack Development,Backend Development,,Beginner,Average backend developer 🙃,Alberta Tech,https://www.youtube.com/watch?v=j5l_hmD1LXU,0,,English,,
yt_html_1078,Full Stack Development,Backend Development,,Beginner,Complete Backend Course | Build and Deploy Your First Production-Ready API,JavaScript Mastery,https://www.youtube.com/watch?v=rOpEN1JDaD0,189,,English,,
yt_html_1079,Full Stack Development,Backend Development,,Beginner,Backend Developer Roadmap with Java | Beginner to Advanced,ITSkills,https://www.youtube.com/watch?v=9QsYluRVdAw,0,,English,,
yt_html_1080,Full Stack Development,Backend Development,,Beginner,🚀🔥 Complete Backend Development in One Day (2025) | Hindi | Notes | GitHub | Free Certification,Complete Coding by Prashant Sir,https://www.youtube.com/watch?v=gxHXPmePnvo,719,,English,,
yt_html_1081,Full Stack Development,Backend Development,,Beginner,Incredible😡Become BACKEND DEVELOPER in 30days Easily😳🔥,Curious Freaks,https://www.youtube.com/watch?v=pM4j4HOu0A4,14,,English,,
yt_html_1082,Full Stack Development,Backend Development,,Beginner,The FASTEST way to create a backend for your app👩‍💻 #technology #programming #software #career,Coding with Lewis,https://www.youtube.com/watch?v=iYPIWFHXFg4,1,,English,,
yt_html_1083,Full Stack Development,Backend Development,,Beginner,Frontend Developer vs Backend Developer vs Fullstack Developer,Deorwine Infotech,https://www.youtube.com/watch?v=uTVaTJ_-B-4,0,,English,,
yt_html_1084,Full Stack Development,Backend Development,,Beginner,How to Become a Better Full Stack Developer (Tips & Tricks),Coding Inspiration,https://www.youtube.com/watch?v=UuAbcgSECr4,0,,English,,
yt_html_1085,Full Stack Development,Backend Development,,Beginner,Full Stack Developer in 6 Months,CareerRide,https://www.youtube.com/watch?v=aIy46jQsDLM,0,,English,,
yt_html_1086,Full Stack Development,Backend Development,,Beginner,"""Unleashing the Power of Web Development in 30 Seconds! 💻🌐 Exploring HTML, CSS and JS.",Error Makes Clever,https://www.youtube.com/watch?v=ZpyJe4_xVVA,1,,English,,
yt_html_1087,Full Stack Development,Backend Development,,Beginner,Backend web development - a complete overview,SuperSimpleDev,https://www.youtube.com/watch?v=XBu54nfzxAQ,13,,English,,
yt_html_1088,Full Stack Development,Backend Development,,Beginner,How to Become a Backend Developer? #shorts #jobs #javscript,Technical Suneja,https://www.youtube.com/watch?v=x3hKLyNo35M,1,,English,,
yt_html_1089,Full Stack Development,Backend Development,,Beginner,Frontend and Backend Explained in tamil #coding #codinglife #programming #webdeveloper,zigzag coding ,https://www.youtube.com/watch?v=VawNNxfvFFI,1,,English,,
yt_html_1090,Full Stack Development,Backend Development,,Beginner,🎯 200-Day Full Stack Developer 🤩Roadmap 2025 [FULL GUIDE] I  #fullstack #webdevelopment #webdesign,Developersdiaries,https://www.youtube.com/watch?v=nnG-DHWvTWM,0,,English,,
yt_html_1091,Full Stack Development,Backend Development,,Beginner,Junior vs Senior Backend developer| Beginner vs Pro | #programming #java #interview #coding #backend,Coding with Vighnesh,https://www.youtube.com/watch?v=Mbz39bz1_HQ,0,,English,,
yt_html_1092,Full Stack Development,Backend Development,,Beginner,How to Become a Pro Backend Developer,WDN,https://www.youtube.com/watch?v=LsiLW5JNwNk,2,,English,,
yt_html_1093,Full Stack Development,Backend Development,,Beginner,Backend Developer Roadmap IN 95 Days 2#backenddeveloper,Shweta,https://www.youtube.com/watch?v=64U8YVy47jQ,0,,English,,
yt_html_1094,Full Stack Development,Backend Development,,Beginner,Become PRO at Backend and System Design,Piyush Garg,https://www.youtube.com/watch?v=fkQUkZRFq8g,31,,English,,
yt_html_1095,Full Stack Development,Backend Development,,Intermediate,Complete Backend Development Roadmap 2026 | Don't miss these topics,Sanket Singh,https://www.youtube.com/watch?v=byUFmW0ufts,33,,English,,
yt_html_1096,Full Stack Development,Backend Development,,Intermediate,"Complete Backend Course | Beginner to Advanced | Node.js, Express, MongoDB + Vibe Coding with AI",Vivek Mishra,https://www.youtube.com/watch?v=VWQrqVtsR2E,224,,English,,
yt_html_1097,Full Stack Development,Backend Development,,Intermediate,Web Development Complete RoadMap | from Basics to Advanced,Apna College,https://www.youtube.com/watch?v=ktoYUycRXTA,24,,English,,
yt_html_1098,Full Stack Development,Backend Development,,Intermediate,Complete Backend Software Engineer Mind Map - Everything You Need to Know (2 HOURS!),Caleb Curry,https://www.youtube.com/watch?v=oVfw8Oj-uH8,109,,English,,
yt_html_1099,Full Stack Development,Backend Development,,Intermediate,Front-End Developer Roadmap - From Novice to Front-End Expert,CareerRide,https://www.youtube.com/watch?v=lH1bGIEHboI,1,,English,,
yt_html_1100,Full Stack Development,Backend Development,,Intermediate,Backend Development with .NET🚀 – Full Course (Beginner to Advanced)👨‍💻,Max Code,https://www.youtube.com/watch?v=Aa5ARJRWaEs,517,,English,,
yt_html_1101,Full Stack Development,Backend Development,,Intermediate,Master JavaScript Essentials for Backend Development | Part 1,Sheryians Coding School,https://www.youtube.com/watch?v=T55Kb8rrH1g,43,,English,,
yt_html_1102,Full Stack Development,Backend Development,,Intermediate,How to become a full stack developer 🚀 | Web Development Explained | Error Makes Clever Academy,Error Makes Clever,https://www.youtube.com/watch?v=5QzzeYHApV0,4,,English,,
yt_html_1103,Full Stack Development,Backend Development,,Intermediate,Django Tutorial for Beginners – Build Powerful Backends,Programming with Mosh,https://www.youtube.com/watch?v=rHux0gMZ3Eg,63,,English,,
yt_html_1104,Full Stack Development,Backend Development,,Intermediate,"Advanced Backend + AI Full Course 🚀 | Docker, Redis, System Design, AWS, RAG, LangChain",VIRTUAL CODE,https://www.youtube.com/watch?v=_itqpLVS660,577,,English,,
yt_html_1105,Full Stack Development,Backend Development,,Advanced,"Advanced Backend + AI Full Course 🚀 | Part 2 | LangChain, LangGraph, RAG, Vector DB, AWS & CI/CD",VIRTUAL CODE,https://www.youtube.com/watch?v=lweDf3_q-sk,417,,English,,
yt_html_1106,Full Stack Development,Backend Development,,Advanced,The Complete Web Development Roadmap,Programming with Mosh,https://www.youtube.com/watch?v=GxmfcnU3feo,15,,English,,
yt_html_1107,Full Stack Development,Backend Development,,Advanced,Full Stack Developer Roadmap 🚀  🧑‍💻  #fullstack #frontend #backend #coding,CodingBangladesh,https://www.youtube.com/watch?v=9FiaVLvzAJI,0,,English,,
yt_html_1108,Full Stack Development,Backend Development,,Advanced,Complete Backend Course 2026 - Building a Production-Ready Backend with Microservices and KAFKA,designKarle - System Design By Shivam Tiwari,https://www.youtube.com/watch?v=189f0OXHEqY,1219,,English,,
yt_html_1109,Full Stack Development,Backend Development,,Advanced,How to be a Frontend Developer?,Apna College,https://www.youtube.com/watch?v=cSiWWNs85_w,1,,English,,
yt_html_1110,Full Stack Development,Backend Development,,Advanced,Backend 2026 Roadmap: Everything you need to know,Mehul Mohan,https://www.youtube.com/watch?v=JYTfLCuq9cA,24,,English,,
yt_html_1111,Full Stack Development,Backend Development,,Advanced,Master Microservices with Real-Life UBER Project | Advanced Backend,Sheryians Coding School,https://www.youtube.com/watch?v=jbvh0jn4h9k,137,,English,,
yt_html_1112,Full Stack Development,Backend Development,,Advanced,Learn Python Backend Development by Building 3 Projects [Full Course],freeCodeCamp.org,https://www.youtube.com/watch?v=ftKiHCDVwfA,608,,English,,
yt_html_1113,Full Stack Development,Backend Development,,Advanced,🔴Complete Backend Course Basic to Advance | only course you need to master backend in 2025 👩‍💻 - 1,Suraj Jha,https://www.youtube.com/watch?v=4zyx6ICujbY,574,,English,,
yt_html_1114,Full Stack Development,Backend Development,,Advanced,🔴 Day 94 of Learning Advance Backend And System Design (Live Coding),Abhishek Sharma,https://www.youtube.com/watch?v=QNIScpcNgKw,387,,English,,
yt_html_1115,Full Stack Development,Frontend Development,,Beginner,Front End Developer RoadMap - for Jobs,Apna College,https://www.youtube.com/watch?v=DbRXv5TXMEE,17,,English,,
yt_html_1116,Full Stack Development,Frontend Development,,Beginner,WEB DEVELOPMENT COMPLETE ROADMAP FOR BEGINNERS 🔥,Neeraj Walia,https://www.youtube.com/watch?v=voXYG17rhQA,6,,English,,
yt_html_1117,Full Stack Development,Frontend Development,,Beginner,Junior Developer 🤡 VS Senior Developer 🤓#web  #webdeveloper #webdevelopment #coding #programming,Developer Dude,https://www.youtube.com/watch?v=80hYKDtUGts,0,,English,,
yt_html_1118,Full Stack Development,Frontend Development,,Beginner,Front end web development tutorial for beginners | How to create a website? [ login page ],Alan Lands,https://www.youtube.com/watch?v=UDZohOmIrrE,10,,English,,
yt_html_1119,Full Stack Development,Frontend Development,,Beginner,Roadmap to Web Development | for Students,Apna College,https://www.youtube.com/watch?v=QaU6gEtOwyE,1,,English,,
yt_html_1120,Full Stack Development,Frontend Development,,Beginner,Front End Web Development Tutorial for Beginner | In Tamil | Final Project,Error Makes Clever,https://www.youtube.com/watch?v=7dSJubxFWv0,530,,English,,
yt_html_1121,Full Stack Development,Frontend Development,,Beginner,How I'd Learn Front End Web Development (If I Could Start Over),Sajjaad Khader,https://www.youtube.com/watch?v=shN0HNnvaoM,9,,English,,
yt_html_1122,Full Stack Development,Frontend Development,,Beginner,How To Become a Frontend Developer ? 🤔 #collegewallah #physicswallah #coding,College Wallah,https://www.youtube.com/watch?v=PJ3ozK6p1Mc,1,,English,,
yt_html_1123,Full Stack Development,Frontend Development,,Beginner,"30 Day Frontend Development Roadmap for Beginners | Learn HTML, CSS, JS & Build Projects Fast!",Prep Insta,https://www.youtube.com/watch?v=nTXjKcBu1_E,1,,English,,
yt_html_1124,Full Stack Development,Frontend Development,,Beginner,"Front End Web Development Full Course For Beginners (HTML, CSS & JavaScript) in 10 Hours - Part 01",WsCube Tech,https://www.youtube.com/watch?v=jgfq8OybWZQ,574,,English,,
yt_html_1125,Full Stack Development,Frontend Development,,Beginner,Frontend web development - a complete overview,SuperSimpleDev,https://www.youtube.com/watch?v=WG5ikvJ2TKA,6,,English,,
yt_html_1126,Full Stack Development,Frontend Development,,Beginner,Frontend Development explained in 2 minutes // Tech in 2,mayuko,https://www.youtube.com/watch?v=qyHyFsT7Hig,3,,English,,
yt_html_1127,Full Stack Development,Frontend Development,,Beginner,Fullstack development Roadmap - https://roadmap.sh/full-stack,ezSnippet,https://www.youtube.com/watch?v=xQaBOY4WvUA,1,,English,,
yt_html_1128,Full Stack Development,Frontend Development,,Beginner,"Frontend Web Development Bootcamp Course (JavaScript, HTML, CSS)",freeCodeCamp.org,https://www.youtube.com/watch?v=zJSY8tbf_ys,1275,,English,,
yt_html_1129,Full Stack Development,Frontend Development,,Beginner,Master Frontend Technologies in Just 50 Days,Sheryians Coding School,https://www.youtube.com/watch?v=NqqtjkHkYtA,1,,English,,
yt_html_1130,Full Stack Development,Frontend Development,,Beginner,Learn web development as an absolute beginner,Coder Coder,https://www.youtube.com/watch?v=ysEN5RaKOlA,13,,English,,
yt_html_1131,Full Stack Development,Frontend Development,,Beginner,FREE Frontend Development Course with Certificate🔥 #frontenddevelopment #developer #freecertificate,DesignWithRehana,https://www.youtube.com/watch?v=O88W-GwRQT8,0,,English,,
yt_html_1132,Full Stack Development,Frontend Development,,Beginner,"React, Angular, or Vue? The Truth Revealed! (2025) 🔥 | Ultimate Frontend Framework Comparison",Pynade,https://www.youtube.com/watch?v=M3F_FrE-PoI,0,,English,,
yt_html_1133,Full Stack Development,Frontend Development,,Beginner,The Complete Frontend Developer Roadmap,Programming with Mosh,https://www.youtube.com/watch?v=Tef1e9FiSR0,9,,English,,
yt_html_1134,Full Stack Development,Frontend Development,,Beginner,Top 5 Front-end Developer Interview Questions every fresher should know!,LIVEWIRE India,https://www.youtube.com/watch?v=2ls1QcubWxw,1,,English,,
yt_html_1135,Full Stack Development,Frontend Development,,Beginner,Tools u must know to b a frontend developer #javascript #frontend #webdeveloper #besanttechnologies,Besant Technologies BTM Layout,https://www.youtube.com/watch?v=HUKqYFBnbwo,0,,English,,
yt_html_1136,Full Stack Development,Frontend Development,,Beginner,How to become a Frontend developer #softwareengineer #coding,Devslopes,https://www.youtube.com/watch?v=ZERrEHtRe70,1,,English,,
yt_html_1137,Full Stack Development,Frontend Development,,Beginner,FREE Frontend Development Resources | Telugu | Vamsi Bhavani,Vamsi Bhavani,https://www.youtube.com/watch?v=OL38S7IM_t8,14,,English,,
yt_html_1138,Full Stack Development,Frontend Development,,Beginner,The 2019 Frontend Developer Crash Course - HTML & CSS Tutorial for Beginners,DesignCourse,https://www.youtube.com/watch?v=8gNrZ4lAnAw,161,,English,,
yt_html_1139,Full Stack Development,Frontend Development,,Beginner,5 WEBSITES to practice Frontend Development🔥,DesignWithRehana,https://www.youtube.com/watch?v=rf-SvUadpKA,0,,English,,
yt_html_1140,Full Stack Development,Frontend Development,,Beginner,"Become a Frontend Developer from Scratch – Full Beginner’s Tutorial (HTML, CSS, JavaScript, React)",Iman Musa,https://www.youtube.com/watch?v=brap7oBm_4c,630,,English,,
yt_html_1141,Full Stack Development,Frontend Development,,Intermediate,This is how you’re going to be a Web Developer by the end of the year (2026 Roadmap),Developete,https://www.youtube.com/watch?v=jzfoFF_bZCI,16,,English,,
yt_html_1142,Full Stack Development,Frontend Development,,Intermediate,🤩 From Zero to Hero: 40 Web Dev Projects You Can Build Today ☑️ #webdevelopment #project #fullstack,Developersdiaries,https://www.youtube.com/watch?v=Oh4en7OYRf8,0,,English,,
yt_html_1143,Full Stack Development,Frontend Development,,Intermediate,Complete roadmap for developers #coding #webdesign #roadmap,Developer Shaurya,https://www.youtube.com/watch?v=q5rrUR_-KKE,0,,English,,
yt_html_1144,Full Stack Development,Frontend Development,,Intermediate,#shorts #programming #coding #css #html #javascript #ui #ux #design #programmers,AccioJob,https://www.youtube.com/watch?v=QnbspJRf7wc,0,,English,,
yt_html_1145,Full Stack Development,Frontend Development,,Intermediate,"Learn HTML, CSS and JavaScript in Single Video | Basics of MERN Stack Development",Sheryians Coding School,https://www.youtube.com/watch?v=kkOuRJ69BRY,233,,English,,
yt_html_1146,Full Stack Development,Frontend Development,,Intermediate,Web Development Roadmap 2026 (No BS Guide!),CodeWithHarry,https://www.youtube.com/watch?v=-4e3ewcTupM,17,,English,,
yt_html_1147,Full Stack Development,Frontend Development,,Intermediate,11 Skills to Beat AI as Frontend Developer | Tanay Pratap Hindi,Tanay Pratap,https://www.youtube.com/watch?v=A0UpEg6r9kc,18,,English,,
yt_html_1148,Full Stack Development,Frontend Development,,Intermediate,Every Frontend Architecture Pattern Explained in 23 Minutes,theSeniorDev,https://www.youtube.com/watch?v=9-r0RuX0pqk,23,,English,,
yt_html_1149,Full Stack Development,Frontend Development,,Intermediate,15 Frontend Concepts Every Senior Dev Has Mastered,theSeniorDev,https://www.youtube.com/watch?v=tHbrjCtNx7Q,36,,English,,
yt_html_1150,Full Stack Development,Frontend Development,,Intermediate,How I'd Learn Web Development (If I Could Start Over),Dylan Cole,https://www.youtube.com/watch?v=TG6XSFeOT3g,7,,English,,
yt_html_1151,Full Stack Development,Frontend Development,,Intermediate,The Web Dev Roadmap I Wish I Had (No One Tells You This!),DevForge,https://www.youtube.com/watch?v=ee2oaTBS9Sk,4,,English,,
yt_html_1152,Full Stack Development,Frontend Development,,Advanced,14 Front End System Design Concepts | Explained in 10 Minutes,Eric Tech,https://www.youtube.com/watch?v=YO7R0rYWDl8,13,,English,,
yt_html_1153,Full Stack Development,Frontend Development,,Advanced,Real Frontend Interview Simulation: Where Most Developers Fail,Sheryians Coding School,https://www.youtube.com/watch?v=AIuRkIPkn-8,18,,English,,
yt_html_1154,Full Stack Development,Frontend Development,,Advanced,Top 40 Questions for frontend developer Interview | Basic to Advance questions | Check Description,Perfect eLearning,https://www.youtube.com/watch?v=hcbz7re4P-g,0,,English,,
yt_html_1155,Full Stack Development,Frontend Development,,Advanced,Frontend Developer Roadmap 2026 - Must Watch #shorts #jobs,Technical Suneja,https://www.youtube.com/watch?v=LgVnGT0pWEo,1,,English,,
yt_html_1156,Full Stack Development,Frontend Development,,Advanced,Frontend development in 90 minutes,Awesome,https://www.youtube.com/watch?v=c4n0CjXuZAY,89,,English,,
yt_html_1157,Full Stack Development,Frontend Development,,Advanced,100+ Web Development Things you Should Know,Fireship,https://www.youtube.com/watch?v=erEgovG9WBs,13,,English,,
yt_html_1158,Full Stack Development,End-to-End Testing in Full Stack Development,,Beginner,CI/CD Tutorial using GitHub Actions - Automated Testing & Automated Deployments,Tom Shaw,https://www.youtube.com/watch?v=YLtlz88zrLg,6,,English,,
yt_html_1159,Full Stack Development,End-to-End Testing in Full Stack Development,,Beginner,AutoCAD Find Coordinates of a Point #Shorts,CAD CAM Tutorials,https://www.youtube.com/watch?v=1whg-U47qWA,0,,English,,
yt_html_1160,Full Stack Development,End-to-End Testing in Full Stack Development,,Beginner,Testing In React Tutorial - Jest and React Testing Library,PedroTech,https://www.youtube.com/watch?v=JBSUgDxICg8,21,,English,,
yt_html_1161,Full Stack Development,End-to-End Testing in Full Stack Development,,Beginner,"How To Change Your Yoyo From ""Responsive"" to ""Unresponsive""",The Brandon Vu,https://www.youtube.com/watch?v=fQeG3-zTQUc,1,,English,,
yt_html_1162,Full Stack Development,End-to-End Testing in Full Stack Development,,Beginner,Javascript Tutorial for Beginners -  Test Automation,Rahul Shetty Academy,https://www.youtube.com/watch?v=IQuG77FNMhw,175,,English,,
yt_html_1163,Full Stack Development,End-to-End Testing in Full Stack Development,,Beginner,"What is Playwright? (🎭 Playwright introduction tutorial, features & demo)",Testopic,https://www.youtube.com/watch?v=wGr5rz8WGCE,12,,English,,
yt_html_1164,Full Stack Development,End-to-End Testing in Full Stack Development,,Beginner,Manual Software Testing Training Part-5,SDET- QA,https://www.youtube.com/watch?v=0gpm4llQ06Y,81,,English,,
yt_html_1165,Full Stack Development,End-to-End Testing in Full Stack Development,,Beginner,How to Ace Your Multiple-Choice Tests,Gohar Khan,https://www.youtube.com/watch?v=GjntuBerNF0,0,,English,,
yt_html_1166,Full Stack Development,End-to-End Testing in Full Stack Development,,Beginner,Remove People in 15 Seconds with Photoshop!,PiXimperfect,https://www.youtube.com/watch?v=6l7sfhAFQ8M,0,,English,,
yt_html_1167,Full Stack Development,End-to-End Testing in Full Stack Development,,Beginner,Postman API Testing Tutorial | Postman Tutorial For Beginners 2025,Code Bless You,https://www.youtube.com/watch?v=CLG0ha_a0q8,9,,English,,
yt_html_1168,Full Stack Development,End-to-End Testing in Full Stack Development,,Beginner,Playwright with TypeScript Beginner Tutorial #15 | Record Videos 🎥 for Failed & Passed Tests,SDET Adda For QA Automation,https://www.youtube.com/watch?v=Vemgvn0B6Gc,4,,English,,
yt_html_1169,Full Stack Development,End-to-End Testing in Full Stack Development,,Beginner,"Static, Unit, Integration, and End-to-End Tests Explained - Software Testing Series #1",Lucas Paganini,https://www.youtube.com/watch?v=TLccnKIMggA,14,,English,,
yt_html_1170,Full Stack Development,End-to-End Testing in Full Stack Development,,Beginner,How to Answer Any Question on a Test,Gohar Khan,https://www.youtube.com/watch?v=imJFJTXJX48,0,,English,,
yt_html_1171,Full Stack Development,End-to-End Testing in Full Stack Development,,Beginner,how to apply eyeliner | simple eyeliner tutorial 😍😍,Makeup & Beauty Essentials,https://www.youtube.com/watch?v=h9BrRYIW5m0,0,,English,,
yt_html_1172,Full Stack Development,End-to-End Testing in Full Stack Development,,Beginner,Step by Step JIRA Tutorial for Testers | Realtime Project - learn Software Testing,Nerta Rycca,https://www.youtube.com/watch?v=MQ9pfeQX6Sg,10,,English,,
yt_html_1173,Full Stack Development,End-to-End Testing in Full Stack Development,,Beginner,Part 1: Cypress E2E Web Automation | Introduction | 2022 Series,SDET- QA,https://www.youtube.com/watch?v=69SFwgWHUig,29,,English,,
yt_html_1174,Full Stack Development,End-to-End Testing in Full Stack Development,,Beginner,"Manual Testing , manual testing online Training Complete manual testing in 60 minutes , End to End",kiran testing academy,https://www.youtube.com/watch?v=b0MfUUrlMXA,58,,English,,
yt_html_1175,Full Stack Development,End-to-End Testing in Full Stack Development,,Beginner,Options explained for dummies |  Options for beginners | Options trading | Part - 2| Option Contract,Fortune Talks ,https://www.youtube.com/watch?v=7EpktRs-XCw,1,,English,,
yt_html_1176,Full Stack Development,End-to-End Testing in Full Stack Development,,Beginner,Playwright Beginner Tutorial 3 | How to run tests,Automation Step by Step,https://www.youtube.com/watch?v=LTwg0kqdK4I,15,,English,,
yt_html_1177,Full Stack Development,End-to-End Testing in Full Stack Development,,Beginner,TypeScript Tutorial for Beginners,Programming with Mosh,https://www.youtube.com/watch?v=d56mG7DezGs,64,,English,,
yt_html_1178,Full Stack Development,End-to-End Testing in Full Stack Development,,Beginner,Cypress Testing Tutorial : Live Project #1 [ Start to End for Beginners ],The Testing Academy,https://www.youtube.com/watch?v=amBDOXpGa6c,26,,English,,
yt_html_1179,Full Stack Development,End-to-End Testing in Full Stack Development,,Beginner,Selenium Tutorial For Beginners | What Is Selenium? | Selenium Automation Testing Tutorial | Edureka,edureka!,https://www.youtube.com/watch?v=5FUdrBq-WFo,153,,English,,
yt_html_1180,Full Stack Development,End-to-End Testing in Full Stack Development,,Beginner,Introduction To Software Development LifeCycle | What Is Software Development? | Simplilearn,Simplilearn,https://www.youtube.com/watch?v=Fi3_BjVzpqk,6,,English,,
yt_html_1181,Full Stack Development,End-to-End Testing in Full Stack Development,,Beginner,How to correctly use Ethernet cable tester? Step-by-step Tutorial #shorts,VCELINK,https://www.youtube.com/watch?v=xB9o75kEURg,0,,English,,
yt_html_1182,Full Stack Development,End-to-End Testing in Full Stack Development,,Beginner,[Introduction to contract testing - Part 1] The problem with end-to-end integrated tests,PactFlow,https://www.youtube.com/watch?v=U05q0zJsKsU,6,,English,,
yt_html_1183,Full Stack Development,End-to-End Testing in Full Stack Development,,Beginner,What is automated testing? Beginner intro & automation demo,Testopic,https://www.youtube.com/watch?v=pQPUs9uaKUM,16,,English,,
yt_html_1184,Full Stack Development,End-to-End Testing in Full Stack Development,,Beginner,Software Testing Tutorial For Beginners | Manual & Automation Testing | Selenium Training | Edureka,edureka!,https://www.youtube.com/watch?v=T3q6QcCQZQg,61,,English,,
yt_html_1185,Full Stack Development,End-to-End Testing in Full Stack Development,,Beginner,Automation Testing Full Course 2026 | Learn Automation Testing from Scratch in 7 Hours| Simplilearn,Simplilearn,https://www.youtube.com/watch?v=iI5TkK3CVEo,396,,English,,
yt_html_1186,Full Stack Development,End-to-End Testing in Full Stack Development,,Beginner,Software Testing Life Cycle (STLC) | Software Testing Tutorial | Edureka,edureka!,https://www.youtube.com/watch?v=_3OhZrad8RM,25,,English,,
yt_html_1187,Full Stack Development,End-to-End Testing in Full Stack Development,,Beginner,What Is Playwright? | Playwright Automation Testing Tutorial for Beginners,The Quality Analyst,https://www.youtube.com/watch?v=ziVWK9mCiyI,10,,English,,
yt_html_1188,Full Stack Development,End-to-End Testing in Full Stack Development,,Beginner,Cypress End-to-End Testing,Fireship,https://www.youtube.com/watch?v=7N63cMKosIE,10,,English,,
yt_html_1189,Full Stack Development,End-to-End Testing in Full Stack Development,,Beginner,Selenium Testing Tutorial | Selenium Tutorial For Beginners | Selenium Training | Edureka,edureka!,https://www.youtube.com/watch?v=18Ak1ZL_lDY,27,,English,,
yt_html_1190,Full Stack Development,End-to-End Testing in Full Stack Development,,Beginner,How to Write & Run a Test Case in Selenium | Selenium Tutorial | Selenium Training | Edureka,edureka!,https://www.youtube.com/watch?v=_JNeiGbAgL4,25,,English,,
yt_html_1191,Full Stack Development,End-to-End Testing in Full Stack Development,,Beginner,Project 1: End To End Python ML Project (Complete)| Machine Learning Tutorials Using Python In Hindi,CodeWithHarry,https://www.youtube.com/watch?v=iIkJrwVUl1c,186,,English,,
yt_html_1192,Full Stack Development,End-to-End Testing in Full Stack Development,,Beginner,End to End Selenium Framework | E-Commerce Project | Complete Selenium Framework from Scratch|,Automation Testing Insider,https://www.youtube.com/watch?v=2yDLEgSTG_c,505,,English,,
yt_html_1193,Full Stack Development,End-to-End Testing in Full Stack Development,,Beginner,Playwright Automation Full Course for Beginners | Build Production Level Framework from Scratch,Develop with Aakash,https://www.youtube.com/watch?v=bP3M7vCGT4g,213,,English,,
yt_html_1194,Full Stack Development,End-to-End Testing in Full Stack Development,,Beginner,Postman Beginner's Course - API Testing,freeCodeCamp.org,https://www.youtube.com/watch?v=VywxIQ2ZXw4,130,,English,,
yt_html_1195,Full Stack Development,End-to-End Testing in Full Stack Development,,Beginner,How to Ace Your Next Science Exam,Gohar Khan,https://www.youtube.com/watch?v=KeSyKl7zHG0,0,,English,,
yt_html_1196,Full Stack Development,End-to-End Testing in Full Stack Development,,Beginner,Jira Tutorial for Beginners | Jira Tool | Jira Training | Edureka,edureka!,https://www.youtube.com/watch?v=1RilyCsxp7U,12,,English,,
yt_html_1197,Full Stack Development,End-to-End Testing in Full Stack Development,,Beginner,Cypress Complete Beginners Masterclass 1 | Step by Step | Raghav Pal |,Automation Step by Step,https://www.youtube.com/watch?v=tRI5ruE7yCA,81,,English,,
yt_html_1198,Full Stack Development,End-to-End Testing in Full Stack Development,,Beginner,"The Ultimate Guide to Android Testing (Unit Tests, UI Tests, End-to-End Tests) - Clean Architecture",Philipp Lackner,https://www.youtube.com/watch?v=nDCCwyS0_MQ,70,,English,,
yt_html_1199,Full Stack Development,End-to-End Testing in Full Stack Development,,Beginner,How to glue the press on nails perfectly,BTArtbox Nails,https://www.youtube.com/watch?v=EBEKtWZwn8c,0,,English,,
yt_html_1200,Full Stack Development,End-to-End Testing in Full Stack Development,,Beginner,Jira Tool | Agile Project Management,SDET- QA,https://www.youtube.com/watch?v=Wgyirv9juFI,128,,English,,
yt_html_1201,Full Stack Development,End-to-End Testing in Full Stack Development,,Beginner,"JavaScript Testing Introduction Tutorial - Unit Tests, Integration Tests & e2e Tests",Academind,https://www.youtube.com/watch?v=r9HdJ8P6GQI,40,,English,,
yt_html_1202,Full Stack Development,End-to-End Testing in Full Stack Development,,Beginner,Simple Penetration Testing Tutorial for Beginners!,Loi Liang Yang,https://www.youtube.com/watch?v=B7tTQ272OHE,15,,English,,
yt_html_1203,Full Stack Development,End-to-End Testing in Full Stack Development,,Beginner,Software Testing Explained in 100 Seconds,Fireship,https://www.youtube.com/watch?v=u6QfIXgjwGQ,2,,English,,
yt_html_1204,Full Stack Development,End-to-End Testing in Full Stack Development,,Beginner,Software Testing Tutorial #28 - End to End Testing in Software Testing,Software Testing Mentor,https://www.youtube.com/watch?v=WVW4r2QWZkw,19,,English,,
yt_html_1205,Full Stack Development,End-to-End Testing in Full Stack Development,,Beginner,What is Testing? full Explanation | Software Engineering,Learn Coding,https://www.youtube.com/watch?v=sbW4RThXNL8,10,,English,,
yt_html_1206,Full Stack Development,End-to-End Testing in Full Stack Development,,Beginner,Cypress in 100 Seconds,Fireship,https://www.youtube.com/watch?v=BQqzfHQkREo,3,,English,,
yt_html_1207,Full Stack Development,End-to-End Testing in Full Stack Development,,Intermediate,What Is End To End Testing?,Syntax,https://www.youtube.com/watch?v=wycIcpuLkzU,6,,English,,
yt_html_1208,Full Stack Development,End-to-End Testing in Full Stack Development,,Intermediate,What is end to end testing | Cypress introduction,Hitesh Choudhary,https://www.youtube.com/watch?v=TFW_zvFHuOg,12,,English,,
yt_html_1209,Full Stack Development,End-to-End Testing in Full Stack Development,,Intermediate,Performance Testing Using Jmeter,CodeSnippet,https://www.youtube.com/watch?v=s6llDeUJmyE,1,,English,,
yt_html_1210,Full Stack Development,End-to-End Testing in Full Stack Development,,Intermediate,Learn Postman for API Testing (Step-by-Step Tutorial),Automation Step by Step,https://www.youtube.com/watch?v=wEOLZq-7DYs,96,,English,,
yt_html_1211,Full Stack Development,End-to-End Testing in Full Stack Development,,Intermediate,How to Finish Your Exams Faster,Gohar Khan,https://www.youtube.com/watch?v=lawsPy7_ftI,0,,English,,
yt_html_1212,Full Stack Development,End-to-End Testing in Full Stack Development,,Intermediate,How Do You Test an API Manually? | API Testing Manually | API Testing tutorial | TheTestingAcademy,The Testing Academy,https://www.youtube.com/watch?v=y_XFfTRn4s4,10,,English,,
yt_html_1213,Full Stack Development,End-to-End Testing in Full Stack Development,,Intermediate,Modern E2E Testing with Playwright and AI,Checkly,https://www.youtube.com/watch?v=emUaq9FPIcc,54,,English,,
yt_html_1214,Full Stack Development,End-to-End Testing in Full Stack Development,,Intermediate,What is Integration Testing? | Software Testing Tutorial for Beginners | Edureka,edureka!,https://www.youtube.com/watch?v=8UfQ8quw0Eg,29,,English,,
yt_html_1215,Full Stack Development,End-to-End Testing in Full Stack Development,,Intermediate,Complete New Player Guide to Star Citizen (2026) - For Beginners and Returning Players,Farrister,https://www.youtube.com/watch?v=w3qlawRKecI,34,,English,,
yt_html_1216,Full Stack Development,End-to-End Testing in Full Stack Development,,Intermediate,What is test plan document?#manualtesting #testing #test #document #beginners #sdlc #softwaretesting,ITlearn 360,https://www.youtube.com/watch?v=Px-28SgC8KQ,0,,English,,
yt_html_1217,Full Stack Development,End-to-End Testing in Full Stack Development,,Intermediate,"Software Testing Course – Playwright, E2E, and AI Agents",freeCodeCamp.org,https://www.youtube.com/watch?v=jydYq7oAtD8,64,,English,,
yt_html_1218,Full Stack Development,End-to-End Testing in Full Stack Development,,Intermediate,Get started with end-to-end testing: Playwright | Episode 1 - Introduction,Visual Studio Code,https://www.youtube.com/watch?v=4-LwodVujTg,1,,English,,
yt_html_1219,Full Stack Development,End-to-End Testing in Full Stack Development,,Intermediate,5 Types of Testing Software Every Developer Needs to Know!,Alex Hyett,https://www.youtube.com/watch?v=YaXJeUkBe4Y,6,,English,,
yt_html_1220,Full Stack Development,End-to-End Testing in Full Stack Development,,Intermediate,How to Learn Automation Testing in 2026?,The Testing Academy,https://www.youtube.com/watch?v=-WnTkcq_By0,10,,English,,
yt_html_1221,Full Stack Development,End-to-End Testing in Full Stack Development,,Intermediate,"Selenium Tutorial (Real-time Work) Automation Testing, Selenium Java, Python, Software Testing, QA",SoftwareSchool - Coding Tutorials In Telugu,https://www.youtube.com/watch?v=zC5XPp9v1uE,1,,English,,
yt_html_1222,Full Stack Development,End-to-End Testing in Full Stack Development,,Intermediate,Manual Testing అంటే ఏంటి?End to End Process In Telugu | Software Testing | @techagent2.0,Tech agent 2.0,https://www.youtube.com/watch?v=UyxOOwYD0m4,11,,English,,
yt_html_1223,Full Stack Development,End-to-End Testing in Full Stack Development,,Intermediate,Playwright with Typescript+ Gen AI | AI  Powered Automation Testing Demo Class,H2K Infosys,https://www.youtube.com/watch?v=RwbLGBLQFhw,48,,English,,
yt_html_1224,Full Stack Development,End-to-End Testing in Full Stack Development,,Intermediate,Hacking Linux with These Simple Commands Pt:1,NetworkChuck Academy,https://www.youtube.com/watch?v=65Wl0D21U9E,1,,English,,
yt_html_1225,Full Stack Development,End-to-End Testing in Full Stack Development,,Intermediate,5 tools you must know for Manual Testing,The Web Devel Geek,https://www.youtube.com/watch?v=D3QQn4FFZYw,0,,English,,
yt_html_1226,Full Stack Development,End-to-End Testing in Full Stack Development,,Intermediate,Top Automation Testing Tools in 2025 | Selenium vs Cypress vs Playwright & More,TechE,https://www.youtube.com/watch?v=jhLziG8XQEs,0,,English,,
yt_html_1227,Full Stack Development,End-to-End Testing in Full Stack Development,,Intermediate,ETL Testing Automation: Complete End-to-End Workflow with Python,ETL QA Labs,https://www.youtube.com/watch?v=D8BtfDJM53I,25,,English,,
yt_html_1228,Full Stack Development,End-to-End Testing in Full Stack Development,,Intermediate,Postman API Testing Tutorial 🔥,Automate with Rakesh,https://www.youtube.com/watch?v=I0RQaztZulA,96,,English,,
yt_html_1229,Full Stack Development,End-to-End Testing in Full Stack Development,,Intermediate,React Vite Testing Tutorial For Beginners - Vitest Testing Crash Course,PedroTech,https://www.youtube.com/watch?v=CxSL0knFxAs,39,,English,,
yt_html_1230,Full Stack Development,End-to-End Testing in Full Stack Development,,Intermediate,Software Testing Process Guide: What is User Acceptance Testing - UAT?,Online PM Courses - Mike Clayton,https://www.youtube.com/watch?v=sGwm4p9sGPI,8,,English,,
yt_html_1231,Full Stack Development,End-to-End Testing in Full Stack Development,,Intermediate,Basic Steps of Acrylic Nails for Beginners - Acrylic Nails Tips That You Should Know,Lavis Nail System,https://www.youtube.com/watch?v=HbIlczEokYQ,1,,English,,
yt_html_1232,Full Stack Development,End-to-End Testing in Full Stack Development,,Intermediate,Types of Software Testing | interview course tutorial #manualtesting #shots #ytshorts #selenium,Bhau-Automation Lab,https://www.youtube.com/watch?v=7oyEz5K7Pqw,0,,English,,
yt_html_1233,Full Stack Development,End-to-End Testing in Full Stack Development,,Intermediate,Postman Tutorial #21 - Manual API Testing End to End | Part-1,Software Testing Mentor,https://www.youtube.com/watch?v=kqNejSXfUZE,27,,English,,
yt_html_1234,Full Stack Development,End-to-End Testing in Full Stack Development,,Intermediate,#playwright #automationtesting #automation #testing #test,Dwarika Dubey,https://www.youtube.com/watch?v=tWAUq9AxipY,0,,English,,
yt_html_1235,Full Stack Development,End-to-End Testing in Full Stack Development,,Intermediate,STOP Sounding Like a Beginner! Do this.,Guitar Mastery Method,https://www.youtube.com/watch?v=-Sd0W1zLG4s,1,,English,,
yt_html_1236,Full Stack Development,End-to-End Testing in Full Stack Development,,Intermediate,How To Perform End-To-End Testing Using HyperExecute | TestMu AI,TestMu AI (Formerly LambdaTest),https://www.youtube.com/watch?v=7aZv7knyViw,18,,English,,
yt_html_1237,Full Stack Development,End-to-End Testing in Full Stack Development,,Intermediate,End to End Testing - Explained,Mehul Mohan,https://www.youtube.com/watch?v=68xvfrxlEYo,7,,English,,
yt_html_1238,Full Stack Development,End-to-End Testing in Full Stack Development,,Intermediate,Tools For Automation Testing,TheTestingAcademy Hindi,https://www.youtube.com/watch?v=EK8C5jl4Pnc,1,,English,,
yt_html_1239,Full Stack Development,End-to-End Testing in Full Stack Development,,Intermediate,Postman Api Testing Tutorial for beginners,Codemify,https://www.youtube.com/watch?v=MFxk5BZulVU,17,,English,,
yt_html_1240,Full Stack Development,End-to-End Testing in Full Stack Development,,Intermediate,React Testing with Playwright (Complete Tutorial),Cosden Solutions,https://www.youtube.com/watch?v=3NW0Mz943_E,33,,English,,
yt_html_1241,Full Stack Development,End-to-End Testing in Full Stack Development,,Intermediate,What is Unit Testing? Why YOU Should Learn It + Easy to Understand Examples,Andy Sterkowitz,https://www.youtube.com/watch?v=3kzHmaeozDI,11,,English,,
yt_html_1242,Full Stack Development,End-to-End Testing in Full Stack Development,,Advanced,[[ 4 HOURS ]] SSIS Complete Tutorial  - { End to End } Full Course - SQL Server Integration Services,Analytics with Nags,https://www.youtube.com/watch?v=G_wG-bzTCZY,252,,English,,
yt_html_1243,Full Stack Development,End-to-End Testing in Full Stack Development,,Advanced,Playwright with TypeScript Full Course (6+ Hours) | Beginner to Advanced | Automation Testing 2026,Playwright and Python AI ML Automation Testing,https://www.youtube.com/watch?v=0kWTkqEdSwU,381,,English,,
yt_html_1244,Full Stack Development,End-to-End Testing in Full Stack Development,,Advanced,React Testing for Beginners: Start Here!,Programming with Mosh,https://www.youtube.com/watch?v=8Xwq35cPwYg,77,,English,,
yt_html_1245,Full Stack Development,End-to-End Testing in Full Stack Development,,Advanced,A Clever Way to Study for Exams,Gohar Khan,https://www.youtube.com/watch?v=lZ2hkZGzeGE,1,,English,,
yt_html_1246,Full Stack Development,End-to-End Testing in Full Stack Development,,Advanced,How AI in QA is Transforming Software Testing Standards,TestMu AI (Formerly LambdaTest),https://www.youtube.com/watch?v=zqlRoybklhU,2,,English,,
yt_html_1247,Full Stack Development,End-to-End Testing in Full Stack Development,,Advanced,"Playwright Automation Masterclass #2 | Web Automation, UI Components & E2E Testing | PART II",Smart Things ,https://www.youtube.com/watch?v=Ld1CUnVa3vY,198,,English,,
yt_html_1248,Full Stack Development,End-to-End Testing in Full Stack Development,,Advanced,End of Postman? No-Code API Testing with Playwright + AI 🧠🤖,Execute Automation,https://www.youtube.com/watch?v=BYYyoRxCcFE,14,,English,,
yt_html_1249,Full Stack Development,End-to-End Testing in Full Stack Development,,Advanced,The four levels of data engineering!,DataExpert,https://www.youtube.com/watch?v=_eMnqdrZx_Q,1,,English,,
yt_html_1250,Full Stack Development,End-to-End Testing in Full Stack Development,,Advanced,How To Perform End To End Testing With Selenium | Selenium Tutorial🔍| TestMu AI,TestMu AI (Formerly LambdaTest),https://www.youtube.com/watch?v=oHc62KHOfg0,69,,English,,
yt_html_1251,Full Stack Development,End-to-End Testing in Full Stack Development,,Advanced,"When To Unit, E2E, And Integration Test",The PrimeTime,https://www.youtube.com/watch?v=isI1c0eGSZ0,15,,English,,
yt_html_1252,Full Stack Development,End-to-End Testing in Full Stack Development,,Advanced,Complete Software Testing in One Shot 4 Hours | Semester Exam | Hindi,5 Minutes Engineering,https://www.youtube.com/watch?v=BjfTANG5b4c,238,,English,,
yt_html_1253,Full Stack Development,End-to-End Testing in Full Stack Development,,Advanced,Automation Testing Tutorial Part 10 | The End of Our Journey!,QA Test Classroom,https://www.youtube.com/watch?v=A0IsmCMI3IQ,60,,English,,
yt_html_1254,Full Stack Development,End-to-End Testing in Full Stack Development,,Advanced,5 Advance Automation Testing Projects You can Mention in Your Resume,The Testing Academy,https://www.youtube.com/watch?v=d-qgpfRTrRw,8,,English,,
yt_html_1255,Full Stack Development,End-to-End Testing in Full Stack Development,,Advanced,I Asked 4 AIs How to Earn ₹500/Day (as a Student),Xon Cash,https://www.youtube.com/watch?v=bGSygvCnEPQ,10,,English,,
yt_html_1256,Full Stack Development,End-to-End Testing in Full Stack Development,,Advanced,Performance Testing with LoadRunner | End to End Overview  | Beginner to Advanced,Next IT Career,https://www.youtube.com/watch?v=DP0XS0UKjOo,49,,English,,
yt_html_1257,Full Stack Development,End-to-End Testing in Full Stack Development,,Advanced,Playwright API Testing with TypeScript (from scratch in 10 minutes),Artem Bondar,https://www.youtube.com/watch?v=P4Hswlt-KrI,10,,English,,
yt_html_1258,Full Stack Development,End-to-End Testing in Full Stack Development,,Advanced,Full Course - Playwright Automation Testing With TypeScript In 6 Hours | Playwright Tutorial,alexusadays,https://www.youtube.com/watch?v=dvBw2LKqLq4,377,,English,,
yt_html_1259,Full Stack Development,End-to-End Testing in Full Stack Development,,Advanced,"RG55G1 Review, X2 Mini Pro Testing, Predator Atlas 7 Reveal & More | Expedition: Handheld ep. 28",The Full Nerd Network,https://www.youtube.com/watch?v=GfzgAJrkulk,148,,English,,
yt_html_1260,Full Stack Development,End-to-End Testing in Full Stack Development,,Advanced,Testing JavaScript with Cypress – Full Course,freeCodeCamp.org,https://www.youtube.com/watch?v=u8vMu7viCm8,160,,English,,
yt_html_1261,Full Stack Development,End-to-End Testing in Full Stack Development,,Advanced,Top 30 Manual Testing Interview Questions | Software Testing Interview Questions | Intellipaat,Intellipaat,https://www.youtube.com/watch?v=leiJoPlALf8,77,,English,,
yt_html_1262,Full Stack Development,End-to-End Testing in Full Stack Development,,Advanced,Use This Test-Taking Strategy,Gohar Khan,https://www.youtube.com/watch?v=jXV2uZQycZY,0,,English,,
yt_html_1263,Full Stack Development,End-to-End Testing in Full Stack Development,,Advanced,LIVE API Testing Project #1 - From Start to Finish( Add to Resume),The Testing Academy,https://www.youtube.com/watch?v=VkfhINL956U,63,,English,,
yt_html_1264,Full Stack Development,End-to-End Testing in Full Stack Development,,Advanced,Advanced Playwright Techniques for Flawless Testing - Debbie O'Brien -,NDC Conferences,https://www.youtube.com/watch?v=ybYK9jM0lco,51,,English,,
yt_html_1265,Full Stack Development,End-to-End Testing in Full Stack Development,,Advanced,What is End To End Testing in Software Testing? - in Hindi Videos,LearnVern,https://www.youtube.com/watch?v=mTVSpYo-ziY,4,,English,,
yt_html_1266,Full Stack Development,End-to-End Testing in Full Stack Development,,Advanced,Infosys automation testing engineer Technical round | Selenium java,QA Support,https://www.youtube.com/watch?v=Cl6yYxTuUwA,13,,English,,
yt_html_1267,Full Stack Development,Full-Stack Deployment & Hosting,,Beginner,How I Built a Full-Stack Website in 10 Minutes Using AI,AI Master,https://www.youtube.com/watch?v=alsiVNdpm9g,14,,English,,
yt_html_1268,Full Stack Development,Full-Stack Deployment & Hosting,,Beginner,"Deploy MERN Stack app using Render, Vercel and mongoDB Atlas",Code With Arjun,https://www.youtube.com/watch?v=uGH7M2NEu3Q,18,,English,,
yt_html_1269,Full Stack Development,Full-Stack Deployment & Hosting,,Beginner,How to Deploy a Full-Stack Web Application - React Frontend | Node.js Backend | MySQL Database,Arne Rief,https://www.youtube.com/watch?v=nrG0tKSYMHc,31,,English,,
yt_html_1270,Full Stack Development,Full-Stack Deployment & Hosting,,Beginner,Lovable Tutorial: Build & Deploy a Full Stack App with Login + Database (Step-by-Step),AI Academy,https://www.youtube.com/watch?v=ZD9pr2AWW7E,9,,English,,
yt_html_1271,Full Stack Development,Full-Stack Deployment & Hosting,,Beginner,How to deploy your website for free,Coder Coder,https://www.youtube.com/watch?v=zyVZ73CBR7Y,1,,English,,
yt_html_1272,Full Stack Development,Full-Stack Deployment & Hosting,,Beginner,"Deploy a Full Stack App - React, Node.js, Express, Mongo | MERN Tutorial",Dave Gray,https://www.youtube.com/watch?v=l134cBAJCuc,21,,English,,
yt_html_1273,Full Stack Development,Full-Stack Deployment & Hosting,,Beginner,Full-stack on Cloudflare - The Course,backpine labs,https://www.youtube.com/watch?v=1-dXh8J08UI,5,,English,,
yt_html_1274,Full Stack Development,Full-Stack Deployment & Hosting,,Beginner,How to Deploy MERN Stack App on VPS (Hostinger) 🚀 | Step-by-Step Full Guide,VIRTUAL CODE,https://www.youtube.com/watch?v=BmX7MRCHl7M,78,,English,,
yt_html_1275,Full Stack Development,Full-Stack Deployment & Hosting,,Beginner,How To Deploy Full Stack Project on Hostinger VPS Hosting | Deploy MERN APP on VPS Server,GreatStack,https://www.youtube.com/watch?v=o2J_jdKBLI4,56,,English,,
yt_html_1276,Full Stack Development,Full-Stack Deployment & Hosting,,Beginner,Deploy Full Stack Web App | Frontend + Backend Deployment | Vercel | Netlify,School4U | Programming School,https://www.youtube.com/watch?v=KuMbhQ4CLQ8,27,,English,,
yt_html_1277,Full Stack Development,Full-Stack Deployment & Hosting,,Beginner,Create Full Stack Web Apps in Minutes with AI #coding,iron coding,https://www.youtube.com/watch?v=vZl7de5QiyE,0,,English,,
yt_html_1278,Full Stack Development,Full-Stack Deployment & Hosting,,Beginner,"How To Build Full Stack Apps for FREE (Antigravity, No Code)",Giovanni Beggiato,https://www.youtube.com/watch?v=OWZr4EzQkd8,20,,English,,
yt_html_1279,Full Stack Development,Full-Stack Deployment & Hosting,,Beginner,How to Deploy a Fullstack Application with AWS,Code With Vini,https://www.youtube.com/watch?v=lczXbbUG3DE,11,,English,,
yt_html_1280,Full Stack Development,Full-Stack Deployment & Hosting,,Beginner,Master Full-Stack Docker & CI/CD – Build a Production-Ready Pipeline,freeCodeCamp.org,https://www.youtube.com/watch?v=lEcULR30-GM,239,,English,,
yt_html_1281,Full Stack Development,Full-Stack Deployment & Hosting,,Beginner,⚡ Deploy Full-Stack Website (Frontend + Backend) in Minutes! #shorts #webdevelopment,College Buddy,https://www.youtube.com/watch?v=U_ox-P9rbnk,1,,English,,
yt_html_1282,Full Stack Development,Full-Stack Deployment & Hosting,,Beginner,Fastest Way to Deploy a Full Stack Web App (Railway),Darwin Tech,https://www.youtube.com/watch?v=JQIKobOcQ9k,2,,English,,
yt_html_1283,Full Stack Development,Full-Stack Deployment & Hosting,,Beginner,AWS FULL STACK TUTORIAL | Build and Deploy Your First App on AWS (Beginner Friendly!),Darla David,https://www.youtube.com/watch?v=ADDG7LLS5IM,118,,English,,
yt_html_1284,Full Stack Development,Full-Stack Deployment & Hosting,,Beginner,Deploy Full Stack MERN Project using GitHub and Hostinger | Deploy MERN App in 10 Minutes,GreatStack,https://www.youtube.com/watch?v=GlSrudlWAzI,22,,English,,
yt_html_1285,Full Stack Development,Full-Stack Deployment & Hosting,,Beginner,FullStack Developer Full Course 2026 | FullStack Developer Tutorial | FullStack Course | Simplilearn,Simplilearn,https://www.youtube.com/watch?v=H0dZFABDxyE,31,,English,,
yt_html_1286,Full Stack Development,Full-Stack Deployment & Hosting,,Beginner,Build a Full Stack Website with ChatGPT + AI | No Code Required | Complete Step-by-Step Tutorial,You B Tech,https://www.youtube.com/watch?v=j3D1IOpqGwk,31,,English,,
yt_html_1287,Full Stack Development,Full-Stack Deployment & Hosting,,Beginner,The Ultimate FastAPI + React Full Stack Project (Deploy This and You’re Set),Tech With Tim,https://www.youtube.com/watch?v=_1P0Uqk50Ps,210,,English,,
yt_html_1288,Full Stack Development,Full-Stack Deployment & Hosting,,Beginner,"Build a Full-Stack Website: PHP, MySQL & AI Tutorial",You B Tech,https://www.youtube.com/watch?v=Zkcb6MV0YAw,32,,English,,
yt_html_1289,Full Stack Development,Full-Stack Deployment & Hosting,,Beginner,🚀 Deploy MERN Stack Frontend & Backend on Vercel | Step-by-Step Guide,Unemployed_Mohit,https://www.youtube.com/watch?v=mhQWPV8GUDw,17,,English,,
yt_html_1290,Full Stack Development,Full-Stack Deployment & Hosting,,Beginner,Deploy Full Stack MERN App on Render in 2026 🚀 | Beginner Friendly,Webelite Builders,https://www.youtube.com/watch?v=txQW5opPILw,26,,English,,
yt_html_1291,Full Stack Development,Full-Stack Deployment & Hosting,,Beginner,Build and Deploy a Full-Stack AI App (Completely Free),JavaScript Mastery,https://www.youtube.com/watch?v=JiwTGGGIhDs,183,,English,,
yt_html_1292,Full Stack Development,Full-Stack Deployment & Hosting,,Beginner,Build & Deploy Full Stack Realtime Apps for FREE | Antigravity + Gemini 3.1 Pro + InsForge,Astro K Joseph,https://www.youtube.com/watch?v=jrQLvLJq6FY,21,,English,,
yt_html_1293,Full Stack Development,Full-Stack Deployment & Hosting,,Beginner,The Roadmap to Build a Production-Ready Full-Stack Web App in 5 Days with Minimal Resources,Career Landing Group,https://www.youtube.com/watch?v=zxfTArjbyto,0,,English,,
yt_html_1294,Full Stack Development,Full-Stack Deployment & Hosting,,Beginner,Easily Deploy Full Stack Node.js Apps on AWS EC2 | Step-by-Step Tutorial,Sam Meech-Ward,https://www.youtube.com/watch?v=nQdyiK7-VlQ,29,,English,,
yt_html_1295,Full Stack Development,Full-Stack Deployment & Hosting,,Beginner,"How to Put a Website Online: Template, Coding, Domain, Hosting, and DNS",freeCodeCamp.org,https://www.youtube.com/watch?v=NQP89ish9t8,59,,English,,
yt_html_1296,Full Stack Development,Full-Stack Deployment & Hosting,,Beginner,TanStack Start Full Course 2026 | Build and Deploy a Full Stack Application,JavaScript Mastery,https://www.youtube.com/watch?v=Ua__7-x6MWs,193,,English,,
yt_html_1297,Full Stack Development,Full-Stack Deployment & Hosting,,Beginner,How to Start Web Development? Complete Roadmap for FullStack Developer | 2022,Apna College,https://www.youtube.com/watch?v=MkcfB7S4fq0,16,,English,,
yt_html_1298,Full Stack Development,Full-Stack Deployment & Hosting,,Beginner,Become a Fullstack Developer from Scratch – Full Beginner’s Tutorial,freeCodeCamp.org,https://www.youtube.com/watch?v=LzMnsfqjzkA,1409,,English,,
yt_html_1299,Full Stack Development,Full-Stack Deployment & Hosting,,Beginner,Deploy Full-Stack .NET Apps for FREE in 2025 (Azure + Postgres),Milan Jovanović,https://www.youtube.com/watch?v=SI38jyEiso4,14,,English,,
yt_html_1300,Full Stack Development,Full-Stack Deployment & Hosting,,Beginner,Deploy NodeJS Application on AWS - Amazon Web Services | NodeJS,Piyush Garg,https://www.youtube.com/watch?v=_U0pTlpyMGg,20,,English,,
yt_html_1301,Full Stack Development,Full-Stack Deployment & Hosting,,Beginner,React + Laravel Full-stack Application | Build and Deploy,The Codeholic,https://www.youtube.com/watch?v=qJq9ZMB2Was,193,,English,,
yt_html_1302,Full Stack Development,Full-Stack Deployment & Hosting,,Beginner,How To Deploy Full Stack React App on Vercel and Render | Host Frontend and Backend For Free 🔥,WebX Learner,https://www.youtube.com/watch?v=adoYtqIYc9o,11,,English,,
yt_html_1303,Full Stack Development,Full-Stack Deployment & Hosting,,Beginner,Full Stack Engineering Course | Build and Deploy a Full Stack PERN Admin Dashboard in 2026,JavaScript Mastery,https://www.youtube.com/watch?v=ek7hmv5PVV8,473,,English,,
yt_html_1304,Full Stack Development,Full-Stack Deployment & Hosting,,Beginner,How To Build & Deploy Full Stack Apps for FREE With Antigravity (No Code),Michele Torti,https://www.youtube.com/watch?v=yeE8Aid052E,14,,English,,
yt_html_1305,Full Stack Development,Full-Stack Deployment & Hosting,,Beginner,MERN Stack Tutorial for Beginners with Deployment – 2025,freeCodeCamp.org,https://www.youtube.com/watch?v=F9gB5b4jgOI,215,,English,,
yt_html_1306,Full Stack Development,Full-Stack Deployment & Hosting,,Beginner,Build and Deploy Full Stack Project Management App using React js | PERN Stack Project 2026,GreatStack,https://www.youtube.com/watch?v=50NN3d-Ne1U,337,,English,,
yt_html_1307,Full Stack Development,Full-Stack Deployment & Hosting,,Beginner,Build a Full-Stack Web App WITHOUT Coding using AI (Antigravity + Claude) – Full Tutorial,You B Tech,https://www.youtube.com/watch?v=0gigkdSlvTk,21,,English,,
yt_html_1308,Full Stack Development,Full-Stack Deployment & Hosting,,Beginner,How To Deploy Full Stack React App For Free |  Deploy MERN Stack Project In 10 Minutes,GreatStack,https://www.youtube.com/watch?v=cVEOhgPziO8,17,,English,,
yt_html_1309,Full Stack Development,Full-Stack Deployment & Hosting,,Beginner,"How To Build Full Stack Apps for FREE (Antigravity, No Code)",Ashutosh Kumar,https://www.youtube.com/watch?v=BE6uj1COo8I,27,,English,,
yt_html_1310,Full Stack Development,Full-Stack Deployment & Hosting,,Beginner,How to Deploy MERN Stack Projects - Step-by-Step Guide!,Patel MernStack,https://www.youtube.com/watch?v=oLE9iWAE1G4,29,,English,,
yt_html_1311,Full Stack Development,Full-Stack Deployment & Hosting,,Beginner,Build & Deploy Full Stack Apps with AI for FREE  with Antigravity (No Coding),Darsh Jain,https://www.youtube.com/watch?v=gW-KXcC1fXc,25,,English,,
yt_html_1312,Full Stack Development,Full-Stack Deployment & Hosting,,Beginner,Deploy a Full Stack Spring Boot & React App with Database for FREE | Step-by-Step Guide,EmbarkX | Real Engineering | Faisal Memon,https://www.youtube.com/watch?v=jBDTsf8jsEs,60,,English,,
yt_html_1313,Full Stack Development,Full-Stack Deployment & Hosting,,Beginner,How to Deploy Websites and Full Stack Apps for Free in Seconds | Sevalla Tutorial,iron coding,https://www.youtube.com/watch?v=369EShl61lY,4,,English,,
yt_html_1314,Full Stack Development,Full-Stack Deployment & Hosting,,Beginner,⚡ Free Deploy Full-Stack Website (Frontend + Backend) in Minutes! #webdevelopment,College Buddy,https://www.youtube.com/watch?v=rMQxN7skA4E,9,,English,,
yt_html_1315,Full Stack Development,Full-Stack Deployment & Hosting,,Intermediate,Flutter Tutorial for Beginners – Build This in 60s!,Yaqoob Developer,https://www.youtube.com/watch?v=55Cv7Mct5cM,0,,English,,
yt_html_1316,Full Stack Development,Full-Stack Deployment & Hosting,,Intermediate,AWS Vs. Azure Vs. Google Cloud,AWS DevOps Engineer,https://www.youtube.com/watch?v=HI7T43LhWTU,0,,English,,
yt_html_1317,Full Stack Development,Full-Stack Deployment & Hosting,,Intermediate,What is Cloud Computing? Learn How Cloud Works! #shorts #cloudcomputing,Error Makes Clever,https://www.youtube.com/watch?v=eXNvTjKcP_0,1,,English,,
yt_html_1318,Full Stack Development,Full-Stack Deployment & Hosting,,Intermediate,Full stack vs Mobile App Development !,Error Makes Clever,https://www.youtube.com/watch?v=BZC1rErJCe8,1,,English,,
yt_html_1319,Full Stack Development,Full-Stack Deployment & Hosting,,Intermediate,Full stack development is beyond MERN,Chai aur Code,https://www.youtube.com/watch?v=cLMwToJ2rK0,1,,English,,
yt_html_1320,Full Stack Development,Full-Stack Deployment & Hosting,,Intermediate,Cloud Engineer Roadmap #clouds #engineering #ai #study #education #students,The DotNet Office,https://www.youtube.com/watch?v=jQ8e0EGElZA,0,,English,,
yt_html_1321,Full Stack Development,Full-Stack Deployment & Hosting,,Intermediate,🚀 Complete Roadmap to DevOps in 2025 | Step-by-Step Guide,App Developer 707,https://www.youtube.com/watch?v=5roUv47FfCo,0,,English,,
yt_html_1322,Full Stack Development,Full-Stack Deployment & Hosting,,Intermediate,Build almost any mobile app #appdeveloper #appdevelopment #coding,SetupsAI,https://www.youtube.com/watch?v=s6c1rMnAsv8,0,,English,,
yt_html_1323,Full Stack Development,Full-Stack Deployment & Hosting,,Intermediate,🔥Salary of  Full Stack Developer #shorts  #simplilearn,Simplilearn,https://www.youtube.com/watch?v=9BtI-6fXh3c,1,,English,,
yt_html_1324,Full Stack Development,Full-Stack Deployment & Hosting,,Intermediate,I Build a full-stack ecommerce website without coding #coding #nocode,iron coding,https://www.youtube.com/watch?v=9LzMg9QrBwQ,1,,English,,
yt_html_1325,Full Stack Development,Full-Stack Deployment & Hosting,,Intermediate,Java Full Stack Developer Salary | Java Developer Salary & Skills Needed | Intellipaat #shorts #java,Intellipaat,https://www.youtube.com/watch?v=NnQM0z4Nwzs,1,,English,,
yt_html_1326,Full Stack Development,Full-Stack Deployment & Hosting,,Intermediate,Deploy to Vercel,Becoming A Better Dev (with David),https://www.youtube.com/watch?v=mWlnv9hd-tc,0,,English,,
yt_html_1327,Full Stack Development,Full-Stack Deployment & Hosting,,Intermediate,Full Stack Developer Course 2025 | Learn Web Development & Build Real Projects #fullstack #career,Error Makes Clever,https://www.youtube.com/watch?v=1ZqGu6rhm7o,1,,English,,
yt_html_1328,Full Stack Development,Full-Stack Deployment & Hosting,,Intermediate,How To Create An App With Claude AI #claudeai #webappdevelopment #software #tech #ai,Sophy ,https://www.youtube.com/watch?v=mD7zSDPFrvI,0,,English,,
yt_html_1329,Full Stack Development,Full-Stack Deployment & Hosting,,Intermediate,Becoming a Full Stack Developer!,"Fireblaze AI School | Data, Analytics & AI Careers",https://www.youtube.com/watch?v=J1berVAFz5M,0,,English,,
yt_html_1330,Full Stack Development,Full-Stack Deployment & Hosting,,Intermediate,Roadmap to become a Full Stack Developer.,julián Vélez,https://www.youtube.com/watch?v=8ZzkJBwt_FE,0,,English,,
yt_html_1331,Full Stack Development,Full-Stack Deployment & Hosting,,Intermediate,Build almost any fully functional app #appdevelopment #appdeveloper #productivity,SetupsAI,https://www.youtube.com/watch?v=P2xLqEqvj3c,0,,English,,
yt_html_1332,Full Stack Development,Full-Stack Deployment & Hosting,,Advanced,Mern vs fullstack,ezSnippet,https://www.youtube.com/watch?v=Ew1eP3u9mNw,1,,English,,
yt_html_1333,Full Stack Development,Full-Stack Deployment & Hosting,,Advanced,Deploy & Host Python Web Apps for FREE 💯🚀,Wasay Tech Tips,https://www.youtube.com/watch?v=Eu6sKlvO_tE,1,,English,,
yt_html_1334,Full Stack Development,Full-Stack Deployment & Hosting,,Advanced,What is Hosting? Where to Host? Which Hosting? | Sigma Web Development Course - Tutorial #103,CodeWithHarry,https://www.youtube.com/watch?v=c2A5XJidIDA,38,,English,,
yt_html_1335,Full Stack Development,Full-Stack Deployment & Hosting,,Advanced,"Deploy Website in Just 30 Seconds Using Netlify | HTML, CSS, JS",The Adiga,https://www.youtube.com/watch?v=9srnyNC1e_o,1,,English,,
yt_html_1336,Full Stack Development,Full-Stack Deployment & Hosting,,Advanced,🔥Best Free Al Website Builder #AItools #AICoder #DeepSeek,Editminds Tech,https://www.youtube.com/watch?v=lDQTPOEFnEU,0,,English,,
yt_html_1337,Full Stack Development,Full-Stack Deployment & Hosting,,Advanced,Next.js 16 Full Course | Build and Deploy a Production-Ready Full Stack App,JavaScript Mastery,https://www.youtube.com/watch?v=I1V9YWqRIeI,250,,English,,
yt_html_1338,Full Stack Development,Full-Stack Deployment & Hosting,,Advanced,AWS Services Terms for Beginners,AWS with Jaymit,https://www.youtube.com/watch?v=VOV2cjQIREI,0,,English,,
yt_html_1339,Full Stack Development,Full-Stack Deployment & Hosting,,Advanced,CI/CD Pipeline Explained | DevOps Basics,Tech with MrKay,https://www.youtube.com/watch?v=haP4iD8g4ss,0,,English,,
yt_html_1340,Full Stack Development,Full-Stack Deployment & Hosting,,Advanced,HOST a website for FREE using AWS? | Deploy a Website to AWS in Under 8 Minute | AWS + DevOps,Genie Ashwani,https://www.youtube.com/watch?v=_LIuNAu5Ktc,9,,English,,
yt_html_1341,Full Stack Development,Docker,,Beginner,DOCKER In ONE VIDEO For Beginners: Basic to Advance Tutorial 🔥 [HINDI] | MPrashant,M Prashant,https://www.youtube.com/watch?v=OhnTMWmfTBE,188,,English,,
yt_html_1342,Full Stack Development,Docker,,Beginner,"Part-1| SDET Essentials|Docker Introduction|What is Docker,Docker Container,Docker Image& Docker Hub",SDET- QA,https://www.youtube.com/watch?v=AQbSmki24Xw,43,,English,,
yt_html_1343,Full Stack Development,Docker,,Beginner,The intro to Docker I wish I had when I started,typecraft,https://www.youtube.com/watch?v=Ud7Npgi6x8E,18,,English,,
yt_html_1344,Full Stack Development,Docker,,Beginner,Docker In One Shot with 2 Live DevOps Projects (Hindi),TrainWithShubham,https://www.youtube.com/watch?v=9bSbNNH4Nqw,307,,English,,
yt_html_1345,Full Stack Development,Docker,,Beginner,Docker Full Course 2026 | Docker Tutorial For Beginners | Docker Basics To Advanced | Simplilearn,Simplilearn,https://www.youtube.com/watch?v=wGBugMjRfvg,76,,English,,
yt_html_1346,Full Stack Development,Docker,,Beginner,🔥Complete Docker Tutorial in one video for Beginners in Hindi,Learn Code With Durgesh,https://www.youtube.com/watch?v=X3Wtjwu0vBI,116,,English,,
yt_html_1347,Full Stack Development,Docker,,Beginner,What is Docker in 5 minutes,TechSquidTV,https://www.youtube.com/watch?v=_dfLOzuIg2o,5,,English,,
yt_html_1348,Full Stack Development,Docker,,Beginner,Docker tutorial for Beginners,Telusko,https://www.youtube.com/watch?v=GGaDSAMeopo,91,,English,,
yt_html_1349,Full Stack Development,Docker,,Beginner,Docker Tutorial for Beginners,mCoding,https://www.youtube.com/watch?v=b0HMimUb4f0,51,,English,,
yt_html_1350,Full Stack Development,Docker,,Beginner,The Only Docker Tutorial You Need To Get Started,The Coding Sloth,https://www.youtube.com/watch?v=DQdB7wFEygo,12,,English,,
yt_html_1351,Full Stack Development,Docker,,Beginner,Docker Beginner Tutorial 1 - What is DOCKER (step by step) | Docker Introduction | Docker basics,Automation Step by Step,https://www.youtube.com/watch?v=wi-MGFhrad0,6,,English,,
yt_html_1352,Full Stack Development,Docker,,Beginner,What is Docker?,Telusko,https://www.youtube.com/watch?v=u-YWtdbpEhQ,11,,English,,
yt_html_1353,Full Stack Development,Docker,,Beginner,The super basics of Docker in under a minute,Andrew Schmelyun,https://www.youtube.com/watch?v=6OA9AjzX4k4,1,,English,,
yt_html_1354,Full Stack Development,Docker,,Beginner,Docker Full Course - Learn Docker in 5 Hours | Docker Tutorial For Beginners | Edureka,edureka!,https://www.youtube.com/watch?v=RSIstPUiEjY,317,,English,,
yt_html_1355,Full Stack Development,Docker,,Beginner,Day-24 | Docker Zero to Hero Part-1 | Must Watch | Basics to Best Practices | #docker #devops,Abhishek.Veeramalla,https://www.youtube.com/watch?v=wodLpta-hoQ,50,,English,,
yt_html_1356,Full Stack Development,Docker,,Beginner,Docker Tutorial for beginners - Complete One Shot,Apna College,https://www.youtube.com/watch?v=exmSJpJvIPs,126,,English,,
yt_html_1357,Full Stack Development,Docker,,Beginner,Ultimate Docker Crash Course: Learn Docker within 30 Minutes!,CodeWithHarry,https://www.youtube.com/watch?v=WNUCAPKa44Y,33,,English,,
yt_html_1358,Full Stack Development,Docker,,Beginner,Learn Docker in 2026 - Complete Roadmap Beginner to Pro,TechWorld with Nana,https://www.youtube.com/watch?v=zFa9_K8BS8I,31,,English,,
yt_html_1359,Full Stack Development,Docker,,Beginner,you need to learn Docker RIGHT NOW!! // Docker Containers 101,NetworkChuck,https://www.youtube.com/watch?v=eGz9DS-aIeY,23,,English,,
yt_html_1360,Full Stack Development,Docker,,Beginner,Docker Full Course in One Shot (12+ Hours) | Zero to Pro DevOps | Real Project + Docker Compose,Shubham gour,https://www.youtube.com/watch?v=rhD12yd5VyI,751,,English,,
yt_html_1361,Full Stack Development,Docker,,Beginner,What is Docker? Simply Explained by Shradha Ma'am,Apna College,https://www.youtube.com/watch?v=H8Lyj2D_cWo,20,,English,,
yt_html_1362,Full Stack Development,Docker,,Beginner,Day-01 : Docker Tutorial For Beginners By Mr. Ashok,Ashok IT,https://www.youtube.com/watch?v=5wvcFI-pOAo,76,,English,,
yt_html_1363,Full Stack Development,Docker,,Beginner,Docker Tutorial For Beginners | What Is Docker and How It Works | Docker Introduction | Simplilearn,Simplilearn,https://www.youtube.com/watch?v=E1KpX-_l2mE,41,,English,,
yt_html_1364,Full Stack Development,Docker,,Beginner,Docker in Tamil  | Learn Docker in 10 Min | 100% Beginner Friendly,Brototype Tamil,https://www.youtube.com/watch?v=Lf4QHUK46fQ,9,,English,,
yt_html_1365,Full Stack Development,Docker,,Beginner,Docker Full Course in 5 Hours (in Telugu),NextOps Videos,https://www.youtube.com/watch?v=s5HBHuqeA4Y,302,,English,,
yt_html_1366,Full Stack Development,Docker,,Beginner,What is Docker in 4 Minutes (2026) | Docker Tutorial for Beginners | Introduction to Docker,Tech With Diego,https://www.youtube.com/watch?v=1fL54Q-wa54,4,,English,,
yt_html_1367,Full Stack Development,Docker,,Beginner,Learn Docker in 1 Hour | Full Docker Course for Beginners,JavaScript Mastery,https://www.youtube.com/watch?v=GFgJkfScVNU,88,,English,,
yt_html_1368,Full Stack Development,Docker,,Beginner,Docker vs. Kubernetes: The ONLY Video You Need to Finally Understand Containers!,The Coding Gopher,https://www.youtube.com/watch?v=oGPjzCBZGzg,6,,English,,
yt_html_1369,Full Stack Development,Docker,,Beginner,Docker Tutorial for Beginners [FULL COURSE in 45 Minutes],DevOps Genius Zone,https://www.youtube.com/watch?v=M43-6ZSYufg,48,,English,,
yt_html_1370,Full Stack Development,Docker,,Beginner,Docker Tutorial for Beginners [FULL COURSE in 3 Hours],TechWorld with Nana,https://www.youtube.com/watch?v=3c-iBn73dDE,166,,English,,
yt_html_1371,Full Stack Development,Docker,,Beginner,Docker Tutorial for Beginners | Full Course [2021],Amigoscode,https://www.youtube.com/watch?v=p28piYY_wv8,180,,English,,
yt_html_1372,Full Stack Development,Docker,,Beginner,Docker in half hour | Learn Docker Basics in Tamil,JVL code,https://www.youtube.com/watch?v=1U0gyq8qN7A,29,,English,,
yt_html_1373,Full Stack Development,Docker,,Beginner,Docker Crash Course for Absolute Beginners [NEW],TechWorld with Nana,https://www.youtube.com/watch?v=pg19Z8LL06w,68,,English,,
yt_html_1374,Full Stack Development,Docker,,Beginner,Docker Tutorial for Beginners,Programming with Mosh,https://www.youtube.com/watch?v=pTFZFxd4hOI,56,,English,,
yt_html_1375,Full Stack Development,Docker,,Beginner,Docker Course in Telugu | Docker in 25 Mins | Vamsi Bhavani,Vamsi Bhavani,https://www.youtube.com/watch?v=ITYYOTK0WE8,26,,English,,
yt_html_1376,Full Stack Development,Docker,,Beginner,Docker in 100 Seconds,Fireship,https://www.youtube.com/watch?v=Gjnup-PuquQ,2,,English,,
yt_html_1377,Full Stack Development,Docker,,Beginner,Docker Explained for Absolute Beginners [2026],KodeKloud,https://www.youtube.com/watch?v=ZZ10b63xnQc,47,,English,,
yt_html_1378,Full Stack Development,Docker,,Beginner,Learn Docker – Full DevOps Course for Deploying Containerized Apps,freeCodeCamp.org,https://www.youtube.com/watch?v=rjjES5IsPdg,450,,English,,
yt_html_1379,Full Stack Development,Docker,,Beginner,Docker Explained in 6 Minutes (for beginners),corbin,https://www.youtube.com/watch?v=S5vV6VMpiSU,7,,English,,
yt_html_1380,Full Stack Development,Docker,,Beginner,Docker tutorial for beginners in tamil | Beginner Friendly |Simply Byte #1 #dockertamil #devopstamil,Simply Byte - Tamil,https://www.youtube.com/watch?v=9_QAItNHRzU,5,,English,,
yt_html_1381,Full Stack Development,Docker,,Beginner,Docker Tutorial For Beginners in Hindi,Piyush Garg,https://www.youtube.com/watch?v=zCsbp_iBTq8,31,,English,,
yt_html_1382,Full Stack Development,Docker,,Beginner,Learn Docker in 7 Easy Steps - Full Beginner's Tutorial,Fireship,https://www.youtube.com/watch?v=gAkwW2tuIqE,11,,English,,
yt_html_1383,Full Stack Development,Docker,,Beginner,Complete Docker course in 30 mins | Docker Tutorial for Beginners 2025 [Updated],Cloud Champ,https://www.youtube.com/watch?v=q5S14cfOWfE,30,,English,,
yt_html_1384,Full Stack Development,Docker,,Beginner,Docker for Java Developers,Telusko,https://www.youtube.com/watch?v=lpKwgOpxpqg,132,,English,,
yt_html_1385,Full Stack Development,Docker,,Beginner,Docker Tutorial for Beginners - What is Docker? Introduction to Containers,Kunal Kushwaha,https://www.youtube.com/watch?v=17Bl31rlnRM,103,,English,,
yt_html_1386,Full Stack Development,Docker,,Beginner,Docker for Machine Learning | Docker Crash Course | CampusX,CampusX,https://www.youtube.com/watch?v=GToyQTGDOS4,87,,English,,
yt_html_1387,Full Stack Development,Docker,,Beginner,Docker Tutorial for Beginners - A Full DevOps Course on How to Run Applications in Containers,freeCodeCamp.org,https://www.youtube.com/watch?v=fqMOX6JJhGo,130,,English,,
yt_html_1388,Full Stack Development,Docker,,Beginner,Learn Docker Telugu | Docker tutorial for beginners | Vamsi Bhavani,Vamsi Bhavani,https://www.youtube.com/watch?v=ZFB83k6emeI,9,,English,,
yt_html_1389,Full Stack Development,Docker,,Beginner,Docker In One Shot - Part 1,Piyush Garg,https://www.youtube.com/watch?v=31k6AtW-b3Y,72,,English,,
yt_html_1390,Full Stack Development,Docker,,Beginner,Learn Docker in 2 Hours - A Full Tutorial (2025),KodeKloud,https://www.youtube.com/watch?v=zJ6WbK9zFpI,129,,English,,
yt_html_1391,Full Stack Development,Docker,,Intermediate,Docker Crash Course - For Absolute Beginners,NeuralNine,https://www.youtube.com/watch?v=XQNv0SRB0OM,50,,English,,
yt_html_1392,Full Stack Development,Docker,,Intermediate,Docker Guide,Chris Titus Tech,https://www.youtube.com/watch?v=94VQvRpjfO8,19,,English,,
yt_html_1393,Full Stack Development,Docker,,Intermediate,Everything about containers and docker |Begginers Guide | multi stage |volumes | networking #devops,Abhishek.Veeramalla,https://www.youtube.com/watch?v=3F1ZOkqK7Ww,204,,English,,
yt_html_1394,Full Stack Development,Docker,,Intermediate,Docker Tutorial for Beginners (DATA DOMAIN EDITION),Ansh Lamba,https://www.youtube.com/watch?v=nAHx_uSBfTg,262,,English,,
yt_html_1395,Full Stack Development,Docker,,Intermediate,A practical guide on Docker with projects | Docker Course,Hitesh Choudhary,https://www.youtube.com/watch?v=rr9cI4u1_88,163,,English,,
yt_html_1396,Full Stack Development,Docker,,Intermediate,Docker Full Course For .NET Developers,Julio Casal,https://www.youtube.com/watch?v=cWMztQwIQNs,142,,English,,
yt_html_1397,Full Stack Development,Docker,,Intermediate,Complete Docker Course - From BEGINNER to PRO! (Learn Containers),DevOps Directive,https://www.youtube.com/watch?v=RqTEHSBrYFw,284,,English,,
yt_html_1398,Full Stack Development,Docker,,Intermediate,Learn Docker NOW!  From Hello World to Doom in 15 Minutes!,Dave's Garage,https://www.youtube.com/watch?v=0gCRw13C2Xw,17,,English,,
yt_html_1399,Full Stack Development,Docker,,Intermediate,Learn About Docker Architecture !! #docker,Shweta,https://www.youtube.com/watch?v=AZ-DZkagKUg,0,,English,,
yt_html_1400,Full Stack Development,Docker,,Intermediate,Top 8 Docker Best Practices for using Docker in Production,TechWorld with Nana,https://www.youtube.com/watch?v=8vXoMqWgbQQ,18,,English,,
yt_html_1401,Full Stack Development,Docker,,Intermediate,Day 1/40 - Docker Tutorial For Beginners - Docker Fundamentals - CKA Full Course 2025,Tech Tutorials with Piyush,https://www.youtube.com/watch?v=ul96dslvVwY,25,,English,,
yt_html_1402,Full Stack Development,Docker,,Intermediate,Docker Image BEST Practices - From 1.2GB to 10MB,Better Stack,https://www.youtube.com/watch?v=t779DVjCKCs,7,,English,,
yt_html_1403,Full Stack Development,Docker,,Intermediate,Docker Compose will BLOW your MIND!! (a tutorial),NetworkChuck,https://www.youtube.com/watch?v=DM65_JyGxCo,16,,English,,
yt_html_1404,Full Stack Development,Docker,,Intermediate,100+ Docker Concepts you Need to Know,Fireship,https://www.youtube.com/watch?v=rIrNIzy6U_g,8,,English,,
yt_html_1405,Full Stack Development,Docker,,Intermediate,Docker Explained with Cup Noodles | Stop Debugging & Start Understanding,Error Makes Clever,https://www.youtube.com/watch?v=T6xOokSR8Vc,1,,English,,
yt_html_1406,Full Stack Development,Docker,,Intermediate,What is DOCKER? (Explained in 1 Minute) #shorts #docker,TutorialsPoint,https://www.youtube.com/watch?v=CIR6mZENrvE,1,,English,,
yt_html_1407,Full Stack Development,Docker,,Intermediate,Docker Full Course with Gitlab CI CD | Learn Docker in 2 hrs,Sangam Mukherjee,https://www.youtube.com/watch?v=-FHyCgiaxkc,130,,English,,
yt_html_1408,Full Stack Development,Docker,,Intermediate,Docker Tutorial 2026: The Complete Guide from Containers to Running AI Locally,ByteMonk,https://www.youtube.com/watch?v=aaIw2cXRjEc,33,,English,,
yt_html_1409,Full Stack Development,Docker,,Intermediate,Docker Containers and Kubernetes Fundamentals – Full Hands-On Course,freeCodeCamp.org,https://www.youtube.com/watch?v=kTp5xUtcalw,357,,English,,
yt_html_1410,Full Stack Development,Docker,,Advanced,Docker Full Course in Tamil | Learn Docker in 4 Hours | Docker Full Tutorial for Beginners,SELVA Tech & ITOps,https://www.youtube.com/watch?v=99wj94_uyG4,259,,English,,
yt_html_1411,Full Stack Development,Docker,,Advanced,Docker In One Shot 2026 🔥 From Zero To Hero (Spring Boot + MySQL) ✅,CodeSnippet,https://www.youtube.com/watch?v=kOryO5I_w14,81,,English,,
yt_html_1412,Full Stack Development,Docker,,Advanced,Docker Tutorial for Beginners to Advanced | Full Course 2026,Step by Step,https://www.youtube.com/watch?v=Tw8i9p_GSpw,246,,English,,
yt_html_1413,Full Stack Development,Docker,,Advanced,Docker Advanced Networking - The Secret to Optimizing Your Container Logging,KodeKloud,https://www.youtube.com/watch?v=Xxhhdo2e-DA,9,,English,,
yt_html_1414,Full Stack Development,Docker,,Advanced,Docker FULL Course 2026 🐳 (100 Concepts from Zero to Pro),SoftsWeb,https://www.youtube.com/watch?v=EzUDAQGNUk8,71,,English,,
yt_html_1415,Full Stack Development,Docker,,Advanced,Docker for Beginners in Tamil |  Docker Hub | 1 Hour Full Tutorial,JVL code,https://www.youtube.com/watch?v=MTvsspoOlhI,67,,English,,
yt_html_1416,Full Stack Development,Docker,,Advanced,Docker Core Concepts Every Developer Should Know,LearnThatStack,https://www.youtube.com/watch?v=ObhdD49AEYw,20,,English,,
yt_html_1417,Full Stack Development,Docker,,Advanced,Docker & Kubernetes Full Course in 5 Hours | Complete Beginner to Advanced Tutorial | Ashok IT,Ashok IT,https://www.youtube.com/watch?v=2bg9MAtiHwo,263,,English,,
yt_html_1418,Full Stack Development,Docker,,Advanced,Docker networking is CRAZY!! (you NEED to learn it),NetworkChuck,https://www.youtube.com/watch?v=bKFMS5C4CG0,39,,English,,
yt_html_1419,Full Stack Development,Docker,,Advanced,Docker Image Optimisation - Production-Ready Docker Guide,Piyush Garg,https://www.youtube.com/watch?v=hX2UAHhX8E8,30,,English,,
yt_html_1420,Full Stack Development,Docker,,Advanced,Docker explained for dummies 🤪,Sajjaad Khader,https://www.youtube.com/watch?v=NRVFXiVIBHE,1,,English,,
yt_html_1421,Full Stack Development,Docker,,Advanced,Docker Full Course for Beginners (2026) | Build & Deploy Real-World Projects,Sarvin Style Coding,https://www.youtube.com/watch?v=ekiGWd-Wark,164,,English,,
yt_html_1422,Full Stack Development,Docker,,Advanced,What is Docker? #container #java #python #javascript,Telusko,https://www.youtube.com/watch?v=QjgLo7K2eMI,1,,English,,
yt_html_1423,Full Stack Development,Docker,,Advanced,Dockerfile creation Tutorial - Dockerfile Instructions Explained with example!,Cloud Champ,https://www.youtube.com/watch?v=1ymi24PeF3M,26,,English,,
yt_html_1424,Full Stack Development,Full Stack Projects,,Beginner,"MERN Stack Project: Build a Full Stack Restaurant Application with React, Node, MongoDB, Express",CodeWithZeeshu,https://www.youtube.com/watch?v=MnUCy31BVYA,116,,English,,
yt_html_1425,Full Stack Development,Full Stack Projects,,Beginner,Full Stack Development Project Ideas for Beginners | NxtWave | CCBP,NxtWave,https://www.youtube.com/watch?v=CORiIuVn_M0,6,,English,,
yt_html_1426,Full Stack Development,Full Stack Projects,,Beginner,FULL STACK DEVELOPER Evlo easy ah😳Only resources u need❤️🔥,Curious Freaks,https://www.youtube.com/watch?v=DIgKkGaokCg,1,,English,,
yt_html_1427,Full Stack Development,Full Stack Projects,,Beginner,Fastest Way to Become a Full Stack Web Developer! 🚀 Roadmap 2025 – Must Watch! 🔥 #shorts,Technical Suneja,https://www.youtube.com/watch?v=5Z4b0WX3Y2w,1,,English,,
yt_html_1428,Full Stack Development,Full Stack Projects,,Beginner,"Gen AI + Full Stack Web Development Project | React, Node, JWT, Gemini",Sheryians Coding School,https://www.youtube.com/watch?v=zG3hNL08Dro,356,,English,,
yt_html_1429,Full Stack Development,Full Stack Projects,,Beginner,Full-Stack Journal App in Telugu  From SCRATCH🔥 | Node.js + Express + MySQL Tutorial (Login + Feed),Tech Jashwanth,https://www.youtube.com/watch?v=AtmJjArlXAA,109,,English,,
yt_html_1430,Full Stack Development,Full Stack Projects,,Beginner,5 projects to become full stack developer. #developer,Dented Code,https://www.youtube.com/watch?v=uRw6VnmjjGU,0,,English,,
yt_html_1431,Full Stack Development,Full Stack Projects,,Beginner,"Build a Full-Stack GenAI Project in 4 Hours (FastAPI, React, Supabase)",Dave Ebbelaar,https://www.youtube.com/watch?v=qF5il_9IwME,232,,English,,
yt_html_1432,Full Stack Development,Full Stack Projects,,Beginner,15 Fullstack Project Ideas with Suggested Tech Stacks,Tech with Ali Naqi ,https://www.youtube.com/watch?v=D8zMq4RInDw,0,,English,,
yt_html_1433,Full Stack Development,Full Stack Projects,,Beginner,20 Programming Projects That Will Make You A God At Coding,The Coding Sloth,https://www.youtube.com/watch?v=jTJvyKZDFsY,14,,English,,
yt_html_1434,Full Stack Development,Full Stack Projects,,Beginner,Java Full Stack Developer Roadmap #codeio,code io - Tamil,https://www.youtube.com/watch?v=Dln26wgbQj0,2,,English,,
yt_html_1435,Full Stack Development,Full Stack Projects,,Beginner,Get HIRED with These 5 Full Stack Projects!,Kushal Vijay,https://www.youtube.com/watch?v=TFXafHagT74,0,,English,,
yt_html_1436,Full Stack Development,Full Stack Projects,,Beginner,The Only Full Stack Roadmap You Need in 2026 (MERN + AI) | | Sagar Chouksey,Coding With Sagar,https://www.youtube.com/watch?v=UmGnJ475EcU,23,,English,,
yt_html_1437,Full Stack Development,Full Stack Projects,,Beginner,Top 5 projects idea for full stack developer 🔥🔥 #shorts #projects #coding,Traidev Official ,https://www.youtube.com/watch?v=ce7vEr6bTKc,0,,English,,
yt_html_1438,Full Stack Development,Full Stack Projects,,Beginner,6 RESUME PROJECTS That Will Actually Get You HIRED In 2026.,Vivek Gupta,https://www.youtube.com/watch?v=f7ndZ-t9NPg,11,,English,,
yt_html_1439,Full Stack Development,Full Stack Projects,,Beginner,These coding projects will get you hired in 2025 #codewithme #softwareengineer #computersciencemajor,Jameel | Full Stack Developer,https://www.youtube.com/watch?v=uCpZLgX4GHE,0,,English,,
yt_html_1440,Full Stack Development,Full Stack Projects,,Beginner,How I'd Learn Full-Stack Web Development (If I Could Start Over),Conner Ardman,https://www.youtube.com/watch?v=dPMk6_HTBq8,10,,English,,
yt_html_1441,Full Stack Development,Full Stack Projects,,Beginner,"Build a full stack project with NextJS, NextAuth, Imagekit and Mongodb",Chai aur Code,https://www.youtube.com/watch?v=c8Z73cVl6x4,217,,English,,
yt_html_1442,Full Stack Development,Full Stack Projects,,Beginner,How to become a Fullstack Developer in 2026 (No Degree & No Bootcamp),Miraya,https://www.youtube.com/watch?v=p4CtkBFrPrs,17,,English,,
yt_html_1443,Full Stack Development,Full Stack Projects,,Beginner,Full Stack Development Explained,Andy Sterkowitz,https://www.youtube.com/watch?v=7NaeDBTRY1k,5,,English,,
yt_html_1444,Full Stack Development,Full Stack Projects,,Beginner,what is Fullstack development in tamil #coding #movie #techtech #fullstack #developer #javascript,Zhahi,https://www.youtube.com/watch?v=76htfsrxAw4,1,,English,,
yt_html_1445,Full Stack Development,Full Stack Projects,,Beginner,"MERN Stack Event Booking Web App (OTP + Admin Panel + JWT Auth) with Code | React, MongoDB, Node JS",Dev. Shivansh Vasu,https://www.youtube.com/watch?v=n7ii3Zcs6k0,201,,English,,
yt_html_1446,Full Stack Development,Full Stack Projects,,Beginner,Python + JavaScript - Full Stack App Tutorial,Tech With Tim,https://www.youtube.com/watch?v=PppslXOR7TA,89,,English,,
yt_html_1447,Full Stack Development,Full Stack Projects,,Beginner,MERN Stack Roadmap 2024 | Become a Full Stack Developer Fast!,TeluNext,https://www.youtube.com/watch?v=KUYP-VWJRN4,0,,English,,
yt_html_1448,Full Stack Development,Full Stack Projects,,Beginner,🔥Salary of Java Full Stack Developer #shorts  #simplilearn,Simplilearn,https://www.youtube.com/watch?v=J6LgnkeqnEA,1,,English,,
yt_html_1449,Full Stack Development,Full Stack Projects,,Beginner,E-Commerce Project for Resume | Live Project Building 2,Swaroop Talks,https://www.youtube.com/watch?v=nXf_JS5N1NE,75,,English,,
yt_html_1450,Full Stack Development,Full Stack Projects,,Beginner,"Java Full-Stack Tutorial : Build a Complete App with React, Spring Boot & MySQL | code logic - Tamil",code logic - Tamil,https://www.youtube.com/watch?v=AXywe3nDOec,203,,English,,
yt_html_1451,Full Stack Development,Full Stack Projects,,Beginner,One FULL STACK Project In 30 Min And Get JOB Done | Genie Ashwani,Genie Ashwani,https://www.youtube.com/watch?v=zt1j51V06IE,29,,English,,
yt_html_1452,Full Stack Development,Full Stack Projects,,Beginner,Three Fullstack Coding Projects You Can Finish in Under a Week,Uma Abu,https://www.youtube.com/watch?v=7cR8U_RKLaA,1,,English,,
yt_html_1453,Full Stack Development,Full Stack Projects,,Beginner,How to become Full Stack Web Developer in 2024! 💻 #coding #programming,Tom Shaw,https://www.youtube.com/watch?v=OSKHF0fep98,0,,English,,
yt_html_1454,Full Stack Development,Full Stack Projects,,Beginner,Build & Deploy Full Stack E-commerce Website | Redux | MERN Stack Project,compiletab,https://www.youtube.com/watch?v=hpgh2BTtac8,933,,English,,
yt_html_1455,Full Stack Development,Full Stack Projects,,Beginner,Full Stack + AI Projects That Will Get You Hired #projects #collegestudents,Kushal Vijay,https://www.youtube.com/watch?v=np2ZrQbnTk0,0,,English,,
yt_html_1456,Full Stack Development,Full Stack Projects,,Intermediate,40 Projects Ideas for Web Developer 👨‍💻.                     #webdeveloper #projects #projectideas,CydexCode,https://www.youtube.com/watch?v=queEMVqySJ8,0,,English,,
yt_html_1457,Full Stack Development,Full Stack Projects,,Intermediate,🔥Top 5 Software Engineering Project Ideas For College Students | Intellipaat #Shorts #Projects,Intellipaat,https://www.youtube.com/watch?v=pDtYMfpfir0,0,,English,,
yt_html_1458,Full Stack Development,Full Stack Projects,,Intermediate,-Beginner’s Roadmap to Learn Python | 2025 Starter Guide #shorts #python #pythonprogramming,Error Makes Clever,https://www.youtube.com/watch?v=J9kP7bjwERk,1,,English,,
yt_html_1459,Full Stack Development,Full Stack Projects,,Intermediate,Folder structure for a fullstack project #softwaredeveloper #computerscience,🇧🇩Duo Dev Logs,https://www.youtube.com/watch?v=zAgsaIgMpCQ,0,,English,,
yt_html_1460,Full Stack Development,Full Stack Projects,,Intermediate,Full Stack Web Development Full Course (2025) | Web Development Full Course FREE | Intellipaat,Intellipaat,https://www.youtube.com/watch?v=F4zr1aMevB4,710,,English,,
yt_html_1461,Full Stack Development,Full Stack Projects,,Intermediate,60 Unique AI Agent Project Ideas📍 Beginner📍 Intermediate📍 Advanced🚀 Learn • Build • Innovate,Indian Coders,https://www.youtube.com/watch?v=hYHYJ4-i0TE,0,,English,,
yt_html_1462,Full Stack Development,Full Stack Projects,,Intermediate,"🗣️  5 Amazing 🔥 Backend projects for resume | for Beginner , intermediate, Advanced #backend #coding",Developersdiaries,https://www.youtube.com/watch?v=INcZLjnNPFw,0,,English,,
yt_html_1463,Full Stack Development,Full Stack Projects,,Intermediate,How Senior Engineers Actually Build With AI in 2026 | Build a Full Stack Systems Architecture App,JavaScript Mastery,https://www.youtube.com/watch?v=14RP8liACqo,238,,English,,
yt_html_1464,Full Stack Development,Full Stack Projects,,Intermediate,MERN Finance Tracker App with User Management - Build A Fullstack React Intermediate Project,PedroTech,https://www.youtube.com/watch?v=4NZx9OF07qY,138,,English,,
yt_html_1465,Full Stack Development,Full Stack Projects,,Intermediate,How much does a FULL STACK ENGINEER make?,Broke Brothers,https://www.youtube.com/watch?v=cOT6VOv5KFQ,1,,English,,
yt_html_1466,Full Stack Development,Full Stack Projects,,Intermediate,Beginner Programming Project Tier List 👩‍💻 #software #programming #technology #code,Coding with Lewis,https://www.youtube.com/watch?v=h2KD4kiCRAc,1,,English,,
yt_html_1467,Full Stack Development,Full Stack Projects,,Intermediate,FREE Coding Bootcamp - Build 4 Full Stack Projects in 23 Hours,Codesistency,https://www.youtube.com/watch?v=MDZC8VDZnV8,1372,,English,,
yt_html_1468,Full Stack Development,Full Stack Projects,,Intermediate,"Build Your First Fullstack App in Under 2 Hours withm NodeJS, MongoDB, HTML, CSS & JavaScript",ATO Tech,https://www.youtube.com/watch?v=-cvpNPRje-U,107,,English,,
yt_html_1469,Full Stack Development,Full Stack Projects,,Intermediate,4 RESUME PROJECTS That Will Actually Get You HIRED In 2026,Maddy Zhang,https://www.youtube.com/watch?v=8gAs3mN_11U,7,,English,,
yt_html_1470,Full Stack Development,Full Stack Projects,,Intermediate,20+ Web Development Projects With Source Code,One Roadmap,https://www.youtube.com/watch?v=WEyE2AAtsSk,0,,English,,
yt_html_1471,Full Stack Development,Full Stack Projects,,Intermediate,Become a Fullstack Developer in 2024 with these tips |,GeeksforGeeks,https://www.youtube.com/watch?v=WmAkKza3nck,1,,English,,
yt_html_1472,Full Stack Development,Full Stack Projects,,Intermediate,Full Stack Developer Roadmap for Beginners in AI Era (2026 Guide),Nishant Chahar,https://www.youtube.com/watch?v=sccnYlJTfyg,22,,English,,
yt_html_1473,Full Stack Development,Full Stack Projects,,Intermediate,Build and Deploy a Full Stack Movie Ticket Booking App using React js | MERN Stack Project,GreatStack,https://www.youtube.com/watch?v=Pez37wmUaQM,625,,English,,
yt_html_1474,Full Stack Development,Full Stack Projects,,Intermediate,11 CRAZY Backend Project Ideas That Pushes Your Limits,Manware,https://www.youtube.com/watch?v=NULWyn8Hqs8,12,,English,,
yt_html_1475,Full Stack Development,Full Stack Projects,,Intermediate,"Full Stack Web Development Roadmap for Beginners | Skills, Projects and AI Tools You Need",College Wallah,https://www.youtube.com/watch?v=3f8cnztbt3s,16,,English,,
yt_html_1476,Full Stack Development,Full Stack Projects,,Intermediate,3 Industry Level Projects For Software Development Resume,Sukhad Anand,https://www.youtube.com/watch?v=JD5tgVhuFRE,1,,English,,
yt_html_1477,Full Stack Development,Full Stack Projects,,Intermediate,How to Get Hired as a Software Engineer in 2026 (The ONE project rule),Phillip Choi,https://www.youtube.com/watch?v=tr4saJGic4o,7,,English,,
yt_html_1478,Full Stack Development,Full Stack Projects,,Intermediate,7 RESUME PROJECTS That Will Actually Get You HIRED In 2026,Harshit Trehan,https://www.youtube.com/watch?v=IzZYgMawnpk,12,,English,,
yt_html_1479,Full Stack Development,Full Stack Projects,,Intermediate,Complete Full Stack Web Development Preparation : MERN Stack +  6 Major Projects | New Delta 9.0,Apna College,https://www.youtube.com/watch?v=BvKxCCVNXrY,16,,English,,
yt_html_1480,Full Stack Development,Full Stack Projects,,Intermediate,BEST Full Stack Coding Project 🧑‍💻 #shorts #shortsfeed,Erik Cupsa,https://www.youtube.com/watch?v=hvSxYD2E8j8,1,,English,,
yt_html_1481,Full Stack Development,Full Stack Projects,,Intermediate,5 MERN Stack Projects ideas #shorts #projects @ApnaCollegeOfficial,HTML WORLD,https://www.youtube.com/watch?v=ygPgztCFDjw,0,,English,,
yt_html_1482,Full Stack Development,Full Stack Projects,,Intermediate,40 project ideas for web developers #web #development #develop #project #ideas #learn #howto #shorts,Developing by Hamza,https://www.youtube.com/watch?v=3tMWOD08Y-Y,0,,English,,
yt_html_1483,Full Stack Development,Full Stack Projects,,Intermediate,Full Stack Developer Roadmap 2026: Become the top 1%,Akber Shaikh,https://www.youtube.com/watch?v=4ZeaME2NEQI,12,,English,,
yt_html_1484,Full Stack Development,Full Stack Projects,,Intermediate,Build a full stack project with NextJS and AI integration,Chai aur Code,https://www.youtube.com/watch?v=zLJoVRleOuc,509,,English,,
yt_html_1485,Full Stack Development,Full Stack Projects,,Advanced,"Clone Projects won't get you Hired in 2025! | AI, DeFi, Web 3 and Full stack Project Ideas",Harkirat Singh,https://www.youtube.com/watch?v=pXJ2qoGU88g,29,,English,,
yt_html_1486,Full Stack Development,Full Stack Projects,,Advanced,How Senior Engineers Actually Build with AI in 2026 | Build a Full Stack Job Applications Platform,JavaScript Mastery,https://www.youtube.com/watch?v=9dKA2hq4vf0,176,,English,,
yt_html_1487,Full Stack Development,Full Stack Projects,,Advanced,5 Full Stack Projects for Placements ( With Tutorials) #collegestudents #projects #kushalvijay,Kushal Vijay,https://www.youtube.com/watch?v=K9iCRkDOi2s,0,,English,,
yt_html_1488,Full Stack Development,Full Stack Projects,,Advanced,Roadmap for Java Developers.,julián Vélez,https://www.youtube.com/watch?v=iMBgo7v9LpI,0,,English,,
yt_html_1489,Full Stack Development,Full Stack Projects,,Advanced,Full Stack Developer Roadmap | 2025 Edition,GeeksforGeeks,https://www.youtube.com/watch?v=WerVoj_TA8Y,1,,English,,
yt_html_1490,Full Stack Development,Full Stack Projects,,Advanced,"React Native Full Course 2026 | Build, Publish and Monetize a Full Stack Mobile App to App Store",JavaScript Mastery,https://www.youtube.com/watch?v=4nVoLX2taFg,223,,English,,
yt_html_1491,Full Stack Development,Full Stack Projects,,Advanced,Backend Coding Project For Big Tech 🧑‍💻,Erik Cupsa,https://www.youtube.com/watch?v=RlC5Fx_09hM,1,,English,,
yt_html_1492,Full Stack Development,Full Stack Projects,,Advanced,💰Salary of a Full Stack Developer #Shorts #Simplilearn,Simplilearn,https://www.youtube.com/watch?v=KaszCzxlgnE,1,,English,,
yt_html_1493,Full Stack Development,Full Stack Projects,,Advanced,300+ Projects with source code | Project Ideas | Charan_techstudio,Charan_techstudio,https://www.youtube.com/watch?v=DR18ynVjVZA,0,,English,,
yt_html_1494,Full Stack Development,Full Stack Projects,,Advanced,Full Stack Python Complete Roadmap,CodingDelhi,https://www.youtube.com/watch?v=tEGdKZdrx1E,0,,English,,
