resource_id,domain,topic,subtopic,level,title,channel,url,duration_minutes,language,quality_score,status
yt_fullstack_001,Full Stack Development,HTML,Basics,Beginner,Placeholder: HTML - Basics (Beginner),Placify Curated Track,https://www.youtube.com/results?search_query=HTML+Basics+tutorial+beginner,30,English,75.0,pending_collection
yt_fullstack_002,Full Stack Development,HTML,Basics,Intermediate,Placeholder: HTML - Basics (Intermediate),Placify Curated Track,https://www.youtube.com/results?search_query=HTML+Basics+tutorial+intermediate,30,English,75.0,pending_collection
yt_fullstack_003,Full Stack Development,HTML,Basics,Advanced,Placeholder: HTML - Basics (Advanced),Placify Curated Track,https://www.youtube.com/results?search_query=HTML+Basics+tutorial+advanced,30,English,75.0,pending_collection
yt_fullstack_004,Full Stack Development,HTML,Elements & Attributes,Beginner,Placeholder: HTML - Elements & Attributes (Beginner),Placify Curated Track,https://www.youtube.com/results?search_query=HTML+Elements+&+Attributes+tutorial+beginner,30,English,75.0,pending_collection
yt_fullstack_005,Full Stack Development,HTML,Elements & Attributes,Intermediate,Placeholder: HTML - Elements & Attributes (Intermediate),Placify Curated Track,https://www.youtube.com/results?search_query=HTML+Elements+&+Attributes+tutorial+intermediate,30,English,75.0,pending_collection
yt_fullstack_006,Full Stack Development,HTML,Elements & Attributes,Advanced,Placeholder: HTML - Elements & Attributes (Advanced),Placify Curated Track,https://www.youtube.com/results?search_query=HTML+Elements+&+Attributes+tutorial+advanced,30,English,75.0,pending_collection
yt_fullstack_007,Full Stack Development,HTML,Text & Formatting,Beginner,Placeholder: HTML - Text & Formatting (Beginner),Placify Curated Track,https://www.youtube.com/results?search_query=HTML+Text+&+Formatting+tutorial+beginner,30,English,75.0,pending_collection
yt_fullstack_008,Full Stack Development,HTML,Text & Formatting,Intermediate,Placeholder: HTML - Text & Formatting (Intermediate),Placify Curated Track,https://www.youtube.com/results?search_query=HTML+Text+&+Formatting+tutorial+intermediate,30,English,75.0,pending_collection
yt_fullstack_009,Full Stack Development,HTML,Text & Formatting,Advanced,Placeholder: HTML - Text & Formatting (Advanced),Placify Curated Track,https://www.youtube.com/results?search_query=HTML+Text+&+Formatting+tutorial+advanced,30,English,75.0,pending_collection
yt_fullstack_010,Full Stack Development,HTML,Links & Navigation,Beginner,Placeholder: HTML - Links & Navigation (Beginner),Placify Curated Track,https://www.youtube.com/results?search_query=HTML+Links+&+Navigation+tutorial+beginner,30,English,75.0,pending_collection
yt_fullstack_011,Full Stack Development,HTML,Links & Navigation,Intermediate,Placeholder: HTML - Links & Navigation (Intermediate),Placify Curated Track,https://www.youtube.com/results?search_query=HTML+Links+&+Navigation+tutorial+intermediate,30,English,75.0,pending_collection
yt_fullstack_012,Full Stack Development,HTML,Links & Navigation,Advanced,Placeholder: HTML - Links & Navigation (Advanced),Placify Curated Track,https://www.youtube.com/results?search_query=HTML+Links+&+Navigation+tutorial+advanced,30,English,75.0,pending_collection
yt_fullstack_013,Full Stack Development,HTML,Images,Beginner,Placeholder: HTML - Images (Beginner),Placify Curated Track,https://www.youtube.com/results?search_query=HTML+Images+tutorial+beginner,30,English,75.0,pending_collection
yt_fullstack_014,Full Stack Development,HTML,Images,Intermediate,Placeholder: HTML - Images (Intermediate),Placify Curated Track,https://www.youtube.com/results?search_query=HTML+Images+tutorial+intermediate,30,English,75.0,pending_collection
yt_fullstack_015,Full Stack Development,HTML,Images,Advanced,Placeholder: HTML - Images (Advanced),Placify Curated Track,https://www.youtube.com/results?search_query=HTML+Images+tutorial+advanced,30,English,75.0,pending_collection
yt_fullstack_016,Full Stack Development,HTML,Lists,Beginner,Placeholder: HTML - Lists (Beginner),Placify Curated Track,https://www.youtube.com/results?search_query=HTML+Lists+tutorial+beginner,30,English,75.0,pending_collection
yt_fullstack_017,Full Stack Development,HTML,Lists,Intermediate,Placeholder: HTML - Lists (Intermediate),Placify Curated Track,https://www.youtube.com/results?search_query=HTML+Lists+tutorial+intermediate,30,English,75.0,pending_collection
yt_fullstack_018,Full Stack Development,HTML,Lists,Advanced,Placeholder: HTML - Lists (Advanced),Placify Curated Track,https://www.youtube.com/results?search_query=HTML+Lists+tutorial+advanced,30,English,75.0,pending_collection
yt_fullstack_019,Full Stack Development,HTML,Tables,Beginner,Placeholder: HTML - Tables (Beginner),Placify Curated Track,https://www.youtube.com/results?search_query=HTML+Tables+tutorial+beginner,30,English,75.0,pending_collection
yt_fullstack_020,Full Stack Development,HTML,Tables,Intermediate,Placeholder: HTML - Tables (Intermediate),Placify Curated Track,https://www.youtube.com/results?search_query=HTML+Tables+tutorial+intermediate,30,English,75.0,pending_collection
yt_fullstack_021,Full Stack Development,HTML,Tables,Advanced,Placeholder: HTML - Tables (Advanced),Placify Curated Track,https://www.youtube.com/results?search_query=HTML+Tables+tutorial+advanced,30,English,75.0,pending_collection
yt_fullstack_022,Full Stack Development,HTML,Forms,Beginner,Placeholder: HTML - Forms (Beginner),Placify Curated Track,https://www.youtube.com/results?search_query=HTML+Forms+tutorial+beginner,30,English,75.0,pending_collection
yt_fullstack_023,Full Stack Development,HTML,Forms,Intermediate,Placeholder: HTML - Forms (Intermediate),Placify Curated Track,https://www.youtube.com/results?search_query=HTML+Forms+tutorial+intermediate,30,English,75.0,pending_collection
yt_fullstack_024,Full Stack Development,HTML,Forms,Advanced,Placeholder: HTML - Forms (Advanced),Placify Curated Track,https://www.youtube.com/results?search_query=HTML+Forms+tutorial+advanced,30,English,75.0,pending_collection
yt_fullstack_025,Full Stack Development,HTML,Semantic HTML,Beginner,Placeholder: HTML - Semantic HTML (Beginner),Placify Curated Track,https://www.youtube.com/results?search_query=HTML+Semantic+HTML+tutorial+beginner,30,English,75.0,pending_collection
yt_fullstack_026,Full Stack Development,HTML,Semantic HTML,Intermediate,Placeholder: HTML - Semantic HTML (Intermediate),Placify Curated Track,https://www.youtube.com/results?search_query=HTML+Semantic+HTML+tutorial+intermediate,30,English,75.0,pending_collection
yt_fullstack_027,Full Stack Development,HTML,Semantic HTML,Advanced,Placeholder: HTML - Semantic HTML (Advanced),Placify Curated Track,https://www.youtube.com/results?search_query=HTML+Semantic+HTML+tutorial+advanced,30,English,75.0,pending_collection
yt_fullstack_028,Full Stack Development,HTML,Multimedia,Beginner,Placeholder: HTML - Multimedia (Beginner),Placify Curated Track,https://www.youtube.com/results?search_query=HTML+Multimedia+tutorial+beginner,30,English,75.0,pending_collection
yt_fullstack_029,Full Stack Development,HTML,Multimedia,Intermediate,Placeholder: HTML - Multimedia (Intermediate),Placify Curated Track,https://www.youtube.com/results?search_query=HTML+Multimedia+tutorial+intermediate,30,English,75.0,pending_collection
yt_fullstack_030,Full Stack Development,HTML,Multimedia,Advanced,Placeholder: HTML - Multimedia (Advanced),Placify Curated Track,https://www.youtube.com/results?search_query=HTML+Multimedia+tutorial+advanced,30,English,75.0,pending_collection
yt_fullstack_031,Full Stack Development,HTML,HTML5,Beginner,Placeholder: HTML - HTML5 (Beginner),Placify Curated Track,https://www.youtube.com/results?search_query=HTML+HTML5+tutorial+beginner,30,English,75.0,pending_collection
yt_fullstack_032,Full Stack Development,HTML,HTML5,Intermediate,Placeholder: HTML - HTML5 (Intermediate),Placify Curated Track,https://www.youtube.com/results?search_query=HTML+HTML5+tutorial+intermediate,30,English,75.0,pending_collection
yt_fullstack_033,Full Stack Development,HTML,HTML5,Advanced,Placeholder: HTML - HTML5 (Advanced),Placify Curated Track,https://www.youtube.com/results?search_query=HTML+HTML5+tutorial+advanced,30,English,75.0,pending_collection
yt_fullstack_034,Full Stack Development,HTML,Accessibility,Beginner,Placeholder: HTML - Accessibility (Beginner),Placify Curated Track,https://www.youtube.com/results?search_query=HTML+Accessibility+tutorial+beginner,30,English,75.0,pending_collection
yt_fullstack_035,Full Stack Development,HTML,Accessibility,Intermediate,Placeholder: HTML - Accessibility (Intermediate),Placify Curated Track,https://www.youtube.com/results?search_query=HTML+Accessibility+tutorial+intermediate,30,English,75.0,pending_collection
yt_fullstack_036,Full Stack Development,HTML,Accessibility,Advanced,Placeholder: HTML - Accessibility (Advanced),Placify Curated Track,https://www.youtube.com/results?search_query=HTML+Accessibility+tutorial+advanced,30,English,75.0,pending_collection
yt_fullstack_037,Full Stack Development,CSS,Basics,Beginner,Placeholder: CSS - Basics (Beginner),Placify Curated Track,https://www.youtube.com/results?search_query=CSS+Basics+tutorial+beginner,30,English,75.0,pending_collection
yt_fullstack_038,Full Stack Development,CSS,Basics,Intermediate,Placeholder: CSS - Basics (Intermediate),Placify Curated Track,https://www.youtube.com/results?search_query=CSS+Basics+tutorial+intermediate,30,English,75.0,pending_collection
yt_fullstack_039,Full Stack Development,CSS,Basics,Advanced,Placeholder: CSS - Basics (Advanced),Placify Curated Track,https://www.youtube.com/results?search_query=CSS+Basics+tutorial+advanced,30,English,75.0,pending_collection
yt_fullstack_040,Full Stack Development,CSS,Selectors,Beginner,Placeholder: CSS - Selectors (Beginner),Placify Curated Track,https://www.youtube.com/results?search_query=CSS+Selectors+tutorial+beginner,30,English,75.0,pending_collection
yt_fullstack_041,Full Stack Development,CSS,Selectors,Intermediate,Placeholder: CSS - Selectors (Intermediate),Placify Curated Track,https://www.youtube.com/results?search_query=CSS+Selectors+tutorial+intermediate,30,English,75.0,pending_collection
yt_fullstack_042,Full Stack Development,CSS,Selectors,Advanced,Placeholder: CSS - Selectors (Advanced),Placify Curated Track,https://www.youtube.com/results?search_query=CSS+Selectors+tutorial+advanced,30,English,75.0,pending_collection
yt_fullstack_043,Full Stack Development,CSS,Box Model,Beginner,Placeholder: CSS - Box Model (Beginner),Placify Curated Track,https://www.youtube.com/results?search_query=CSS+Box+Model+tutorial+beginner,30,English,75.0,pending_collection
yt_fullstack_044,Full Stack Development,CSS,Box Model,Intermediate,Placeholder: CSS - Box Model (Intermediate),Placify Curated Track,https://www.youtube.com/results?search_query=CSS+Box+Model+tutorial+intermediate,30,English,75.0,pending_collection
yt_fullstack_045,Full Stack Development,CSS,Box Model,Advanced,Placeholder: CSS - Box Model (Advanced),Placify Curated Track,https://www.youtube.com/results?search_query=CSS+Box+Model+tutorial+advanced,30,English,75.0,pending_collection
yt_fullstack_046,Full Stack Development,CSS,Colors & Backgrounds,Beginner,Placeholder: CSS - Colors & Backgrounds (Beginner),Placify Curated Track,https://www.youtube.com/results?search_query=CSS+Colors+&+Backgrounds+tutorial+beginner,30,English,75.0,pending_collection
yt_fullstack_047,Full Stack Development,CSS,Colors & Backgrounds,Intermediate,Placeholder: CSS - Colors & Backgrounds (Intermediate),Placify Curated Track,https://www.youtube.com/results?search_query=CSS+Colors+&+Backgrounds+tutorial+intermediate,30,English,75.0,pending_collection
yt_fullstack_048,Full Stack Development,CSS,Colors & Backgrounds,Advanced,Placeholder: CSS - Colors & Backgrounds (Advanced),Placify Curated Track,https://www.youtube.com/results?search_query=CSS+Colors+&+Backgrounds+tutorial+advanced,30,English,75.0,pending_collection
yt_fullstack_049,Full Stack Development,CSS,Typography,Beginner,Placeholder: CSS - Typography (Beginner),Placify Curated Track,https://www.youtube.com/results?search_query=CSS+Typography+tutorial+beginner,30,English,75.0,pending_collection
yt_fullstack_050,Full Stack Development,CSS,Typography,Intermediate,Placeholder: CSS - Typography (Intermediate),Placify Curated Track,https://www.youtube.com/results?search_query=CSS+Typography+tutorial+intermediate,30,English,75.0,pending_collection
yt_fullstack_051,Full Stack Development,CSS,Typography,Advanced,Placeholder: CSS - Typography (Advanced),Placify Curated Track,https://www.youtube.com/results?search_query=CSS+Typography+tutorial+advanced,30,English,75.0,pending_collection
yt_fullstack_052,Full Stack Development,CSS,Positioning,Beginner,Placeholder: CSS - Positioning (Beginner),Placify Curated Track,https://www.youtube.com/results?search_query=CSS+Positioning+tutorial+beginner,30,English,75.0,pending_collection
yt_fullstack_053,Full Stack Development,CSS,Positioning,Intermediate,Placeholder: CSS - Positioning (Intermediate),Placify Curated Track,https://www.youtube.com/results?search_query=CSS+Positioning+tutorial+intermediate,30,English,75.0,pending_collection
yt_fullstack_054,Full Stack Development,CSS,Positioning,Advanced,Placeholder: CSS - Positioning (Advanced),Placify Curated Track,https://www.youtube.com/results?search_query=CSS+Positioning+tutorial+advanced,30,English,75.0,pending_collection
yt_fullstack_055,Full Stack Development,CSS,Flexbox,Beginner,Placeholder: CSS - Flexbox (Beginner),Placify Curated Track,https://www.youtube.com/results?search_query=CSS+Flexbox+tutorial+beginner,30,English,75.0,pending_collection
yt_fullstack_056,Full Stack Development,CSS,Flexbox,Intermediate,Placeholder: CSS - Flexbox (Intermediate),Placify Curated Track,https://www.youtube.com/results?search_query=CSS+Flexbox+tutorial+intermediate,30,English,75.0,pending_collection
yt_fullstack_057,Full Stack Development,CSS,Flexbox,Advanced,Placeholder: CSS - Flexbox (Advanced),Placify Curated Track,https://www.youtube.com/results?search_query=CSS+Flexbox+tutorial+advanced,30,English,75.0,pending_collection
yt_fullstack_058,Full Stack Development,CSS,CSS Grid,Beginner,Placeholder: CSS - CSS Grid (Beginner),Placify Curated Track,https://www.youtube.com/results?search_query=CSS+CSS+Grid+tutorial+beginner,30,English,75.0,pending_collection
yt_fullstack_059,Full Stack Development,CSS,CSS Grid,Intermediate,Placeholder: CSS - CSS Grid (Intermediate),Placify Curated Track,https://www.youtube.com/results?search_query=CSS+CSS+Grid+tutorial+intermediate,30,English,75.0,pending_collection
yt_fullstack_060,Full Stack Development,CSS,CSS Grid,Advanced,Placeholder: CSS - CSS Grid (Advanced),Placify Curated Track,https://www.youtube.com/results?search_query=CSS+CSS+Grid+tutorial+advanced,30,English,75.0,pending_collection
yt_fullstack_061,Full Stack Development,CSS,Responsive Design,Beginner,Placeholder: CSS - Responsive Design (Beginner),Placify Curated Track,https://www.youtube.com/results?search_query=CSS+Responsive+Design+tutorial+beginner,30,English,75.0,pending_collection
yt_fullstack_062,Full Stack Development,CSS,Responsive Design,Intermediate,Placeholder: CSS - Responsive Design (Intermediate),Placify Curated Track,https://www.youtube.com/results?search_query=CSS+Responsive+Design+tutorial+intermediate,30,English,75.0,pending_collection
yt_fullstack_063,Full Stack Development,CSS,Responsive Design,Advanced,Placeholder: CSS - Responsive Design (Advanced),Placify Curated Track,https://www.youtube.com/results?search_query=CSS+Responsive+Design+tutorial+advanced,30,English,75.0,pending_collection
yt_fullstack_064,Full Stack Development,CSS,Animations & Transitions,Beginner,Placeholder: CSS - Animations & Transitions (Beginner),Placify Curated Track,https://www.youtube.com/results?search_query=CSS+Animations+&+Transitions+tutorial+beginner,30,English,75.0,pending_collection
yt_fullstack_065,Full Stack Development,CSS,Animations & Transitions,Intermediate,Placeholder: CSS - Animations & Transitions (Intermediate),Placify Curated Track,https://www.youtube.com/results?search_query=CSS+Animations+&+Transitions+tutorial+intermediate,30,English,75.0,pending_collection
yt_fullstack_066,Full Stack Development,CSS,Animations & Transitions,Advanced,Placeholder: CSS - Animations & Transitions (Advanced),Placify Curated Track,https://www.youtube.com/results?search_query=CSS+Animations+&+Transitions+tutorial+advanced,30,English,75.0,pending_collection
yt_fullstack_067,Full Stack Development,CSS,Advanced CSS,Beginner,Placeholder: CSS - Advanced CSS (Beginner),Placify Curated Track,https://www.youtube.com/results?search_query=CSS+Advanced+CSS+tutorial+beginner,30,English,75.0,pending_collection
yt_fullstack_068,Full Stack Development,CSS,Advanced CSS,Intermediate,Placeholder: CSS - Advanced CSS (Intermediate),Placify Curated Track,https://www.youtube.com/results?search_query=CSS+Advanced+CSS+tutorial+intermediate,30,English,75.0,pending_collection
yt_fullstack_069,Full Stack Development,CSS,Advanced CSS,Advanced,Placeholder: CSS - Advanced CSS (Advanced),Placify Curated Track,https://www.youtube.com/results?search_query=CSS+Advanced+CSS+tutorial+advanced,30,English,75.0,pending_collection
yt_fullstack_070,Full Stack Development,CSS,Projects,Beginner,Placeholder: CSS - Projects (Beginner),Placify Curated Track,https://www.youtube.com/results?search_query=CSS+Projects+tutorial+beginner,30,English,75.0,pending_collection
yt_fullstack_071,Full Stack Development,CSS,Projects,Intermediate,Placeholder: CSS - Projects (Intermediate),Placify Curated Track,https://www.youtube.com/results?search_query=CSS+Projects+tutorial+intermediate,30,English,75.0,pending_collection
yt_fullstack_072,Full Stack Development,CSS,Projects,Advanced,Placeholder: CSS - Projects (Advanced),Placify Curated Track,https://www.youtube.com/results?search_query=CSS+Projects+tutorial+advanced,30,English,75.0,pending_collection
yt_fullstack_073,Full Stack Development,JavaScript,Basics,Beginner,Placeholder: JavaScript - Basics (Beginner),Placify Curated Track,https://www.youtube.com/results?search_query=JavaScript+Basics+tutorial+beginner,30,English,75.0,pending_collection
yt_fullstack_074,Full Stack Development,JavaScript,Basics,Intermediate,Placeholder: JavaScript - Basics (Intermediate),Placify Curated Track,https://www.youtube.com/results?search_query=JavaScript+Basics+tutorial+intermediate,30,English,75.0,pending_collection
yt_fullstack_075,Full Stack Development,JavaScript,Basics,Advanced,Placeholder: JavaScript - Basics (Advanced),Placify Curated Track,https://www.youtube.com/results?search_query=JavaScript+Basics+tutorial+advanced,30,English,75.0,pending_collection
yt_fullstack_076,Full Stack Development,JavaScript,Variables & Data Types,Beginner,Placeholder: JavaScript - Variables & Data Types (Beginner),Placify Curated Track,https://www.youtube.com/results?search_query=JavaScript+Variables+&+Data+Types+tutorial+beginner,30,English,75.0,pending_collection
yt_fullstack_077,Full Stack Development,JavaScript,Variables & Data Types,Intermediate,Placeholder: JavaScript - Variables & Data Types (Intermediate),Placify Curated Track,https://www.youtube.com/results?search_query=JavaScript+Variables+&+Data+Types+tutorial+intermediate,30,English,75.0,pending_collection
yt_fullstack_078,Full Stack Development,JavaScript,Variables & Data Types,Advanced,Placeholder: JavaScript - Variables & Data Types (Advanced),Placify Curated Track,https://www.youtube.com/results?search_query=JavaScript+Variables+&+Data+Types+tutorial+advanced,30,English,75.0,pending_collection
yt_fullstack_079,Full Stack Development,JavaScript,Operators,Beginner,Placeholder: JavaScript - Operators (Beginner),Placify Curated Track,https://www.youtube.com/results?search_query=JavaScript+Operators+tutorial+beginner,30,English,75.0,pending_collection
yt_fullstack_080,Full Stack Development,JavaScript,Operators,Intermediate,Placeholder: JavaScript - Operators (Intermediate),Placify Curated Track,https://www.youtube.com/results?search_query=JavaScript+Operators+tutorial+intermediate,30,English,75.0,pending_collection
yt_fullstack_081,Full Stack Development,JavaScript,Operators,Advanced,Placeholder: JavaScript - Operators (Advanced),Placify Curated Track,https://www.youtube.com/results?search_query=JavaScript+Operators+tutorial+advanced,30,English,75.0,pending_collection
yt_fullstack_082,Full Stack Development,JavaScript,Control Flow,Beginner,Placeholder: JavaScript - Control Flow (Beginner),Placify Curated Track,https://www.youtube.com/results?search_query=JavaScript+Control+Flow+tutorial+beginner,30,English,75.0,pending_collection
yt_fullstack_083,Full Stack Development,JavaScript,Control Flow,Intermediate,Placeholder: JavaScript - Control Flow (Intermediate),Placify Curated Track,https://www.youtube.com/results?search_query=JavaScript+Control+Flow+tutorial+intermediate,30,English,75.0,pending_collection
yt_fullstack_084,Full Stack Development,JavaScript,Control Flow,Advanced,Placeholder: JavaScript - Control Flow (Advanced),Placify Curated Track,https://www.youtube.com/results?search_query=JavaScript+Control+Flow+tutorial+advanced,30,English,75.0,pending_collection
yt_fullstack_085,Full Stack Development,JavaScript,Functions,Beginner,Placeholder: JavaScript - Functions (Beginner),Placify Curated Track,https://www.youtube.com/results?search_query=JavaScript+Functions+tutorial+beginner,30,English,75.0,pending_collection
yt_fullstack_086,Full Stack Development,JavaScript,Functions,Intermediate,Placeholder: JavaScript - Functions (Intermediate),Placify Curated Track,https://www.youtube.com/results?search_query=JavaScript+Functions+tutorial+intermediate,30,English,75.0,pending_collection
yt_fullstack_087,Full Stack Development,JavaScript,Functions,Advanced,Placeholder: JavaScript - Functions (Advanced),Placify Curated Track,https://www.youtube.com/results?search_query=JavaScript+Functions+tutorial+advanced,30,English,75.0,pending_collection
yt_fullstack_088,Full Stack Development,JavaScript,Arrays,Beginner,Placeholder: JavaScript - Arrays (Beginner),Placify Curated Track,https://www.youtube.com/results?search_query=JavaScript+Arrays+tutorial+beginner,30,English,75.0,pending_collection
yt_fullstack_089,Full Stack Development,JavaScript,Arrays,Intermediate,Placeholder: JavaScript - Arrays (Intermediate),Placify Curated Track,https://www.youtube.com/results?search_query=JavaScript+Arrays+tutorial+intermediate,30,English,75.0,pending_collection
yt_fullstack_090,Full Stack Development,JavaScript,Arrays,Advanced,Placeholder: JavaScript - Arrays (Advanced),Placify Curated Track,https://www.youtube.com/results?search_query=JavaScript+Arrays+tutorial+advanced,30,English,75.0,pending_collection
yt_fullstack_091,Full Stack Development,JavaScript,Objects,Beginner,Placeholder: JavaScript - Objects (Beginner),Placify Curated Track,https://www.youtube.com/results?search_query=JavaScript+Objects+tutorial+beginner,30,English,75.0,pending_collection
yt_fullstack_092,Full Stack Development,JavaScript,Objects,Intermediate,Placeholder: JavaScript - Objects (Intermediate),Placify Curated Track,https://www.youtube.com/results?search_query=JavaScript+Objects+tutorial+intermediate,30,English,75.0,pending_collection
yt_fullstack_093,Full Stack Development,JavaScript,Objects,Advanced,Placeholder: JavaScript - Objects (Advanced),Placify Curated Track,https://www.youtube.com/results?search_query=JavaScript+Objects+tutorial+advanced,30,English,75.0,pending_collection
yt_fullstack_094,Full Stack Development,JavaScript,Strings & Numbers,Beginner,Placeholder: JavaScript - Strings & Numbers (Beginner),Placify Curated Track,https://www.youtube.com/results?search_query=JavaScript+Strings+&+Numbers+tutorial+beginner,30,English,75.0,pending_collection
yt_fullstack_095,Full Stack Development,JavaScript,Strings & Numbers,Intermediate,Placeholder: JavaScript - Strings & Numbers (Intermediate),Placify Curated Track,https://www.youtube.com/results?search_query=JavaScript+Strings+&+Numbers+tutorial+intermediate,30,English,75.0,pending_collection
yt_fullstack_096,Full Stack Development,JavaScript,Strings & Numbers,Advanced,Placeholder: JavaScript - Strings & Numbers (Advanced),Placify Curated Track,https://www.youtube.com/results?search_query=JavaScript+Strings+&+Numbers+tutorial+advanced,30,English,75.0,pending_collection
yt_fullstack_097,Full Stack Development,JavaScript,DOM,Beginner,Placeholder: JavaScript - DOM (Beginner),Placify Curated Track,https://www.youtube.com/results?search_query=JavaScript+DOM+tutorial+beginner,30,English,75.0,pending_collection
yt_fullstack_098,Full Stack Development,JavaScript,DOM,Intermediate,Placeholder: JavaScript - DOM (Intermediate),Placify Curated Track,https://www.youtube.com/results?search_query=JavaScript+DOM+tutorial+intermediate,30,English,75.0,pending_collection
yt_fullstack_099,Full Stack Development,JavaScript,DOM,Advanced,Placeholder: JavaScript - DOM (Advanced),Placify Curated Track,https://www.youtube.com/results?search_query=JavaScript+DOM+tutorial+advanced,30,English,75.0,pending_collection
yt_fullstack_100,Full Stack Development,JavaScript,Events,Beginner,Placeholder: JavaScript - Events (Beginner),Placify Curated Track,https://www.youtube.com/results?search_query=JavaScript+Events+tutorial+beginner,30,English,75.0,pending_collection
yt_fullstack_101,Full Stack Development,JavaScript,Events,Intermediate,Placeholder: JavaScript - Events (Intermediate),Placify Curated Track,https://www.youtube.com/results?search_query=JavaScript+Events+tutorial+intermediate,30,English,75.0,pending_collection
yt_fullstack_102,Full Stack Development,JavaScript,Events,Advanced,Placeholder: JavaScript - Events (Advanced),Placify Curated Track,https://www.youtube.com/results?search_query=JavaScript+Events+tutorial+advanced,30,English,75.0,pending_collection
yt_fullstack_103,Full Stack Development,JavaScript,Error Handling,Beginner,Placeholder: JavaScript - Error Handling (Beginner),Placify Curated Track,https://www.youtube.com/results?search_query=JavaScript+Error+Handling+tutorial+beginner,30,English,75.0,pending_collection
yt_fullstack_104,Full Stack Development,JavaScript,Error Handling,Intermediate,Placeholder: JavaScript - Error Handling (Intermediate),Placify Curated Track,https://www.youtube.com/results?search_query=JavaScript+Error+Handling+tutorial+intermediate,30,English,75.0,pending_collection
yt_fullstack_105,Full Stack Development,JavaScript,Error Handling,Advanced,Placeholder: JavaScript - Error Handling (Advanced),Placify Curated Track,https://www.youtube.com/results?search_query=JavaScript+Error+Handling+tutorial+advanced,30,English,75.0,pending_collection
yt_fullstack_106,Full Stack Development,JavaScript,ES6+,Beginner,Placeholder: JavaScript - ES6+ (Beginner),Placify Curated Track,https://www.youtube.com/results?search_query=JavaScript+ES6++tutorial+beginner,30,English,75.0,pending_collection
yt_fullstack_107,Full Stack Development,JavaScript,ES6+,Intermediate,Placeholder: JavaScript - ES6+ (Intermediate),Placify Curated Track,https://www.youtube.com/results?search_query=JavaScript+ES6++tutorial+intermediate,30,English,75.0,pending_collection
yt_fullstack_108,Full Stack Development,JavaScript,ES6+,Advanced,Placeholder: JavaScript - ES6+ (Advanced),Placify Curated Track,https://www.youtube.com/results?search_query=JavaScript+ES6++tutorial+advanced,30,English,75.0,pending_collection
yt_fullstack_109,Full Stack Development,JavaScript,Modules,Beginner,Placeholder: JavaScript - Modules (Beginner),Placify Curated Track,https://www.youtube.com/results?search_query=JavaScript+Modules+tutorial+beginner,30,English,75.0,pending_collection
yt_fullstack_110,Full Stack Development,JavaScript,Modules,Intermediate,Placeholder: JavaScript - Modules (Intermediate),Placify Curated Track,https://www.youtube.com/results?search_query=JavaScript+Modules+tutorial+intermediate,30,English,75.0,pending_collection
yt_fullstack_111,Full Stack Development,JavaScript,Modules,Advanced,Placeholder: JavaScript - Modules (Advanced),Placify Curated Track,https://www.youtube.com/results?search_query=JavaScript+Modules+tutorial+advanced,30,English,75.0,pending_collection
yt_fullstack_112,Full Stack Development,JavaScript,Asynchronous JavaScript,Beginner,Placeholder: JavaScript - Asynchronous JavaScript (Beginner),Placify Curated Track,https://www.youtube.com/results?search_query=JavaScript+Asynchronous+JavaScript+tutorial+beginner,30,English,75.0,pending_collection
yt_fullstack_113,Full Stack Development,JavaScript,Asynchronous JavaScript,Intermediate,Placeholder: JavaScript - Asynchronous JavaScript (Intermediate),Placify Curated Track,https://www.youtube.com/results?search_query=JavaScript+Asynchronous+JavaScript+tutorial+intermediate,30,English,75.0,pending_collection
yt_fullstack_114,Full Stack Development,JavaScript,Asynchronous JavaScript,Advanced,Placeholder: JavaScript - Asynchronous JavaScript (Advanced),Placify Curated Track,https://www.youtube.com/results?search_query=JavaScript+Asynchronous+JavaScript+tutorial+advanced,30,English,75.0,pending_collection
yt_fullstack_115,Full Stack Development,JavaScript,Promises & Async/Await,Beginner,Placeholder: JavaScript - Promises & Async/Await (Beginner),Placify Curated Track,https://www.youtube.com/results?search_query=JavaScript+Promises+&+Async/Await+tutorial+beginner,30,English,75.0,pending_collection
yt_fullstack_116,Full Stack Development,JavaScript,Promises & Async/Await,Intermediate,Placeholder: JavaScript - Promises & Async/Await (Intermediate),Placify Curated Track,https://www.youtube.com/results?search_query=JavaScript+Promises+&+Async/Await+tutorial+intermediate,30,English,75.0,pending_collection
yt_fullstack_117,Full Stack Development,JavaScript,Promises & Async/Await,Advanced,Placeholder: JavaScript - Promises & Async/Await (Advanced),Placify Curated Track,https://www.youtube.com/results?search_query=JavaScript+Promises+&+Async/Await+tutorial+advanced,30,English,75.0,pending_collection
yt_fullstack_118,Full Stack Development,JavaScript,Fetch API,Beginner,Placeholder: JavaScript - Fetch API (Beginner),Placify Curated Track,https://www.youtube.com/results?search_query=JavaScript+Fetch+API+tutorial+beginner,30,English,75.0,pending_collection
yt_fullstack_119,Full Stack Development,JavaScript,Fetch API,Intermediate,Placeholder: JavaScript - Fetch API (Intermediate),Placify Curated Track,https://www.youtube.com/results?search_query=JavaScript+Fetch+API+tutorial+intermediate,30,English,75.0,pending_collection
yt_fullstack_120,Full Stack Development,JavaScript,Fetch API,Advanced,Placeholder: JavaScript - Fetch API (Advanced),Placify Curated Track,https://www.youtube.com/results?search_query=JavaScript+Fetch+API+tutorial+advanced,30,English,75.0,pending_collection
yt_fullstack_121,Full Stack Development,JavaScript,Web APIs,Beginner,Placeholder: JavaScript - Web APIs (Beginner),Placify Curated Track,https://www.youtube.com/results?search_query=JavaScript+Web+APIs+tutorial+beginner,30,English,75.0,pending_collection
yt_fullstack_122,Full Stack Development,JavaScript,Web APIs,Intermediate,Placeholder: JavaScript - Web APIs (Intermediate),Placify Curated Track,https://www.youtube.com/results?search_query=JavaScript+Web+APIs+tutorial+intermediate,30,English,75.0,pending_collection
yt_fullstack_123,Full Stack Development,JavaScript,Web APIs,Advanced,Placeholder: JavaScript - Web APIs (Advanced),Placify Curated Track,https://www.youtube.com/results?search_query=JavaScript+Web+APIs+tutorial+advanced,30,English,75.0,pending_collection
yt_fullstack_124,Full Stack Development,JavaScript,Projects,Beginner,Placeholder: JavaScript - Projects (Beginner),Placify Curated Track,https://www.youtube.com/results?search_query=JavaScript+Projects+tutorial+beginner,30,English,75.0,pending_collection
yt_fullstack_125,Full Stack Development,JavaScript,Projects,Intermediate,Placeholder: JavaScript - Projects (Intermediate),Placify Curated Track,https://www.youtube.com/results?search_query=JavaScript+Projects+tutorial+intermediate,30,English,75.0,pending_collection
yt_fullstack_126,Full Stack Development,JavaScript,Projects,Advanced,Placeholder: JavaScript - Projects (Advanced),Placify Curated Track,https://www.youtube.com/results?search_query=JavaScript+Projects+tutorial+advanced,30,English,75.0,pending_collection
yt_fullstack_127,Full Stack Development,Git & GitHub,Git Basics,Beginner,Placeholder: Git & GitHub - Git Basics (Beginner),Placify Curated Track,https://www.youtube.com/results?search_query=Git+&+GitHub+Git+Basics+tutorial+beginner,30,English,75.0,pending_collection
yt_fullstack_128,Full Stack Development,Git & GitHub,Git Basics,Intermediate,Placeholder: Git & GitHub - Git Basics (Intermediate),Placify Curated Track,https://www.youtube.com/results?search_query=Git+&+GitHub+Git+Basics+tutorial+intermediate,30,English,75.0,pending_collection
yt_fullstack_129,Full Stack Development,Git & GitHub,Git Basics,Advanced,Placeholder: Git & GitHub - Git Basics (Advanced),Placify Curated Track,https://www.youtube.com/results?search_query=Git+&+GitHub+Git+Basics+tutorial+advanced,30,English,75.0,pending_collection
yt_fullstack_130,Full Stack Development,Git & GitHub,Repositories,Beginner,Placeholder: Git & GitHub - Repositories (Beginner),Placify Curated Track,https://www.youtube.com/results?search_query=Git+&+GitHub+Repositories+tutorial+beginner,30,English,75.0,pending_collection
yt_fullstack_131,Full Stack Development,Git & GitHub,Repositories,Intermediate,Placeholder: Git & GitHub - Repositories (Intermediate),Placify Curated Track,https://www.youtube.com/results?search_query=Git+&+GitHub+Repositories+tutorial+intermediate,30,English,75.0,pending_collection
yt_fullstack_132,Full Stack Development,Git & GitHub,Repositories,Advanced,Placeholder: Git & GitHub - Repositories (Advanced),Placify Curated Track,https://www.youtube.com/results?search_query=Git+&+GitHub+Repositories+tutorial+advanced,30,English,75.0,pending_collection
yt_fullstack_133,Full Stack Development,Git & GitHub,Branches,Beginner,Placeholder: Git & GitHub - Branches (Beginner),Placify Curated Track,https://www.youtube.com/results?search_query=Git+&+GitHub+Branches+tutorial+beginner,30,English,75.0,pending_collection
yt_fullstack_134,Full Stack Development,Git & GitHub,Branches,Intermediate,Placeholder: Git & GitHub - Branches (Intermediate),Placify Curated Track,https://www.youtube.com/results?search_query=Git+&+GitHub+Branches+tutorial+intermediate,30,English,75.0,pending_collection
yt_fullstack_135,Full Stack Development,Git & GitHub,Branches,Advanced,Placeholder: Git & GitHub - Branches (Advanced),Placify Curated Track,https://www.youtube.com/results?search_query=Git+&+GitHub+Branches+tutorial+advanced,30,English,75.0,pending_collection
yt_fullstack_136,Full Stack Development,Git & GitHub,Merge & Rebase,Beginner,Placeholder: Git & GitHub - Merge & Rebase (Beginner),Placify Curated Track,https://www.youtube.com/results?search_query=Git+&+GitHub+Merge+&+Rebase+tutorial+beginner,30,English,75.0,pending_collection
yt_fullstack_137,Full Stack Development,Git & GitHub,Merge & Rebase,Intermediate,Placeholder: Git & GitHub - Merge & Rebase (Intermediate),Placify Curated Track,https://www.youtube.com/results?search_query=Git+&+GitHub+Merge+&+Rebase+tutorial+intermediate,30,English,75.0,pending_collection
yt_fullstack_138,Full Stack Development,Git & GitHub,Merge & Rebase,Advanced,Placeholder: Git & GitHub - Merge & Rebase (Advanced),Placify Curated Track,https://www.youtube.com/results?search_query=Git+&+GitHub+Merge+&+Rebase+tutorial+advanced,30,English,75.0,pending_collection
yt_fullstack_139,Full Stack Development,Git & GitHub,Remote Repositories,Beginner,Placeholder: Git & GitHub - Remote Repositories (Beginner),Placify Curated Track,https://www.youtube.com/results?search_query=Git+&+GitHub+Remote+Repositories+tutorial+beginner,30,English,75.0,pending_collection
yt_fullstack_140,Full Stack Development,Git & GitHub,Remote Repositories,Intermediate,Placeholder: Git & GitHub - Remote Repositories (Intermediate),Placify Curated Track,https://www.youtube.com/results?search_query=Git+&+GitHub+Remote+Repositories+tutorial+intermediate,30,English,75.0,pending_collection
yt_fullstack_141,Full Stack Development,Git & GitHub,Remote Repositories,Advanced,Placeholder: Git & GitHub - Remote Repositories (Advanced),Placify Curated Track,https://www.youtube.com/results?search_query=Git+&+GitHub+Remote+Repositories+tutorial+advanced,30,English,75.0,pending_collection
yt_fullstack_142,Full Stack Development,Git & GitHub,Pull Requests,Beginner,Placeholder: Git & GitHub - Pull Requests (Beginner),Placify Curated Track,https://www.youtube.com/results?search_query=Git+&+GitHub+Pull+Requests+tutorial+beginner,30,English,75.0,pending_collection
yt_fullstack_143,Full Stack Development,Git & GitHub,Pull Requests,Intermediate,Placeholder: Git & GitHub - Pull Requests (Intermediate),Placify Curated Track,https://www.youtube.com/results?search_query=Git+&+GitHub+Pull+Requests+tutorial+intermediate,30,English,75.0,pending_collection
yt_fullstack_144,Full Stack Development,Git & GitHub,Pull Requests,Advanced,Placeholder: Git & GitHub - Pull Requests (Advanced),Placify Curated Track,https://www.youtube.com/results?search_query=Git+&+GitHub+Pull+Requests+tutorial+advanced,30,English,75.0,pending_collection
yt_fullstack_145,Full Stack Development,Git & GitHub,Collaboration,Beginner,Placeholder: Git & GitHub - Collaboration (Beginner),Placify Curated Track,https://www.youtube.com/results?search_query=Git+&+GitHub+Collaboration+tutorial+beginner,30,English,75.0,pending_collection
yt_fullstack_146,Full Stack Development,Git & GitHub,Collaboration,Intermediate,Placeholder: Git & GitHub - Collaboration (Intermediate),Placify Curated Track,https://www.youtube.com/results?search_query=Git+&+GitHub+Collaboration+tutorial+intermediate,30,English,75.0,pending_collection
yt_fullstack_147,Full Stack Development,Git & GitHub,Collaboration,Advanced,Placeholder: Git & GitHub - Collaboration (Advanced),Placify Curated Track,https://www.youtube.com/results?search_query=Git+&+GitHub+Collaboration+tutorial+advanced,30,English,75.0,pending_collection
yt_fullstack_148,Full Stack Development,Git & GitHub,GitHub Actions,Beginner,Placeholder: Git & GitHub - GitHub Actions (Beginner),Placify Curated Track,https://www.youtube.com/results?search_query=Git+&+GitHub+GitHub+Actions+tutorial+beginner,30,English,75.0,pending_collection
yt_fullstack_149,Full Stack Development,Git & GitHub,GitHub Actions,Intermediate,Placeholder: Git & GitHub - GitHub Actions (Intermediate),Placify Curated Track,https://www.youtube.com/results?search_query=Git+&+GitHub+GitHub+Actions+tutorial+intermediate,30,English,75.0,pending_collection
yt_fullstack_150,Full Stack Development,Git & GitHub,GitHub Actions,Advanced,Placeholder: Git & GitHub - GitHub Actions (Advanced),Placify Curated Track,https://www.youtube.com/results?search_query=Git+&+GitHub+GitHub+Actions+tutorial+advanced,30,English,75.0,pending_collection
yt_fullstack_151,Full Stack Development,Git & GitHub,Advanced Git,Beginner,Placeholder: Git & GitHub - Advanced Git (Beginner),Placify Curated Track,https://www.youtube.com/results?search_query=Git+&+GitHub+Advanced+Git+tutorial+beginner,30,English,75.0,pending_collection
yt_fullstack_152,Full Stack Development,Git & GitHub,Advanced Git,Intermediate,Placeholder: Git & GitHub - Advanced Git (Intermediate),Placify Curated Track,https://www.youtube.com/results?search_query=Git+&+GitHub+Advanced+Git+tutorial+intermediate,30,English,75.0,pending_collection
yt_fullstack_153,Full Stack Development,Git & GitHub,Advanced Git,Advanced,Placeholder: Git & GitHub - Advanced Git (Advanced),Placify Curated Track,https://www.youtube.com/results?search_query=Git+&+GitHub+Advanced+Git+tutorial+advanced,30,English,75.0,pending_collection
yt_fullstack_154,Full Stack Development,Responsive Design,Responsive Design Basics,Beginner,Placeholder: Responsive Design - Responsive Design Basics (Beginner),Placify Curated Track,https://www.youtube.com/results?search_query=Responsive+Design+Responsive+Design+Basics+tutorial+beginner,30,English,75.0,pending_collection
yt_fullstack_155,Full Stack Development,Responsive Design,Responsive Design Basics,Intermediate,Placeholder: Responsive Design - Responsive Design Basics (Intermediate),Placify Curated Track,https://www.youtube.com/results?search_query=Responsive+Design+Responsive+Design+Basics+tutorial+intermediate,30,English,75.0,pending_collection
yt_fullstack_156,Full Stack Development,Responsive Design,Responsive Design Basics,Advanced,Placeholder: Responsive Design - Responsive Design Basics (Advanced),Placify Curated Track,https://www.youtube.com/results?search_query=Responsive+Design+Responsive+Design+Basics+tutorial+advanced,30,English,75.0,pending_collection
yt_fullstack_157,Full Stack Development,Responsive Design,Media Queries,Beginner,Placeholder: Responsive Design - Media Queries (Beginner),Placify Curated Track,https://www.youtube.com/results?search_query=Responsive+Design+Media+Queries+tutorial+beginner,30,English,75.0,pending_collection
yt_fullstack_158,Full Stack Development,Responsive Design,Media Queries,Intermediate,Placeholder: Responsive Design - Media Queries (Intermediate),Placify Curated Track,https://www.youtube.com/results?search_query=Responsive+Design+Media+Queries+tutorial+intermediate,30,English,75.0,pending_collection
yt_fullstack_159,Full Stack Development,Responsive Design,Media Queries,Advanced,Placeholder: Responsive Design - Media Queries (Advanced),Placify Curated Track,https://www.youtube.com/results?search_query=Responsive+Design+Media+Queries+tutorial+advanced,30,English,75.0,pending_collection
yt_fullstack_160,Full Stack Development,Responsive Design,Mobile-First Design,Beginner,Placeholder: Responsive Design - Mobile-First Design (Beginner),Placify Curated Track,https://www.youtube.com/results?search_query=Responsive+Design+Mobile-First+Design+tutorial+beginner,30,English,75.0,pending_collection
yt_fullstack_161,Full Stack Development,Responsive Design,Mobile-First Design,Intermediate,Placeholder: Responsive Design - Mobile-First Design (Intermediate),Placify Curated Track,https://www.youtube.com/results?search_query=Responsive+Design+Mobile-First+Design+tutorial+intermediate,30,English,75.0,pending_collection
yt_fullstack_162,Full Stack Development,Responsive Design,Mobile-First Design,Advanced,Placeholder: Responsive Design - Mobile-First Design (Advanced),Placify Curated Track,https://www.youtube.com/results?search_query=Responsive+Design+Mobile-First+Design+tutorial+advanced,30,English,75.0,pending_collection
yt_fullstack_163,Full Stack Development,Responsive Design,Responsive Layouts,Beginner,Placeholder: Responsive Design - Responsive Layouts (Beginner),Placify Curated Track,https://www.youtube.com/results?search_query=Responsive+Design+Responsive+Layouts+tutorial+beginner,30,English,75.0,pending_collection
yt_fullstack_164,Full Stack Development,Responsive Design,Responsive Layouts,Intermediate,Placeholder: Responsive Design - Responsive Layouts (Intermediate),Placify Curated Track,https://www.youtube.com/results?search_query=Responsive+Design+Responsive+Layouts+tutorial+intermediate,30,English,75.0,pending_collection
yt_fullstack_165,Full Stack Development,Responsive Design,Responsive Layouts,Advanced,Placeholder: Responsive Design - Responsive Layouts (Advanced),Placify Curated Track,https://www.youtube.com/results?search_query=Responsive+Design+Responsive+Layouts+tutorial+advanced,30,English,75.0,pending_collection
yt_fullstack_166,Full Stack Development,Responsive Design,Responsive Images,Beginner,Placeholder: Responsive Design - Responsive Images (Beginner),Placify Curated Track,https://www.youtube.com/results?search_query=Responsive+Design+Responsive+Images+tutorial+beginner,30,English,75.0,pending_collection
yt_fullstack_167,Full Stack Development,Responsive Design,Responsive Images,Intermediate,Placeholder: Responsive Design - Responsive Images (Intermediate),Placify Curated Track,https://www.youtube.com/results?search_query=Responsive+Design+Responsive+Images+tutorial+intermediate,30,English,75.0,pending_collection
yt_fullstack_168,Full Stack Development,Responsive Design,Responsive Images,Advanced,Placeholder: Responsive Design - Responsive Images (Advanced),Placify Curated Track,https://www.youtube.com/results?search_query=Responsive+Design+Responsive+Images+tutorial+advanced,30,English,75.0,pending_collection
yt_fullstack_169,Full Stack Development,Responsive Design,Responsive Typography,Beginner,Placeholder: Responsive Design - Responsive Typography (Beginner),Placify Curated Track,https://www.youtube.com/results?search_query=Responsive+Design+Responsive+Typography+tutorial+beginner,30,English,75.0,pending_collection
yt_fullstack_170,Full Stack Development,Responsive Design,Responsive Typography,Intermediate,Placeholder: Responsive Design - Responsive Typography (Intermediate),Placify Curated Track,https://www.youtube.com/results?search_query=Responsive+Design+Responsive+Typography+tutorial+intermediate,30,English,75.0,pending_collection
yt_fullstack_171,Full Stack Development,Responsive Design,Responsive Typography,Advanced,Placeholder: Responsive Design - Responsive Typography (Advanced),Placify Curated Track,https://www.youtube.com/results?search_query=Responsive+Design+Responsive+Typography+tutorial+advanced,30,English,75.0,pending_collection
yt_fullstack_172,Full Stack Development,Responsive Design,Responsive Frameworks,Beginner,Placeholder: Responsive Design - Responsive Frameworks (Beginner),Placify Curated Track,https://www.youtube.com/results?search_query=Responsive+Design+Responsive+Frameworks+tutorial+beginner,30,English,75.0,pending_collection
yt_fullstack_173,Full Stack Development,Responsive Design,Responsive Frameworks,Intermediate,Placeholder: Responsive Design - Responsive Frameworks (Intermediate),Placify Curated Track,https://www.youtube.com/results?search_query=Responsive+Design+Responsive+Frameworks+tutorial+intermediate,30,English,75.0,pending_collection
yt_fullstack_174,Full Stack Development,Responsive Design,Responsive Frameworks,Advanced,Placeholder: Responsive Design - Responsive Frameworks (Advanced),Placify Curated Track,https://www.youtube.com/results?search_query=Responsive+Design+Responsive+Frameworks+tutorial+advanced,30,English,75.0,pending_collection
yt_fullstack_175,Full Stack Development,Responsive Design,Responsive Projects,Beginner,Placeholder: Responsive Design - Responsive Projects (Beginner),Placify Curated Track,https://www.youtube.com/results?search_query=Responsive+Design+Responsive+Projects+tutorial+beginner,30,English,75.0,pending_collection
yt_fullstack_176,Full Stack Development,Responsive Design,Responsive Projects,Intermediate,Placeholder: Responsive Design - Responsive Projects (Intermediate),Placify Curated Track,https://www.youtube.com/results?search_query=Responsive+Design+Responsive+Projects+tutorial+intermediate,30,English,75.0,pending_collection
yt_fullstack_177,Full Stack Development,Responsive Design,Responsive Projects,Advanced,Placeholder: Responsive Design - Responsive Projects (Advanced),Placify Curated Track,https://www.youtube.com/results?search_query=Responsive+Design+Responsive+Projects+tutorial+advanced,30,English,75.0,pending_collection
yt_fullstack_178,Full Stack Development,React,Basics,Beginner,Placeholder: React - Basics (Beginner),Placify Curated Track,https://www.youtube.com/results?search_query=React+Basics+tutorial+beginner,30,English,75.0,pending_collection
yt_fullstack_179,Full Stack Development,React,Basics,Intermediate,Placeholder: React - Basics (Intermediate),Placify Curated Track,https://www.youtube.com/results?search_query=React+Basics+tutorial+intermediate,30,English,75.0,pending_collection
yt_fullstack_180,Full Stack Development,React,Basics,Advanced,Placeholder: React - Basics (Advanced),Placify Curated Track,https://www.youtube.com/results?search_query=React+Basics+tutorial+advanced,30,English,75.0,pending_collection
yt_fullstack_181,Full Stack Development,React,Components,Beginner,Placeholder: React - Components (Beginner),Placify Curated Track,https://www.youtube.com/results?search_query=React+Components+tutorial+beginner,30,English,75.0,pending_collection
yt_fullstack_182,Full Stack Development,React,Components,Intermediate,Placeholder: React - Components (Intermediate),Placify Curated Track,https://www.youtube.com/results?search_query=React+Components+tutorial+intermediate,30,English,75.0,pending_collection
yt_fullstack_183,Full Stack Development,React,Components,Advanced,Placeholder: React - Components (Advanced),Placify Curated Track,https://www.youtube.com/results?search_query=React+Components+tutorial+advanced,30,English,75.0,pending_collection
yt_fullstack_184,Full Stack Development,React,JSX,Beginner,Placeholder: React - JSX (Beginner),Placify Curated Track,https://www.youtube.com/results?search_query=React+JSX+tutorial+beginner,30,English,75.0,pending_collection
yt_fullstack_185,Full Stack Development,React,JSX,Intermediate,Placeholder: React - JSX (Intermediate),Placify Curated Track,https://www.youtube.com/results?search_query=React+JSX+tutorial+intermediate,30,English,75.0,pending_collection
yt_fullstack_186,Full Stack Development,React,JSX,Advanced,Placeholder: React - JSX (Advanced),Placify Curated Track,https://www.youtube.com/results?search_query=React+JSX+tutorial+advanced,30,English,75.0,pending_collection
yt_fullstack_187,Full Stack Development,React,Props,Beginner,Placeholder: React - Props (Beginner),Placify Curated Track,https://www.youtube.com/results?search_query=React+Props+tutorial+beginner,30,English,75.0,pending_collection
yt_fullstack_188,Full Stack Development,React,Props,Intermediate,Placeholder: React - Props (Intermediate),Placify Curated Track,https://www.youtube.com/results?search_query=React+Props+tutorial+intermediate,30,English,75.0,pending_collection
yt_fullstack_189,Full Stack Development,React,Props,Advanced,Placeholder: React - Props (Advanced),Placify Curated Track,https://www.youtube.com/results?search_query=React+Props+tutorial+advanced,30,English,75.0,pending_collection
yt_fullstack_190,Full Stack Development,React,State,Beginner,Placeholder: React - State (Beginner),Placify Curated Track,https://www.youtube.com/results?search_query=React+State+tutorial+beginner,30,English,75.0,pending_collection
yt_fullstack_191,Full Stack Development,React,State,Intermediate,Placeholder: React - State (Intermediate),Placify Curated Track,https://www.youtube.com/results?search_query=React+State+tutorial+intermediate,30,English,75.0,pending_collection
yt_fullstack_192,Full Stack Development,React,State,Advanced,Placeholder: React - State (Advanced),Placify Curated Track,https://www.youtube.com/results?search_query=React+State+tutorial+advanced,30,English,75.0,pending_collection
yt_fullstack_193,Full Stack Development,React,Hooks,Beginner,Placeholder: React - Hooks (Beginner),Placify Curated Track,https://www.youtube.com/results?search_query=React+Hooks+tutorial+beginner,30,English,75.0,pending_collection
yt_fullstack_194,Full Stack Development,React,Hooks,Intermediate,Placeholder: React - Hooks (Intermediate),Placify Curated Track,https://www.youtube.com/results?search_query=React+Hooks+tutorial+intermediate,30,English,75.0,pending_collection
yt_fullstack_195,Full Stack Development,React,Hooks,Advanced,Placeholder: React - Hooks (Advanced),Placify Curated Track,https://www.youtube.com/results?search_query=React+Hooks+tutorial+advanced,30,English,75.0,pending_collection
yt_fullstack_196,Full Stack Development,React,Events & Forms,Beginner,Placeholder: React - Events & Forms (Beginner),Placify Curated Track,https://www.youtube.com/results?search_query=React+Events+&+Forms+tutorial+beginner,30,English,75.0,pending_collection
yt_fullstack_197,Full Stack Development,React,Events & Forms,Intermediate,Placeholder: React - Events & Forms (Intermediate),Placify Curated Track,https://www.youtube.com/results?search_query=React+Events+&+Forms+tutorial+intermediate,30,English,75.0,pending_collection
yt_fullstack_198,Full Stack Development,React,Events & Forms,Advanced,Placeholder: React - Events & Forms (Advanced),Placify Curated Track,https://www.youtube.com/results?search_query=React+Events+&+Forms+tutorial+advanced,30,English,75.0,pending_collection
yt_fullstack_199,Full Stack Development,React,Conditional Rendering,Beginner,Placeholder: React - Conditional Rendering (Beginner),Placify Curated Track,https://www.youtube.com/results?search_query=React+Conditional+Rendering+tutorial+beginner,30,English,75.0,pending_collection
yt_fullstack_200,Full Stack Development,React,Conditional Rendering,Intermediate,Placeholder: React - Conditional Rendering (Intermediate),Placify Curated Track,https://www.youtube.com/results?search_query=React+Conditional+Rendering+tutorial+intermediate,30,English,75.0,pending_collection
yt_fullstack_201,Full Stack Development,React,Conditional Rendering,Advanced,Placeholder: React - Conditional Rendering (Advanced),Placify Curated Track,https://www.youtube.com/results?search_query=React+Conditional+Rendering+tutorial+advanced,30,English,75.0,pending_collection
yt_fullstack_202,Full Stack Development,React,Lists & Keys,Beginner,Placeholder: React - Lists & Keys (Beginner),Placify Curated Track,https://www.youtube.com/results?search_query=React+Lists+&+Keys+tutorial+beginner,30,English,75.0,pending_collection
yt_fullstack_203,Full Stack Development,React,Lists & Keys,Intermediate,Placeholder: React - Lists & Keys (Intermediate),Placify Curated Track,https://www.youtube.com/results?search_query=React+Lists+&+Keys+tutorial+intermediate,30,English,75.0,pending_collection
yt_fullstack_204,Full Stack Development,React,Lists & Keys,Advanced,Placeholder: React - Lists & Keys (Advanced),Placify Curated Track,https://www.youtube.com/results?search_query=React+Lists+&+Keys+tutorial+advanced,30,English,75.0,pending_collection
yt_fullstack_205,Full Stack Development,React,Context API,Beginner,Placeholder: React - Context API (Beginner),Placify Curated Track,https://www.youtube.com/results?search_query=React+Context+API+tutorial+beginner,30,English,75.0,pending_collection
yt_fullstack_206,Full Stack Development,React,Context API,Intermediate,Placeholder: React - Context API (Intermediate),Placify Curated Track,https://www.youtube.com/results?search_query=React+Context+API+tutorial+intermediate,30,English,75.0,pending_collection
yt_fullstack_207,Full Stack Development,React,Context API,Advanced,Placeholder: React - Context API (Advanced),Placify Curated Track,https://www.youtube.com/results?search_query=React+Context+API+tutorial+advanced,30,English,75.0,pending_collection
yt_fullstack_208,Full Stack Development,React,Routing,Beginner,Placeholder: React - Routing (Beginner),Placify Curated Track,https://www.youtube.com/results?search_query=React+Routing+tutorial+beginner,30,English,75.0,pending_collection
yt_fullstack_209,Full Stack Development,React,Routing,Intermediate,Placeholder: React - Routing (Intermediate),Placify Curated Track,https://www.youtube.com/results?search_query=React+Routing+tutorial+intermediate,30,English,75.0,pending_collection
yt_fullstack_210,Full Stack Development,React,Routing,Advanced,Placeholder: React - Routing (Advanced),Placify Curated Track,https://www.youtube.com/results?search_query=React+Routing+tutorial+advanced,30,English,75.0,pending_collection
yt_fullstack_211,Full Stack Development,React,API Integration,Beginner,Placeholder: React - API Integration (Beginner),Placify Curated Track,https://www.youtube.com/results?search_query=React+API+Integration+tutorial+beginner,30,English,75.0,pending_collection
yt_fullstack_212,Full Stack Development,React,API Integration,Intermediate,Placeholder: React - API Integration (Intermediate),Placify Curated Track,https://www.youtube.com/results?search_query=React+API+Integration+tutorial+intermediate,30,English,75.0,pending_collection
yt_fullstack_213,Full Stack Development,React,API Integration,Advanced,Placeholder: React - API Integration (Advanced),Placify Curated Track,https://www.youtube.com/results?search_query=React+API+Integration+tutorial+advanced,30,English,75.0,pending_collection
yt_fullstack_214,Full Stack Development,React,State Management,Beginner,Placeholder: React - State Management (Beginner),Placify Curated Track,https://www.youtube.com/results?search_query=React+State+Management+tutorial+beginner,30,English,75.0,pending_collection
yt_fullstack_215,Full Stack Development,React,State Management,Intermediate,Placeholder: React - State Management (Intermediate),Placify Curated Track,https://www.youtube.com/results?search_query=React+State+Management+tutorial+intermediate,30,English,75.0,pending_collection
yt_fullstack_216,Full Stack Development,React,State Management,Advanced,Placeholder: React - State Management (Advanced),Placify Curated Track,https://www.youtube.com/results?search_query=React+State+Management+tutorial+advanced,30,English,75.0,pending_collection
yt_fullstack_217,Full Stack Development,React,Performance,Beginner,Placeholder: React - Performance (Beginner),Placify Curated Track,https://www.youtube.com/results?search_query=React+Performance+tutorial+beginner,30,English,75.0,pending_collection
yt_fullstack_218,Full Stack Development,React,Performance,Intermediate,Placeholder: React - Performance (Intermediate),Placify Curated Track,https://www.youtube.com/results?search_query=React+Performance+tutorial+intermediate,30,English,75.0,pending_collection
yt_fullstack_219,Full Stack Development,React,Performance,Advanced,Placeholder: React - Performance (Advanced),Placify Curated Track,https://www.youtube.com/results?search_query=React+Performance+tutorial+advanced,30,English,75.0,pending_collection
yt_fullstack_220,Full Stack Development,React,Authentication,Beginner,Placeholder: React - Authentication (Beginner),Placify Curated Track,https://www.youtube.com/results?search_query=React+Authentication+tutorial+beginner,30,English,75.0,pending_collection
yt_fullstack_221,Full Stack Development,React,Authentication,Intermediate,Placeholder: React - Authentication (Intermediate),Placify Curated Track,https://www.youtube.com/results?search_query=React+Authentication+tutorial+intermediate,30,English,75.0,pending_collection
yt_fullstack_222,Full Stack Development,React,Authentication,Advanced,Placeholder: React - Authentication (Advanced),Placify Curated Track,https://www.youtube.com/results?search_query=React+Authentication+tutorial+advanced,30,English,75.0,pending_collection
yt_fullstack_223,Full Stack Development,React,Projects,Beginner,Placeholder: React - Projects (Beginner),Placify Curated Track,https://www.youtube.com/results?search_query=React+Projects+tutorial+beginner,30,English,75.0,pending_collection
yt_fullstack_224,Full Stack Development,React,Projects,Intermediate,Placeholder: React - Projects (Intermediate),Placify Curated Track,https://www.youtube.com/results?search_query=React+Projects+tutorial+intermediate,30,English,75.0,pending_collection
yt_fullstack_225,Full Stack Development,React,Projects,Advanced,Placeholder: React - Projects (Advanced),Placify Curated Track,https://www.youtube.com/results?search_query=React+Projects+tutorial+advanced,30,English,75.0,pending_collection
yt_fullstack_226,Full Stack Development,Node.js,Basics,Beginner,Placeholder: Node.js - Basics (Beginner),Placify Curated Track,https://www.youtube.com/results?search_query=Node.js+Basics+tutorial+beginner,30,English,75.0,pending_collection
yt_fullstack_227,Full Stack Development,Node.js,Basics,Intermediate,Placeholder: Node.js - Basics (Intermediate),Placify Curated Track,https://www.youtube.com/results?search_query=Node.js+Basics+tutorial+intermediate,30,English,75.0,pending_collection
yt_fullstack_228,Full Stack Development,Node.js,Basics,Advanced,Placeholder: Node.js - Basics (Advanced),Placify Curated Track,https://www.youtube.com/results?search_query=Node.js+Basics+tutorial+advanced,30,English,75.0,pending_collection
yt_fullstack_229,Full Stack Development,Node.js,Modules,Beginner,Placeholder: Node.js - Modules (Beginner),Placify Curated Track,https://www.youtube.com/results?search_query=Node.js+Modules+tutorial+beginner,30,English,75.0,pending_collection
yt_fullstack_230,Full Stack Development,Node.js,Modules,Intermediate,Placeholder: Node.js - Modules (Intermediate),Placify Curated Track,https://www.youtube.com/results?search_query=Node.js+Modules+tutorial+intermediate,30,English,75.0,pending_collection
yt_fullstack_231,Full Stack Development,Node.js,Modules,Advanced,Placeholder: Node.js - Modules (Advanced),Placify Curated Track,https://www.youtube.com/results?search_query=Node.js+Modules+tutorial+advanced,30,English,75.0,pending_collection
yt_fullstack_232,Full Stack Development,Node.js,NPM,Beginner,Placeholder: Node.js - NPM (Beginner),Placify Curated Track,https://www.youtube.com/results?search_query=Node.js+NPM+tutorial+beginner,30,English,75.0,pending_collection
yt_fullstack_233,Full Stack Development,Node.js,NPM,Intermediate,Placeholder: Node.js - NPM (Intermediate),Placify Curated Track,https://www.youtube.com/results?search_query=Node.js+NPM+tutorial+intermediate,30,English,75.0,pending_collection
yt_fullstack_234,Full Stack Development,Node.js,NPM,Advanced,Placeholder: Node.js - NPM (Advanced),Placify Curated Track,https://www.youtube.com/results?search_query=Node.js+NPM+tutorial+advanced,30,English,75.0,pending_collection
yt_fullstack_235,Full Stack Development,Node.js,File System,Beginner,Placeholder: Node.js - File System (Beginner),Placify Curated Track,https://www.youtube.com/results?search_query=Node.js+File+System+tutorial+beginner,30,English,75.0,pending_collection
yt_fullstack_236,Full Stack Development,Node.js,File System,Intermediate,Placeholder: Node.js - File System (Intermediate),Placify Curated Track,https://www.youtube.com/results?search_query=Node.js+File+System+tutorial+intermediate,30,English,75.0,pending_collection
yt_fullstack_237,Full Stack Development,Node.js,File System,Advanced,Placeholder: Node.js - File System (Advanced),Placify Curated Track,https://www.youtube.com/results?search_query=Node.js+File+System+tutorial+advanced,30,English,75.0,pending_collection
yt_fullstack_238,Full Stack Development,Node.js,Events,Beginner,Placeholder: Node.js - Events (Beginner),Placify Curated Track,https://www.youtube.com/results?search_query=Node.js+Events+tutorial+beginner,30,English,75.0,pending_collection
yt_fullstack_239,Full Stack Development,Node.js,Events,Intermediate,Placeholder: Node.js - Events (Intermediate),Placify Curated Track,https://www.youtube.com/results?search_query=Node.js+Events+tutorial+intermediate,30,English,75.0,pending_collection
yt_fullstack_240,Full Stack Development,Node.js,Events,Advanced,Placeholder: Node.js - Events (Advanced),Placify Curated Track,https://www.youtube.com/results?search_query=Node.js+Events+tutorial+advanced,30,English,75.0,pending_collection
yt_fullstack_241,Full Stack Development,Node.js,Streams,Beginner,Placeholder: Node.js - Streams (Beginner),Placify Curated Track,https://www.youtube.com/results?search_query=Node.js+Streams+tutorial+beginner,30,English,75.0,pending_collection
yt_fullstack_242,Full Stack Development,Node.js,Streams,Intermediate,Placeholder: Node.js - Streams (Intermediate),Placify Curated Track,https://www.youtube.com/results?search_query=Node.js+Streams+tutorial+intermediate,30,English,75.0,pending_collection
yt_fullstack_243,Full Stack Development,Node.js,Streams,Advanced,Placeholder: Node.js - Streams (Advanced),Placify Curated Track,https://www.youtube.com/results?search_query=Node.js+Streams+tutorial+advanced,30,English,75.0,pending_collection
yt_fullstack_244,Full Stack Development,Node.js,HTTP,Beginner,Placeholder: Node.js - HTTP (Beginner),Placify Curated Track,https://www.youtube.com/results?search_query=Node.js+HTTP+tutorial+beginner,30,English,75.0,pending_collection
yt_fullstack_245,Full Stack Development,Node.js,HTTP,Intermediate,Placeholder: Node.js - HTTP (Intermediate),Placify Curated Track,https://www.youtube.com/results?search_query=Node.js+HTTP+tutorial+intermediate,30,English,75.0,pending_collection
yt_fullstack_246,Full Stack Development,Node.js,HTTP,Advanced,Placeholder: Node.js - HTTP (Advanced),Placify Curated Track,https://www.youtube.com/results?search_query=Node.js+HTTP+tutorial+advanced,30,English,75.0,pending_collection
yt_fullstack_247,Full Stack Development,Node.js,REST APIs,Beginner,Placeholder: Node.js - REST APIs (Beginner),Placify Curated Track,https://www.youtube.com/results?search_query=Node.js+REST+APIs+tutorial+beginner,30,English,75.0,pending_collection
yt_fullstack_248,Full Stack Development,Node.js,REST APIs,Intermediate,Placeholder: Node.js - REST APIs (Intermediate),Placify Curated Track,https://www.youtube.com/results?search_query=Node.js+REST+APIs+tutorial+intermediate,30,English,75.0,pending_collection
yt_fullstack_249,Full Stack Development,Node.js,REST APIs,Advanced,Placeholder: Node.js - REST APIs (Advanced),Placify Curated Track,https://www.youtube.com/results?search_query=Node.js+REST+APIs+tutorial+advanced,30,English,75.0,pending_collection
yt_fullstack_250,Full Stack Development,Node.js,Authentication,Beginner,Placeholder: Node.js - Authentication (Beginner),Placify Curated Track,https://www.youtube.com/results?search_query=Node.js+Authentication+tutorial+beginner,30,English,75.0,pending_collection
yt_fullstack_251,Full Stack Development,Node.js,Authentication,Intermediate,Placeholder: Node.js - Authentication (Intermediate),Placify Curated Track,https://www.youtube.com/results?search_query=Node.js+Authentication+tutorial+intermediate,30,English,75.0,pending_collection
yt_fullstack_252,Full Stack Development,Node.js,Authentication,Advanced,Placeholder: Node.js - Authentication (Advanced),Placify Curated Track,https://www.youtube.com/results?search_query=Node.js+Authentication+tutorial+advanced,30,English,75.0,pending_collection
yt_fullstack_253,Full Stack Development,Node.js,Middleware,Beginner,Placeholder: Node.js - Middleware (Beginner),Placify Curated Track,https://www.youtube.com/results?search_query=Node.js+Middleware+tutorial+beginner,30,English,75.0,pending_collection
yt_fullstack_254,Full Stack Development,Node.js,Middleware,Intermediate,Placeholder: Node.js - Middleware (Intermediate),Placify Curated Track,https://www.youtube.com/results?search_query=Node.js+Middleware+tutorial+intermediate,30,English,75.0,pending_collection
yt_fullstack_255,Full Stack Development,Node.js,Middleware,Advanced,Placeholder: Node.js - Middleware (Advanced),Placify Curated Track,https://www.youtube.com/results?search_query=Node.js+Middleware+tutorial+advanced,30,English,75.0,pending_collection
yt_fullstack_256,Full Stack Development,Node.js,Security,Beginner,Placeholder: Node.js - Security (Beginner),Placify Curated Track,https://www.youtube.com/results?search_query=Node.js+Security+tutorial+beginner,30,English,75.0,pending_collection
yt_fullstack_257,Full Stack Development,Node.js,Security,Intermediate,Placeholder: Node.js - Security (Intermediate),Placify Curated Track,https://www.youtube.com/results?search_query=Node.js+Security+tutorial+intermediate,30,English,75.0,pending_collection
yt_fullstack_258,Full Stack Development,Node.js,Security,Advanced,Placeholder: Node.js - Security (Advanced),Placify Curated Track,https://www.youtube.com/results?search_query=Node.js+Security+tutorial+advanced,30,English,75.0,pending_collection
yt_fullstack_259,Full Stack Development,Node.js,Projects,Beginner,Placeholder: Node.js - Projects (Beginner),Placify Curated Track,https://www.youtube.com/results?search_query=Node.js+Projects+tutorial+beginner,30,English,75.0,pending_collection
yt_fullstack_260,Full Stack Development,Node.js,Projects,Intermediate,Placeholder: Node.js - Projects (Intermediate),Placify Curated Track,https://www.youtube.com/results?search_query=Node.js+Projects+tutorial+intermediate,30,English,75.0,pending_collection
yt_fullstack_261,Full Stack Development,Node.js,Projects,Advanced,Placeholder: Node.js - Projects (Advanced),Placify Curated Track,https://www.youtube.com/results?search_query=Node.js+Projects+tutorial+advanced,30,English,75.0,pending_collection
yt_fullstack_262,Full Stack Development,Express.js,Basics,Beginner,Placeholder: Express.js - Basics (Beginner),Placify Curated Track,https://www.youtube.com/results?search_query=Express.js+Basics+tutorial+beginner,30,English,75.0,pending_collection
yt_fullstack_263,Full Stack Development,Express.js,Basics,Intermediate,Placeholder: Express.js - Basics (Intermediate),Placify Curated Track,https://www.youtube.com/results?search_query=Express.js+Basics+tutorial+intermediate,30,English,75.0,pending_collection
yt_fullstack_264,Full Stack Development,Express.js,Basics,Advanced,Placeholder: Express.js - Basics (Advanced),Placify Curated Track,https://www.youtube.com/results?search_query=Express.js+Basics+tutorial+advanced,30,English,75.0,pending_collection
yt_fullstack_265,Full Stack Development,Express.js,Routing,Beginner,Placeholder: Express.js - Routing (Beginner),Placify Curated Track,https://www.youtube.com/results?search_query=Express.js+Routing+tutorial+beginner,30,English,75.0,pending_collection
yt_fullstack_266,Full Stack Development,Express.js,Routing,Intermediate,Placeholder: Express.js - Routing (Intermediate),Placify Curated Track,https://www.youtube.com/results?search_query=Express.js+Routing+tutorial+intermediate,30,English,75.0,pending_collection
yt_fullstack_267,Full Stack Development,Express.js,Routing,Advanced,Placeholder: Express.js - Routing (Advanced),Placify Curated Track,https://www.youtube.com/results?search_query=Express.js+Routing+tutorial+advanced,30,English,75.0,pending_collection
yt_fullstack_268,Full Stack Development,Express.js,Middleware,Beginner,Placeholder: Express.js - Middleware (Beginner),Placify Curated Track,https://www.youtube.com/results?search_query=Express.js+Middleware+tutorial+beginner,30,English,75.0,pending_collection
yt_fullstack_269,Full Stack Development,Express.js,Middleware,Intermediate,Placeholder: Express.js - Middleware (Intermediate),Placify Curated Track,https://www.youtube.com/results?search_query=Express.js+Middleware+tutorial+intermediate,30,English,75.0,pending_collection
yt_fullstack_270,Full Stack Development,Express.js,Middleware,Advanced,Placeholder: Express.js - Middleware (Advanced),Placify Curated Track,https://www.youtube.com/results?search_query=Express.js+Middleware+tutorial+advanced,30,English,75.0,pending_collection
yt_fullstack_271,Full Stack Development,Express.js,REST APIs,Beginner,Placeholder: Express.js - REST APIs (Beginner),Placify Curated Track,https://www.youtube.com/results?search_query=Express.js+REST+APIs+tutorial+beginner,30,English,75.0,pending_collection
yt_fullstack_272,Full Stack Development,Express.js,REST APIs,Intermediate,Placeholder: Express.js - REST APIs (Intermediate),Placify Curated Track,https://www.youtube.com/results?search_query=Express.js+REST+APIs+tutorial+intermediate,30,English,75.0,pending_collection
yt_fullstack_273,Full Stack Development,Express.js,REST APIs,Advanced,Placeholder: Express.js - REST APIs (Advanced),Placify Curated Track,https://www.youtube.com/results?search_query=Express.js+REST+APIs+tutorial+advanced,30,English,75.0,pending_collection
yt_fullstack_274,Full Stack Development,Express.js,Error Handling,Beginner,Placeholder: Express.js - Error Handling (Beginner),Placify Curated Track,https://www.youtube.com/results?search_query=Express.js+Error+Handling+tutorial+beginner,30,English,75.0,pending_collection
yt_fullstack_275,Full Stack Development,Express.js,Error Handling,Intermediate,Placeholder: Express.js - Error Handling (Intermediate),Placify Curated Track,https://www.youtube.com/results?search_query=Express.js+Error+Handling+tutorial+intermediate,30,English,75.0,pending_collection
yt_fullstack_276,Full Stack Development,Express.js,Error Handling,Advanced,Placeholder: Express.js - Error Handling (Advanced),Placify Curated Track,https://www.youtube.com/results?search_query=Express.js+Error+Handling+tutorial+advanced,30,English,75.0,pending_collection
yt_fullstack_277,Full Stack Development,Express.js,Authentication,Beginner,Placeholder: Express.js - Authentication (Beginner),Placify Curated Track,https://www.youtube.com/results?search_query=Express.js+Authentication+tutorial+beginner,30,English,75.0,pending_collection
yt_fullstack_278,Full Stack Development,Express.js,Authentication,Intermediate,Placeholder: Express.js - Authentication (Intermediate),Placify Curated Track,https://www.youtube.com/results?search_query=Express.js+Authentication+tutorial+intermediate,30,English,75.0,pending_collection
yt_fullstack_279,Full Stack Development,Express.js,Authentication,Advanced,Placeholder: Express.js - Authentication (Advanced),Placify Curated Track,https://www.youtube.com/results?search_query=Express.js+Authentication+tutorial+advanced,30,English,75.0,pending_collection
yt_fullstack_280,Full Stack Development,Express.js,Authorization,Beginner,Placeholder: Express.js - Authorization (Beginner),Placify Curated Track,https://www.youtube.com/results?search_query=Express.js+Authorization+tutorial+beginner,30,English,75.0,pending_collection
yt_fullstack_281,Full Stack Development,Express.js,Authorization,Intermediate,Placeholder: Express.js - Authorization (Intermediate),Placify Curated Track,https://www.youtube.com/results?search_query=Express.js+Authorization+tutorial+intermediate,30,English,75.0,pending_collection
yt_fullstack_282,Full Stack Development,Express.js,Authorization,Advanced,Placeholder: Express.js - Authorization (Advanced),Placify Curated Track,https://www.youtube.com/results?search_query=Express.js+Authorization+tutorial+advanced,30,English,75.0,pending_collection
yt_fullstack_283,Full Stack Development,Express.js,Validation,Beginner,Placeholder: Express.js - Validation (Beginner),Placify Curated Track,https://www.youtube.com/results?search_query=Express.js+Validation+tutorial+beginner,30,English,75.0,pending_collection
yt_fullstack_284,Full Stack Development,Express.js,Validation,Intermediate,Placeholder: Express.js - Validation (Intermediate),Placify Curated Track,https://www.youtube.com/results?search_query=Express.js+Validation+tutorial+intermediate,30,English,75.0,pending_collection
yt_fullstack_285,Full Stack Development,Express.js,Validation,Advanced,Placeholder: Express.js - Validation (Advanced),Placify Curated Track,https://www.youtube.com/results?search_query=Express.js+Validation+tutorial+advanced,30,English,75.0,pending_collection
yt_fullstack_286,Full Stack Development,Express.js,Security,Beginner,Placeholder: Express.js - Security (Beginner),Placify Curated Track,https://www.youtube.com/results?search_query=Express.js+Security+tutorial+beginner,30,English,75.0,pending_collection
yt_fullstack_287,Full Stack Development,Express.js,Security,Intermediate,Placeholder: Express.js - Security (Intermediate),Placify Curated Track,https://www.youtube.com/results?search_query=Express.js+Security+tutorial+intermediate,30,English,75.0,pending_collection
yt_fullstack_288,Full Stack Development,Express.js,Security,Advanced,Placeholder: Express.js - Security (Advanced),Placify Curated Track,https://www.youtube.com/results?search_query=Express.js+Security+tutorial+advanced,30,English,75.0,pending_collection
yt_fullstack_289,Full Stack Development,Express.js,Projects,Beginner,Placeholder: Express.js - Projects (Beginner),Placify Curated Track,https://www.youtube.com/results?search_query=Express.js+Projects+tutorial+beginner,30,English,75.0,pending_collection
yt_fullstack_290,Full Stack Development,Express.js,Projects,Intermediate,Placeholder: Express.js - Projects (Intermediate),Placify Curated Track,https://www.youtube.com/results?search_query=Express.js+Projects+tutorial+intermediate,30,English,75.0,pending_collection
yt_fullstack_291,Full Stack Development,Express.js,Projects,Advanced,Placeholder: Express.js - Projects (Advanced),Placify Curated Track,https://www.youtube.com/results?search_query=Express.js+Projects+tutorial+advanced,30,English,75.0,pending_collection
yt_fullstack_292,Full Stack Development,REST APIs,API Basics,Beginner,Placeholder: REST APIs - API Basics (Beginner),Placify Curated Track,https://www.youtube.com/results?search_query=REST+APIs+API+Basics+tutorial+beginner,30,English,75.0,pending_collection
yt_fullstack_293,Full Stack Development,REST APIs,API Basics,Intermediate,Placeholder: REST APIs - API Basics (Intermediate),Placify Curated Track,https://www.youtube.com/results?search_query=REST+APIs+API+Basics+tutorial+intermediate,30,English,75.0,pending_collection
yt_fullstack_294,Full Stack Development,REST APIs,API Basics,Advanced,Placeholder: REST APIs - API Basics (Advanced),Placify Curated Track,https://www.youtube.com/results?search_query=REST+APIs+API+Basics+tutorial+advanced,30,English,75.0,pending_collection
yt_fullstack_295,Full Stack Development,REST APIs,HTTP Methods,Beginner,Placeholder: REST APIs - HTTP Methods (Beginner),Placify Curated Track,https://www.youtube.com/results?search_query=REST+APIs+HTTP+Methods+tutorial+beginner,30,English,75.0,pending_collection
yt_fullstack_296,Full Stack Development,REST APIs,HTTP Methods,Intermediate,Placeholder: REST APIs - HTTP Methods (Intermediate),Placify Curated Track,https://www.youtube.com/results?search_query=REST+APIs+HTTP+Methods+tutorial+intermediate,30,English,75.0,pending_collection
yt_fullstack_297,Full Stack Development,REST APIs,HTTP Methods,Advanced,Placeholder: REST APIs - HTTP Methods (Advanced),Placify Curated Track,https://www.youtube.com/results?search_query=REST+APIs+HTTP+Methods+tutorial+advanced,30,English,75.0,pending_collection
yt_fullstack_298,Full Stack Development,REST APIs,Status Codes,Beginner,Placeholder: REST APIs - Status Codes (Beginner),Placify Curated Track,https://www.youtube.com/results?search_query=REST+APIs+Status+Codes+tutorial+beginner,30,English,75.0,pending_collection
yt_fullstack_299,Full Stack Development,REST APIs,Status Codes,Intermediate,Placeholder: REST APIs - Status Codes (Intermediate),Placify Curated Track,https://www.youtube.com/results?search_query=REST+APIs+Status+Codes+tutorial+intermediate,30,English,75.0,pending_collection
yt_fullstack_300,Full Stack Development,REST APIs,Status Codes,Advanced,Placeholder: REST APIs - Status Codes (Advanced),Placify Curated Track,https://www.youtube.com/results?search_query=REST+APIs+Status+Codes+tutorial+advanced,30,English,75.0,pending_collection
yt_fullstack_301,Full Stack Development,REST APIs,Request & Response,Beginner,Placeholder: REST APIs - Request & Response (Beginner),Placify Curated Track,https://www.youtube.com/results?search_query=REST+APIs+Request+&+Response+tutorial+beginner,30,English,75.0,pending_collection
yt_fullstack_302,Full Stack Development,REST APIs,Request & Response,Intermediate,Placeholder: REST APIs - Request & Response (Intermediate),Placify Curated Track,https://www.youtube.com/results?search_query=REST+APIs+Request+&+Response+tutorial+intermediate,30,English,75.0,pending_collection
yt_fullstack_303,Full Stack Development,REST APIs,Request & Response,Advanced,Placeholder: REST APIs - Request & Response (Advanced),Placify Curated Track,https://www.youtube.com/results?search_query=REST+APIs+Request+&+Response+tutorial+advanced,30,English,75.0,pending_collection
yt_fullstack_304,Full Stack Development,REST APIs,REST Architecture,Beginner,Placeholder: REST APIs - REST Architecture (Beginner),Placify Curated Track,https://www.youtube.com/results?search_query=REST+APIs+REST+Architecture+tutorial+beginner,30,English,75.0,pending_collection
yt_fullstack_305,Full Stack Development,REST APIs,REST Architecture,Intermediate,Placeholder: REST APIs - REST Architecture (Intermediate),Placify Curated Track,https://www.youtube.com/results?search_query=REST+APIs+REST+Architecture+tutorial+intermediate,30,English,75.0,pending_collection
yt_fullstack_306,Full Stack Development,REST APIs,REST Architecture,Advanced,Placeholder: REST APIs - REST Architecture (Advanced),Placify Curated Track,https://www.youtube.com/results?search_query=REST+APIs+REST+Architecture+tutorial+advanced,30,English,75.0,pending_collection
yt_fullstack_307,Full Stack Development,REST APIs,Authentication,Beginner,Placeholder: REST APIs - Authentication (Beginner),Placify Curated Track,https://www.youtube.com/results?search_query=REST+APIs+Authentication+tutorial+beginner,30,English,75.0,pending_collection
yt_fullstack_308,Full Stack Development,REST APIs,Authentication,Intermediate,Placeholder: REST APIs - Authentication (Intermediate),Placify Curated Track,https://www.youtube.com/results?search_query=REST+APIs+Authentication+tutorial+intermediate,30,English,75.0,pending_collection
yt_fullstack_309,Full Stack Development,REST APIs,Authentication,Advanced,Placeholder: REST APIs - Authentication (Advanced),Placify Curated Track,https://www.youtube.com/results?search_query=REST+APIs+Authentication+tutorial+advanced,30,English,75.0,pending_collection
yt_fullstack_310,Full Stack Development,REST APIs,Authorization,Beginner,Placeholder: REST APIs - Authorization (Beginner),Placify Curated Track,https://www.youtube.com/results?search_query=REST+APIs+Authorization+tutorial+beginner,30,English,75.0,pending_collection
yt_fullstack_311,Full Stack Development,REST APIs,Authorization,Intermediate,Placeholder: REST APIs - Authorization (Intermediate),Placify Curated Track,https://www.youtube.com/results?search_query=REST+APIs+Authorization+tutorial+intermediate,30,English,75.0,pending_collection
yt_fullstack_312,Full Stack Development,REST APIs,Authorization,Advanced,Placeholder: REST APIs - Authorization (Advanced),Placify Curated Track,https://www.youtube.com/results?search_query=REST+APIs+Authorization+tutorial+advanced,30,English,75.0,pending_collection
yt_fullstack_313,Full Stack Development,REST APIs,API Security,Beginner,Placeholder: REST APIs - API Security (Beginner),Placify Curated Track,https://www.youtube.com/results?search_query=REST+APIs+API+Security+tutorial+beginner,30,English,75.0,pending_collection
yt_fullstack_314,Full Stack Development,REST APIs,API Security,Intermediate,Placeholder: REST APIs - API Security (Intermediate),Placify Curated Track,https://www.youtube.com/results?search_query=REST+APIs+API+Security+tutorial+intermediate,30,English,75.0,pending_collection
yt_fullstack_315,Full Stack Development,REST APIs,API Security,Advanced,Placeholder: REST APIs - API Security (Advanced),Placify Curated Track,https://www.youtube.com/results?search_query=REST+APIs+API+Security+tutorial+advanced,30,English,75.0,pending_collection
yt_fullstack_316,Full Stack Development,REST APIs,API Testing,Beginner,Placeholder: REST APIs - API Testing (Beginner),Placify Curated Track,https://www.youtube.com/results?search_query=REST+APIs+API+Testing+tutorial+beginner,30,English,75.0,pending_collection
yt_fullstack_317,Full Stack Development,REST APIs,API Testing,Intermediate,Placeholder: REST APIs - API Testing (Intermediate),Placify Curated Track,https://www.youtube.com/results?search_query=REST+APIs+API+Testing+tutorial+intermediate,30,English,75.0,pending_collection
yt_fullstack_318,Full Stack Development,REST APIs,API Testing,Advanced,Placeholder: REST APIs - API Testing (Advanced),Placify Curated Track,https://www.youtube.com/results?search_query=REST+APIs+API+Testing+tutorial+advanced,30,English,75.0,pending_collection
yt_fullstack_319,Full Stack Development,REST APIs,API Documentation,Beginner,Placeholder: REST APIs - API Documentation (Beginner),Placify Curated Track,https://www.youtube.com/results?search_query=REST+APIs+API+Documentation+tutorial+beginner,30,English,75.0,pending_collection
yt_fullstack_320,Full Stack Development,REST APIs,API Documentation,Intermediate,Placeholder: REST APIs - API Documentation (Intermediate),Placify Curated Track,https://www.youtube.com/results?search_query=REST+APIs+API+Documentation+tutorial+intermediate,30,English,75.0,pending_collection
yt_fullstack_321,Full Stack Development,REST APIs,API Documentation,Advanced,Placeholder: REST APIs - API Documentation (Advanced),Placify Curated Track,https://www.youtube.com/results?search_query=REST+APIs+API+Documentation+tutorial+advanced,30,English,75.0,pending_collection
yt_fullstack_322,Full Stack Development,Full-Stack User Authentication & Permissions,Authentication Basics,Beginner,Placeholder: Full-Stack User Authentication & Permissions - Authentication Basics (Beginner),Placify Curated Track,https://www.youtube.com/results?search_query=Full-Stack+User+Authentication+&+Permissions+Authentication+Basics+tutorial+beginner,30,English,75.0,pending_collection
yt_fullstack_323,Full Stack Development,Full-Stack User Authentication & Permissions,Authentication Basics,Intermediate,Placeholder: Full-Stack User Authentication & Permissions - Authentication Basics (Intermediate),Placify Curated Track,https://www.youtube.com/results?search_query=Full-Stack+User+Authentication+&+Permissions+Authentication+Basics+tutorial+intermediate,30,English,75.0,pending_collection
yt_fullstack_324,Full Stack Development,Full-Stack User Authentication & Permissions,Authentication Basics,Advanced,Placeholder: Full-Stack User Authentication & Permissions - Authentication Basics (Advanced),Placify Curated Track,https://www.youtube.com/results?search_query=Full-Stack+User+Authentication+&+Permissions+Authentication+Basics+tutorial+advanced,30,English,75.0,pending_collection
yt_fullstack_325,Full Stack Development,Full-Stack User Authentication & Permissions,Registration & Login,Beginner,Placeholder: Full-Stack User Authentication & Permissions - Registration & Login (Beginner),Placify Curated Track,https://www.youtube.com/results?search_query=Full-Stack+User+Authentication+&+Permissions+Registration+&+Login+tutorial+beginner,30,English,75.0,pending_collection
yt_fullstack_326,Full Stack Development,Full-Stack User Authentication & Permissions,Registration & Login,Intermediate,Placeholder: Full-Stack User Authentication & Permissions - Registration & Login (Intermediate),Placify Curated Track,https://www.youtube.com/results?search_query=Full-Stack+User+Authentication+&+Permissions+Registration+&+Login+tutorial+intermediate,30,English,75.0,pending_collection
yt_fullstack_327,Full Stack Development,Full-Stack User Authentication & Permissions,Registration & Login,Advanced,Placeholder: Full-Stack User Authentication & Permissions - Registration & Login (Advanced),Placify Curated Track,https://www.youtube.com/results?search_query=Full-Stack+User+Authentication+&+Permissions+Registration+&+Login+tutorial+advanced,30,English,75.0,pending_collection
yt_fullstack_328,Full Stack Development,Full-Stack User Authentication & Permissions,Password Security,Beginner,Placeholder: Full-Stack User Authentication & Permissions - Password Security (Beginner),Placify Curated Track,https://www.youtube.com/results?search_query=Full-Stack+User+Authentication+&+Permissions+Password+Security+tutorial+beginner,30,English,75.0,pending_collection
yt_fullstack_329,Full Stack Development,Full-Stack User Authentication & Permissions,Password Security,Intermediate,Placeholder: Full-Stack User Authentication & Permissions - Password Security (Intermediate),Placify Curated Track,https://www.youtube.com/results?search_query=Full-Stack+User+Authentication+&+Permissions+Password+Security+tutorial+intermediate,30,English,75.0,pending_collection
yt_fullstack_330,Full Stack Development,Full-Stack User Authentication & Permissions,Password Security,Advanced,Placeholder: Full-Stack User Authentication & Permissions - Password Security (Advanced),Placify Curated Track,https://www.youtube.com/results?search_query=Full-Stack+User+Authentication+&+Permissions+Password+Security+tutorial+advanced,30,English,75.0,pending_collection
yt_fullstack_331,Full Stack Development,Full-Stack User Authentication & Permissions,Sessions,Beginner,Placeholder: Full-Stack User Authentication & Permissions - Sessions (Beginner),Placify Curated Track,https://www.youtube.com/results?search_query=Full-Stack+User+Authentication+&+Permissions+Sessions+tutorial+beginner,30,English,75.0,pending_collection
yt_fullstack_332,Full Stack Development,Full-Stack User Authentication & Permissions,Sessions,Intermediate,Placeholder: Full-Stack User Authentication & Permissions - Sessions (Intermediate),Placify Curated Track,https://www.youtube.com/results?search_query=Full-Stack+User+Authentication+&+Permissions+Sessions+tutorial+intermediate,30,English,75.0,pending_collection
yt_fullstack_333,Full Stack Development,Full-Stack User Authentication & Permissions,Sessions,Advanced,Placeholder: Full-Stack User Authentication & Permissions - Sessions (Advanced),Placify Curated Track,https://www.youtube.com/results?search_query=Full-Stack+User+Authentication+&+Permissions+Sessions+tutorial+advanced,30,English,75.0,pending_collection
yt_fullstack_334,Full Stack Development,Full-Stack User Authentication & Permissions,Cookies,Beginner,Placeholder: Full-Stack User Authentication & Permissions - Cookies (Beginner),Placify Curated Track,https://www.youtube.com/results?search_query=Full-Stack+User+Authentication+&+Permissions+Cookies+tutorial+beginner,30,English,75.0,pending_collection
yt_fullstack_335,Full Stack Development,Full-Stack User Authentication & Permissions,Cookies,Intermediate,Placeholder: Full-Stack User Authentication & Permissions - Cookies (Intermediate),Placify Curated Track,https://www.youtube.com/results?search_query=Full-Stack+User+Authentication+&+Permissions+Cookies+tutorial+intermediate,30,English,75.0,pending_collection
yt_fullstack_336,Full Stack Development,Full-Stack User Authentication & Permissions,Cookies,Advanced,Placeholder: Full-Stack User Authentication & Permissions - Cookies (Advanced),Placify Curated Track,https://www.youtube.com/results?search_query=Full-Stack+User+Authentication+&+Permissions+Cookies+tutorial+advanced,30,English,75.0,pending_collection
yt_fullstack_337,Full Stack Development,Full-Stack User Authentication & Permissions,JWT,Beginner,Placeholder: Full-Stack User Authentication & Permissions - JWT (Beginner),Placify Curated Track,https://www.youtube.com/results?search_query=Full-Stack+User+Authentication+&+Permissions+JWT+tutorial+beginner,30,English,75.0,pending_collection
yt_fullstack_338,Full Stack Development,Full-Stack User Authentication & Permissions,JWT,Intermediate,Placeholder: Full-Stack User Authentication & Permissions - JWT (Intermediate),Placify Curated Track,https://www.youtube.com/results?search_query=Full-Stack+User+Authentication+&+Permissions+JWT+tutorial+intermediate,30,English,75.0,pending_collection
yt_fullstack_339,Full Stack Development,Full-Stack User Authentication & Permissions,JWT,Advanced,Placeholder: Full-Stack User Authentication & Permissions - JWT (Advanced),Placify Curated Track,https://www.youtube.com/results?search_query=Full-Stack+User+Authentication+&+Permissions+JWT+tutorial+advanced,30,English,75.0,pending_collection
yt_fullstack_340,Full Stack Development,Full-Stack User Authentication & Permissions,OAuth,Beginner,Placeholder: Full-Stack User Authentication & Permissions - OAuth (Beginner),Placify Curated Track,https://www.youtube.com/results?search_query=Full-Stack+User+Authentication+&+Permissions+OAuth+tutorial+beginner,30,English,75.0,pending_collection
yt_fullstack_341,Full Stack Development,Full-Stack User Authentication & Permissions,OAuth,Intermediate,Placeholder: Full-Stack User Authentication & Permissions - OAuth (Intermediate),Placify Curated Track,https://www.youtube.com/results?search_query=Full-Stack+User+Authentication+&+Permissions+OAuth+tutorial+intermediate,30,English,75.0,pending_collection
yt_fullstack_342,Full Stack Development,Full-Stack User Authentication & Permissions,OAuth,Advanced,Placeholder: Full-Stack User Authentication & Permissions - OAuth (Advanced),Placify Curated Track,https://www.youtube.com/results?search_query=Full-Stack+User+Authentication+&+Permissions+OAuth+tutorial+advanced,30,English,75.0,pending_collection
yt_fullstack_343,Full Stack Development,Full-Stack User Authentication & Permissions,Authorization,Beginner,Placeholder: Full-Stack User Authentication & Permissions - Authorization (Beginner),Placify Curated Track,https://www.youtube.com/results?search_query=Full-Stack+User+Authentication+&+Permissions+Authorization+tutorial+beginner,30,English,75.0,pending_collection
yt_fullstack_344,Full Stack Development,Full-Stack User Authentication & Permissions,Authorization,Intermediate,Placeholder: Full-Stack User Authentication & Permissions - Authorization (Intermediate),Placify Curated Track,https://www.youtube.com/results?search_query=Full-Stack+User+Authentication+&+Permissions+Authorization+tutorial+intermediate,30,English,75.0,pending_collection
yt_fullstack_345,Full Stack Development,Full-Stack User Authentication & Permissions,Authorization,Advanced,Placeholder: Full-Stack User Authentication & Permissions - Authorization (Advanced),Placify Curated Track,https://www.youtube.com/results?search_query=Full-Stack+User+Authentication+&+Permissions+Authorization+tutorial+advanced,30,English,75.0,pending_collection
yt_fullstack_346,Full Stack Development,Full-Stack User Authentication & Permissions,Role-Based Access Control,Beginner,Placeholder: Full-Stack User Authentication & Permissions - Role-Based Access Control (Beginner),Placify Curated Track,https://www.youtube.com/results?search_query=Full-Stack+User+Authentication+&+Permissions+Role-Based+Access+Control+tutorial+beginner,30,English,75.0,pending_collection
yt_fullstack_347,Full Stack Development,Full-Stack User Authentication & Permissions,Role-Based Access Control,Intermediate,Placeholder: Full-Stack User Authentication & Permissions - Role-Based Access Control (Intermediate),Placify Curated Track,https://www.youtube.com/results?search_query=Full-Stack+User+Authentication+&+Permissions+Role-Based+Access+Control+tutorial+intermediate,30,English,75.0,pending_collection
yt_fullstack_348,Full Stack Development,Full-Stack User Authentication & Permissions,Role-Based Access Control,Advanced,Placeholder: Full-Stack User Authentication & Permissions - Role-Based Access Control (Advanced),Placify Curated Track,https://www.youtube.com/results?search_query=Full-Stack+User+Authentication+&+Permissions+Role-Based+Access+Control+tutorial+advanced,30,English,75.0,pending_collection
yt_fullstack_349,Full Stack Development,Full-Stack User Authentication & Permissions,CORS,Beginner,Placeholder: Full-Stack User Authentication & Permissions - CORS (Beginner),Placify Curated Track,https://www.youtube.com/results?search_query=Full-Stack+User+Authentication+&+Permissions+CORS+tutorial+beginner,30,English,75.0,pending_collection
yt_fullstack_350,Full Stack Development,Full-Stack User Authentication & Permissions,CORS,Intermediate,Placeholder: Full-Stack User Authentication & Permissions - CORS (Intermediate),Placify Curated Track,https://www.youtube.com/results?search_query=Full-Stack+User+Authentication+&+Permissions+CORS+tutorial+intermediate,30,English,75.0,pending_collection
yt_fullstack_351,Full Stack Development,Full-Stack User Authentication & Permissions,CORS,Advanced,Placeholder: Full-Stack User Authentication & Permissions - CORS (Advanced),Placify Curated Track,https://www.youtube.com/results?search_query=Full-Stack+User+Authentication+&+Permissions+CORS+tutorial+advanced,30,English,75.0,pending_collection
yt_fullstack_352,Full Stack Development,Full-Stack User Authentication & Permissions,CSRF,Beginner,Placeholder: Full-Stack User Authentication & Permissions - CSRF (Beginner),Placify Curated Track,https://www.youtube.com/results?search_query=Full-Stack+User+Authentication+&+Permissions+CSRF+tutorial+beginner,30,English,75.0,pending_collection
yt_fullstack_353,Full Stack Development,Full-Stack User Authentication & Permissions,CSRF,Intermediate,Placeholder: Full-Stack User Authentication & Permissions - CSRF (Intermediate),Placify Curated Track,https://www.youtube.com/results?search_query=Full-Stack+User+Authentication+&+Permissions+CSRF+tutorial+intermediate,30,English,75.0,pending_collection
yt_fullstack_354,Full Stack Development,Full-Stack User Authentication & Permissions,CSRF,Advanced,Placeholder: Full-Stack User Authentication & Permissions - CSRF (Advanced),Placify Curated Track,https://www.youtube.com/results?search_query=Full-Stack+User+Authentication+&+Permissions+CSRF+tutorial+advanced,30,English,75.0,pending_collection
yt_fullstack_355,Full Stack Development,Full-Stack User Authentication & Permissions,XSS,Beginner,Placeholder: Full-Stack User Authentication & Permissions - XSS (Beginner),Placify Curated Track,https://www.youtube.com/results?search_query=Full-Stack+User+Authentication+&+Permissions+XSS+tutorial+beginner,30,English,75.0,pending_collection
yt_fullstack_356,Full Stack Development,Full-Stack User Authentication & Permissions,XSS,Intermediate,Placeholder: Full-Stack User Authentication & Permissions - XSS (Intermediate),Placify Curated Track,https://www.youtube.com/results?search_query=Full-Stack+User+Authentication+&+Permissions+XSS+tutorial+intermediate,30,English,75.0,pending_collection
yt_fullstack_357,Full Stack Development,Full-Stack User Authentication & Permissions,XSS,Advanced,Placeholder: Full-Stack User Authentication & Permissions - XSS (Advanced),Placify Curated Track,https://www.youtube.com/results?search_query=Full-Stack+User+Authentication+&+Permissions+XSS+tutorial+advanced,30,English,75.0,pending_collection
yt_fullstack_358,Full Stack Development,Full-Stack User Authentication & Permissions,Authentication Projects,Beginner,Placeholder: Full-Stack User Authentication & Permissions - Authentication Projects (Beginner),Placify Curated Track,https://www.youtube.com/results?search_query=Full-Stack+User+Authentication+&+Permissions+Authentication+Projects+tutorial+beginner,30,English,75.0,pending_collection
yt_fullstack_359,Full Stack Development,Full-Stack User Authentication & Permissions,Authentication Projects,Intermediate,Placeholder: Full-Stack User Authentication & Permissions - Authentication Projects (Intermediate),Placify Curated Track,https://www.youtube.com/results?search_query=Full-Stack+User+Authentication+&+Permissions+Authentication+Projects+tutorial+intermediate,30,English,75.0,pending_collection
yt_fullstack_360,Full Stack Development,Full-Stack User Authentication & Permissions,Authentication Projects,Advanced,Placeholder: Full-Stack User Authentication & Permissions - Authentication Projects (Advanced),Placify Curated Track,https://www.youtube.com/results?search_query=Full-Stack+User+Authentication+&+Permissions+Authentication+Projects+tutorial+advanced,30,English,75.0,pending_collection
yt_fullstack_361,Full Stack Development,Databases,Database Basics,Beginner,Placeholder: Databases - Database Basics (Beginner),Placify Curated Track,https://www.youtube.com/results?search_query=Databases+Database+Basics+tutorial+beginner,30,English,75.0,pending_collection
yt_fullstack_362,Full Stack Development,Databases,Database Basics,Intermediate,Placeholder: Databases - Database Basics (Intermediate),Placify Curated Track,https://www.youtube.com/results?search_query=Databases+Database+Basics+tutorial+intermediate,30,English,75.0,pending_collection
yt_fullstack_363,Full Stack Development,Databases,Database Basics,Advanced,Placeholder: Databases - Database Basics (Advanced),Placify Curated Track,https://www.youtube.com/results?search_query=Databases+Database+Basics+tutorial+advanced,30,English,75.0,pending_collection
yt_fullstack_364,Full Stack Development,Databases,Relational Databases,Beginner,Placeholder: Databases - Relational Databases (Beginner),Placify Curated Track,https://www.youtube.com/results?search_query=Databases+Relational+Databases+tutorial+beginner,30,English,75.0,pending_collection
yt_fullstack_365,Full Stack Development,Databases,Relational Databases,Intermediate,Placeholder: Databases - Relational Databases (Intermediate),Placify Curated Track,https://www.youtube.com/results?search_query=Databases+Relational+Databases+tutorial+intermediate,30,English,75.0,pending_collection
yt_fullstack_366,Full Stack Development,Databases,Relational Databases,Advanced,Placeholder: Databases - Relational Databases (Advanced),Placify Curated Track,https://www.youtube.com/results?search_query=Databases+Relational+Databases+tutorial+advanced,30,English,75.0,pending_collection
yt_fullstack_367,Full Stack Development,Databases,NoSQL Databases,Beginner,Placeholder: Databases - NoSQL Databases (Beginner),Placify Curated Track,https://www.youtube.com/results?search_query=Databases+NoSQL+Databases+tutorial+beginner,30,English,75.0,pending_collection
yt_fullstack_368,Full Stack Development,Databases,NoSQL Databases,Intermediate,Placeholder: Databases - NoSQL Databases (Intermediate),Placify Curated Track,https://www.youtube.com/results?search_query=Databases+NoSQL+Databases+tutorial+intermediate,30,English,75.0,pending_collection
yt_fullstack_369,Full Stack Development,Databases,NoSQL Databases,Advanced,Placeholder: Databases - NoSQL Databases (Advanced),Placify Curated Track,https://www.youtube.com/results?search_query=Databases+NoSQL+Databases+tutorial+advanced,30,English,75.0,pending_collection
yt_fullstack_370,Full Stack Development,Databases,Database Design,Beginner,Placeholder: Databases - Database Design (Beginner),Placify Curated Track,https://www.youtube.com/results?search_query=Databases+Database+Design+tutorial+beginner,30,English,75.0,pending_collection
yt_fullstack_371,Full Stack Development,Databases,Database Design,Intermediate,Placeholder: Databases - Database Design (Intermediate),Placify Curated Track,https://www.youtube.com/results?search_query=Databases+Database+Design+tutorial+intermediate,30,English,75.0,pending_collection
yt_fullstack_372,Full Stack Development,Databases,Database Design,Advanced,Placeholder: Databases - Database Design (Advanced),Placify Curated Track,https://www.youtube.com/results?search_query=Databases+Database+Design+tutorial+advanced,30,English,75.0,pending_collection
yt_fullstack_373,Full Stack Development,Databases,Data Modeling,Beginner,Placeholder: Databases - Data Modeling (Beginner),Placify Curated Track,https://www.youtube.com/results?search_query=Databases+Data+Modeling+tutorial+beginner,30,English,75.0,pending_collection
yt_fullstack_374,Full Stack Development,Databases,Data Modeling,Intermediate,Placeholder: Databases - Data Modeling (Intermediate),Placify Curated Track,https://www.youtube.com/results?search_query=Databases+Data+Modeling+tutorial+intermediate,30,English,75.0,pending_collection
yt_fullstack_375,Full Stack Development,Databases,Data Modeling,Advanced,Placeholder: Databases - Data Modeling (Advanced),Placify Curated Track,https://www.youtube.com/results?search_query=Databases+Data+Modeling+tutorial+advanced,30,English,75.0,pending_collection
yt_fullstack_376,Full Stack Development,Databases,CRUD Operations,Beginner,Placeholder: Databases - CRUD Operations (Beginner),Placify Curated Track,https://www.youtube.com/results?search_query=Databases+CRUD+Operations+tutorial+beginner,30,English,75.0,pending_collection
yt_fullstack_377,Full Stack Development,Databases,CRUD Operations,Intermediate,Placeholder: Databases - CRUD Operations (Intermediate),Placify Curated Track,https://www.youtube.com/results?search_query=Databases+CRUD+Operations+tutorial+intermediate,30,English,75.0,pending_collection
yt_fullstack_378,Full Stack Development,Databases,CRUD Operations,Advanced,Placeholder: Databases - CRUD Operations (Advanced),Placify Curated Track,https://www.youtube.com/results?search_query=Databases+CRUD+Operations+tutorial+advanced,30,English,75.0,pending_collection
yt_fullstack_379,Full Stack Development,Databases,Queries,Beginner,Placeholder: Databases - Queries (Beginner),Placify Curated Track,https://www.youtube.com/results?search_query=Databases+Queries+tutorial+beginner,30,English,75.0,pending_collection
yt_fullstack_380,Full Stack Development,Databases,Queries,Intermediate,Placeholder: Databases - Queries (Intermediate),Placify Curated Track,https://www.youtube.com/results?search_query=Databases+Queries+tutorial+intermediate,30,English,75.0,pending_collection
yt_fullstack_381,Full Stack Development,Databases,Queries,Advanced,Placeholder: Databases - Queries (Advanced),Placify Curated Track,https://www.youtube.com/results?search_query=Databases+Queries+tutorial+advanced,30,English,75.0,pending_collection
yt_fullstack_382,Full Stack Development,Databases,Indexes,Beginner,Placeholder: Databases - Indexes (Beginner),Placify Curated Track,https://www.youtube.com/results?search_query=Databases+Indexes+tutorial+beginner,30,English,75.0,pending_collection
yt_fullstack_383,Full Stack Development,Databases,Indexes,Intermediate,Placeholder: Databases - Indexes (Intermediate),Placify Curated Track,https://www.youtube.com/results?search_query=Databases+Indexes+tutorial+intermediate,30,English,75.0,pending_collection
yt_fullstack_384,Full Stack Development,Databases,Indexes,Advanced,Placeholder: Databases - Indexes (Advanced),Placify Curated Track,https://www.youtube.com/results?search_query=Databases+Indexes+tutorial+advanced,30,English,75.0,pending_collection
yt_fullstack_385,Full Stack Development,Databases,Transactions,Beginner,Placeholder: Databases - Transactions (Beginner),Placify Curated Track,https://www.youtube.com/results?search_query=Databases+Transactions+tutorial+beginner,30,English,75.0,pending_collection
yt_fullstack_386,Full Stack Development,Databases,Transactions,Intermediate,Placeholder: Databases - Transactions (Intermediate),Placify Curated Track,https://www.youtube.com/results?search_query=Databases+Transactions+tutorial+intermediate,30,English,75.0,pending_collection
yt_fullstack_387,Full Stack Development,Databases,Transactions,Advanced,Placeholder: Databases - Transactions (Advanced),Placify Curated Track,https://www.youtube.com/results?search_query=Databases+Transactions+tutorial+advanced,30,English,75.0,pending_collection
yt_fullstack_388,Full Stack Development,Databases,Normalization,Beginner,Placeholder: Databases - Normalization (Beginner),Placify Curated Track,https://www.youtube.com/results?search_query=Databases+Normalization+tutorial+beginner,30,English,75.0,pending_collection
yt_fullstack_389,Full Stack Development,Databases,Normalization,Intermediate,Placeholder: Databases - Normalization (Intermediate),Placify Curated Track,https://www.youtube.com/results?search_query=Databases+Normalization+tutorial+intermediate,30,English,75.0,pending_collection
yt_fullstack_390,Full Stack Development,Databases,Normalization,Advanced,Placeholder: Databases - Normalization (Advanced),Placify Curated Track,https://www.youtube.com/results?search_query=Databases+Normalization+tutorial+advanced,30,English,75.0,pending_collection
yt_fullstack_391,Full Stack Development,Databases,Database Security,Beginner,Placeholder: Databases - Database Security (Beginner),Placify Curated Track,https://www.youtube.com/results?search_query=Databases+Database+Security+tutorial+beginner,30,English,75.0,pending_collection
yt_fullstack_392,Full Stack Development,Databases,Database Security,Intermediate,Placeholder: Databases - Database Security (Intermediate),Placify Curated Track,https://www.youtube.com/results?search_query=Databases+Database+Security+tutorial+intermediate,30,English,75.0,pending_collection
yt_fullstack_393,Full Stack Development,Databases,Database Security,Advanced,Placeholder: Databases - Database Security (Advanced),Placify Curated Track,https://www.youtube.com/results?search_query=Databases+Database+Security+tutorial+advanced,30,English,75.0,pending_collection
yt_fullstack_394,Full Stack Development,Databases,Database Integration,Beginner,Placeholder: Databases - Database Integration (Beginner),Placify Curated Track,https://www.youtube.com/results?search_query=Databases+Database+Integration+tutorial+beginner,30,English,75.0,pending_collection
yt_fullstack_395,Full Stack Development,Databases,Database Integration,Intermediate,Placeholder: Databases - Database Integration (Intermediate),Placify Curated Track,https://www.youtube.com/results?search_query=Databases+Database+Integration+tutorial+intermediate,30,English,75.0,pending_collection
yt_fullstack_396,Full Stack Development,Databases,Database Integration,Advanced,Placeholder: Databases - Database Integration (Advanced),Placify Curated Track,https://www.youtube.com/results?search_query=Databases+Database+Integration+tutorial+advanced,30,English,75.0,pending_collection
yt_fullstack_397,Full Stack Development,SQL,Basics,Beginner,Placeholder: SQL - Basics (Beginner),Placify Curated Track,https://www.youtube.com/results?search_query=SQL+Basics+tutorial+beginner,30,English,75.0,pending_collection
yt_fullstack_398,Full Stack Development,SQL,Basics,Intermediate,Placeholder: SQL - Basics (Intermediate),Placify Curated Track,https://www.youtube.com/results?search_query=SQL+Basics+tutorial+intermediate,30,English,75.0,pending_collection
yt_fullstack_399,Full Stack Development,SQL,Basics,Advanced,Placeholder: SQL - Basics (Advanced),Placify Curated Track,https://www.youtube.com/results?search_query=SQL+Basics+tutorial+advanced,30,English,75.0,pending_collection
yt_fullstack_400,Full Stack Development,SQL,SELECT Queries,Beginner,Placeholder: SQL - SELECT Queries (Beginner),Placify Curated Track,https://www.youtube.com/results?search_query=SQL+SELECT+Queries+tutorial+beginner,30,English,75.0,pending_collection
yt_fullstack_401,Full Stack Development,SQL,SELECT Queries,Intermediate,Placeholder: SQL - SELECT Queries (Intermediate),Placify Curated Track,https://www.youtube.com/results?search_query=SQL+SELECT+Queries+tutorial+intermediate,30,English,75.0,pending_collection
yt_fullstack_402,Full Stack Development,SQL,SELECT Queries,Advanced,Placeholder: SQL - SELECT Queries (Advanced),Placify Curated Track,https://www.youtube.com/results?search_query=SQL+SELECT+Queries+tutorial+advanced,30,English,75.0,pending_collection
yt_fullstack_403,Full Stack Development,SQL,Filtering & Sorting,Beginner,Placeholder: SQL - Filtering & Sorting (Beginner),Placify Curated Track,https://www.youtube.com/results?search_query=SQL+Filtering+&+Sorting+tutorial+beginner,30,English,75.0,pending_collection
yt_fullstack_404,Full Stack Development,SQL,Filtering & Sorting,Intermediate,Placeholder: SQL - Filtering & Sorting (Intermediate),Placify Curated Track,https://www.youtube.com/results?search_query=SQL+Filtering+&+Sorting+tutorial+intermediate,30,English,75.0,pending_collection
yt_fullstack_405,Full Stack Development,SQL,Filtering & Sorting,Advanced,Placeholder: SQL - Filtering & Sorting (Advanced),Placify Curated Track,https://www.youtube.com/results?search_query=SQL+Filtering+&+Sorting+tutorial+advanced,30,English,75.0,pending_collection
yt_fullstack_406,Full Stack Development,SQL,Joins,Beginner,Placeholder: SQL - Joins (Beginner),Placify Curated Track,https://www.youtube.com/results?search_query=SQL+Joins+tutorial+beginner,30,English,75.0,pending_collection
yt_fullstack_407,Full Stack Development,SQL,Joins,Intermediate,Placeholder: SQL - Joins (Intermediate),Placify Curated Track,https://www.youtube.com/results?search_query=SQL+Joins+tutorial+intermediate,30,English,75.0,pending_collection
yt_fullstack_408,Full Stack Development,SQL,Joins,Advanced,Placeholder: SQL - Joins (Advanced),Placify Curated Track,https://www.youtube.com/results?search_query=SQL+Joins+tutorial+advanced,30,English,75.0,pending_collection
yt_fullstack_409,Full Stack Development,SQL,Functions,Beginner,Placeholder: SQL - Functions (Beginner),Placify Curated Track,https://www.youtube.com/results?search_query=SQL+Functions+tutorial+beginner,30,English,75.0,pending_collection
yt_fullstack_410,Full Stack Development,SQL,Functions,Intermediate,Placeholder: SQL - Functions (Intermediate),Placify Curated Track,https://www.youtube.com/results?search_query=SQL+Functions+tutorial+intermediate,30,English,75.0,pending_collection
yt_fullstack_411,Full Stack Development,SQL,Functions,Advanced,Placeholder: SQL - Functions (Advanced),Placify Curated Track,https://www.youtube.com/results?search_query=SQL+Functions+tutorial+advanced,30,English,75.0,pending_collection
yt_fullstack_412,Full Stack Development,SQL,Subqueries,Beginner,Placeholder: SQL - Subqueries (Beginner),Placify Curated Track,https://www.youtube.com/results?search_query=SQL+Subqueries+tutorial+beginner,30,English,75.0,pending_collection
yt_fullstack_413,Full Stack Development,SQL,Subqueries,Intermediate,Placeholder: SQL - Subqueries (Intermediate),Placify Curated Track,https://www.youtube.com/results?search_query=SQL+Subqueries+tutorial+intermediate,30,English,75.0,pending_collection
yt_fullstack_414,Full Stack Development,SQL,Subqueries,Advanced,Placeholder: SQL - Subqueries (Advanced),Placify Curated Track,https://www.youtube.com/results?search_query=SQL+Subqueries+tutorial+advanced,30,English,75.0,pending_collection
yt_fullstack_415,Full Stack Development,SQL,Grouping,Beginner,Placeholder: SQL - Grouping (Beginner),Placify Curated Track,https://www.youtube.com/results?search_query=SQL+Grouping+tutorial+beginner,30,English,75.0,pending_collection
yt_fullstack_416,Full Stack Development,SQL,Grouping,Intermediate,Placeholder: SQL - Grouping (Intermediate),Placify Curated Track,https://www.youtube.com/results?search_query=SQL+Grouping+tutorial+intermediate,30,English,75.0,pending_collection
yt_fullstack_417,Full Stack Development,SQL,Grouping,Advanced,Placeholder: SQL - Grouping (Advanced),Placify Curated Track,https://www.youtube.com/results?search_query=SQL+Grouping+tutorial+advanced,30,English,75.0,pending_collection
yt_fullstack_418,Full Stack Development,SQL,Indexes,Beginner,Placeholder: SQL - Indexes (Beginner),Placify Curated Track,https://www.youtube.com/results?search_query=SQL+Indexes+tutorial+beginner,30,English,75.0,pending_collection
yt_fullstack_419,Full Stack Development,SQL,Indexes,Intermediate,Placeholder: SQL - Indexes (Intermediate),Placify Curated Track,https://www.youtube.com/results?search_query=SQL+Indexes+tutorial+intermediate,30,English,75.0,pending_collection
yt_fullstack_420,Full Stack Development,SQL,Indexes,Advanced,Placeholder: SQL - Indexes (Advanced),Placify Curated Track,https://www.youtube.com/results?search_query=SQL+Indexes+tutorial+advanced,30,English,75.0,pending_collection
yt_fullstack_421,Full Stack Development,SQL,Transactions,Beginner,Placeholder: SQL - Transactions (Beginner),Placify Curated Track,https://www.youtube.com/results?search_query=SQL+Transactions+tutorial+beginner,30,English,75.0,pending_collection
yt_fullstack_422,Full Stack Development,SQL,Transactions,Intermediate,Placeholder: SQL - Transactions (Intermediate),Placify Curated Track,https://www.youtube.com/results?search_query=SQL+Transactions+tutorial+intermediate,30,English,75.0,pending_collection
yt_fullstack_423,Full Stack Development,SQL,Transactions,Advanced,Placeholder: SQL - Transactions (Advanced),Placify Curated Track,https://www.youtube.com/results?search_query=SQL+Transactions+tutorial+advanced,30,English,75.0,pending_collection
yt_fullstack_424,Full Stack Development,SQL,Database Design,Beginner,Placeholder: SQL - Database Design (Beginner),Placify Curated Track,https://www.youtube.com/results?search_query=SQL+Database+Design+tutorial+beginner,30,English,75.0,pending_collection
yt_fullstack_425,Full Stack Development,SQL,Database Design,Intermediate,Placeholder: SQL - Database Design (Intermediate),Placify Curated Track,https://www.youtube.com/results?search_query=SQL+Database+Design+tutorial+intermediate,30,English,75.0,pending_collection
yt_fullstack_426,Full Stack Development,SQL,Database Design,Advanced,Placeholder: SQL - Database Design (Advanced),Placify Curated Track,https://www.youtube.com/results?search_query=SQL+Database+Design+tutorial+advanced,30,English,75.0,pending_collection
yt_fullstack_427,Full Stack Development,SQL,Normalization,Beginner,Placeholder: SQL - Normalization (Beginner),Placify Curated Track,https://www.youtube.com/results?search_query=SQL+Normalization+tutorial+beginner,30,English,75.0,pending_collection
yt_fullstack_428,Full Stack Development,SQL,Normalization,Intermediate,Placeholder: SQL - Normalization (Intermediate),Placify Curated Track,https://www.youtube.com/results?search_query=SQL+Normalization+tutorial+intermediate,30,English,75.0,pending_collection
yt_fullstack_429,Full Stack Development,SQL,Normalization,Advanced,Placeholder: SQL - Normalization (Advanced),Placify Curated Track,https://www.youtube.com/results?search_query=SQL+Normalization+tutorial+advanced,30,English,75.0,pending_collection
yt_fullstack_430,Full Stack Development,MongoDB,Basics,Beginner,Placeholder: MongoDB - Basics (Beginner),Placify Curated Track,https://www.youtube.com/results?search_query=MongoDB+Basics+tutorial+beginner,30,English,75.0,pending_collection
yt_fullstack_431,Full Stack Development,MongoDB,Basics,Intermediate,Placeholder: MongoDB - Basics (Intermediate),Placify Curated Track,https://www.youtube.com/results?search_query=MongoDB+Basics+tutorial+intermediate,30,English,75.0,pending_collection
yt_fullstack_432,Full Stack Development,MongoDB,Basics,Advanced,Placeholder: MongoDB - Basics (Advanced),Placify Curated Track,https://www.youtube.com/results?search_query=MongoDB+Basics+tutorial+advanced,30,English,75.0,pending_collection
yt_fullstack_433,Full Stack Development,MongoDB,CRUD Operations,Beginner,Placeholder: MongoDB - CRUD Operations (Beginner),Placify Curated Track,https://www.youtube.com/results?search_query=MongoDB+CRUD+Operations+tutorial+beginner,30,English,75.0,pending_collection
yt_fullstack_434,Full Stack Development,MongoDB,CRUD Operations,Intermediate,Placeholder: MongoDB - CRUD Operations (Intermediate),Placify Curated Track,https://www.youtube.com/results?search_query=MongoDB+CRUD+Operations+tutorial+intermediate,30,English,75.0,pending_collection
yt_fullstack_435,Full Stack Development,MongoDB,CRUD Operations,Advanced,Placeholder: MongoDB - CRUD Operations (Advanced),Placify Curated Track,https://www.youtube.com/results?search_query=MongoDB+CRUD+Operations+tutorial+advanced,30,English,75.0,pending_collection
yt_fullstack_436,Full Stack Development,MongoDB,Queries,Beginner,Placeholder: MongoDB - Queries (Beginner),Placify Curated Track,https://www.youtube.com/results?search_query=MongoDB+Queries+tutorial+beginner,30,English,75.0,pending_collection
yt_fullstack_437,Full Stack Development,MongoDB,Queries,Intermediate,Placeholder: MongoDB - Queries (Intermediate),Placify Curated Track,https://www.youtube.com/results?search_query=MongoDB+Queries+tutorial+intermediate,30,English,75.0,pending_collection
yt_fullstack_438,Full Stack Development,MongoDB,Queries,Advanced,Placeholder: MongoDB - Queries (Advanced),Placify Curated Track,https://www.youtube.com/results?search_query=MongoDB+Queries+tutorial+advanced,30,English,75.0,pending_collection
yt_fullstack_439,Full Stack Development,MongoDB,Indexes,Beginner,Placeholder: MongoDB - Indexes (Beginner),Placify Curated Track,https://www.youtube.com/results?search_query=MongoDB+Indexes+tutorial+beginner,30,English,75.0,pending_collection
yt_fullstack_440,Full Stack Development,MongoDB,Indexes,Intermediate,Placeholder: MongoDB - Indexes (Intermediate),Placify Curated Track,https://www.youtube.com/results?search_query=MongoDB+Indexes+tutorial+intermediate,30,English,75.0,pending_collection
yt_fullstack_441,Full Stack Development,MongoDB,Indexes,Advanced,Placeholder: MongoDB - Indexes (Advanced),Placify Curated Track,https://www.youtube.com/results?search_query=MongoDB+Indexes+tutorial+advanced,30,English,75.0,pending_collection
yt_fullstack_442,Full Stack Development,MongoDB,Aggregation,Beginner,Placeholder: MongoDB - Aggregation (Beginner),Placify Curated Track,https://www.youtube.com/results?search_query=MongoDB+Aggregation+tutorial+beginner,30,English,75.0,pending_collection
yt_fullstack_443,Full Stack Development,MongoDB,Aggregation,Intermediate,Placeholder: MongoDB - Aggregation (Intermediate),Placify Curated Track,https://www.youtube.com/results?search_query=MongoDB+Aggregation+tutorial+intermediate,30,English,75.0,pending_collection
yt_fullstack_444,Full Stack Development,MongoDB,Aggregation,Advanced,Placeholder: MongoDB - Aggregation (Advanced),Placify Curated Track,https://www.youtube.com/results?search_query=MongoDB+Aggregation+tutorial+advanced,30,English,75.0,pending_collection
yt_fullstack_445,Full Stack Development,MongoDB,Schema Design,Beginner,Placeholder: MongoDB - Schema Design (Beginner),Placify Curated Track,https://www.youtube.com/results?search_query=MongoDB+Schema+Design+tutorial+beginner,30,English,75.0,pending_collection
yt_fullstack_446,Full Stack Development,MongoDB,Schema Design,Intermediate,Placeholder: MongoDB - Schema Design (Intermediate),Placify Curated Track,https://www.youtube.com/results?search_query=MongoDB+Schema+Design+tutorial+intermediate,30,English,75.0,pending_collection
yt_fullstack_447,Full Stack Development,MongoDB,Schema Design,Advanced,Placeholder: MongoDB - Schema Design (Advanced),Placify Curated Track,https://www.youtube.com/results?search_query=MongoDB+Schema+Design+tutorial+advanced,30,English,75.0,pending_collection
yt_fullstack_448,Full Stack Development,MongoDB,Data Modeling,Beginner,Placeholder: MongoDB - Data Modeling (Beginner),Placify Curated Track,https://www.youtube.com/results?search_query=MongoDB+Data+Modeling+tutorial+beginner,30,English,75.0,pending_collection
yt_fullstack_449,Full Stack Development,MongoDB,Data Modeling,Intermediate,Placeholder: MongoDB - Data Modeling (Intermediate),Placify Curated Track,https://www.youtube.com/results?search_query=MongoDB+Data+Modeling+tutorial+intermediate,30,English,75.0,pending_collection
yt_fullstack_450,Full Stack Development,MongoDB,Data Modeling,Advanced,Placeholder: MongoDB - Data Modeling (Advanced),Placify Curated Track,https://www.youtube.com/results?search_query=MongoDB+Data+Modeling+tutorial+advanced,30,English,75.0,pending_collection
yt_fullstack_451,Full Stack Development,MongoDB,Relationships,Beginner,Placeholder: MongoDB - Relationships (Beginner),Placify Curated Track,https://www.youtube.com/results?search_query=MongoDB+Relationships+tutorial+beginner,30,English,75.0,pending_collection
yt_fullstack_452,Full Stack Development,MongoDB,Relationships,Intermediate,Placeholder: MongoDB - Relationships (Intermediate),Placify Curated Track,https://www.youtube.com/results?search_query=MongoDB+Relationships+tutorial+intermediate,30,English,75.0,pending_collection
yt_fullstack_453,Full Stack Development,MongoDB,Relationships,Advanced,Placeholder: MongoDB - Relationships (Advanced),Placify Curated Track,https://www.youtube.com/results?search_query=MongoDB+Relationships+tutorial+advanced,30,English,75.0,pending_collection
yt_fullstack_454,Full Stack Development,MongoDB,Transactions,Beginner,Placeholder: MongoDB - Transactions (Beginner),Placify Curated Track,https://www.youtube.com/results?search_query=MongoDB+Transactions+tutorial+beginner,30,English,75.0,pending_collection
yt_fullstack_455,Full Stack Development,MongoDB,Transactions,Intermediate,Placeholder: MongoDB - Transactions (Intermediate),Placify Curated Track,https://www.youtube.com/results?search_query=MongoDB+Transactions+tutorial+intermediate,30,English,75.0,pending_collection
yt_fullstack_456,Full Stack Development,MongoDB,Transactions,Advanced,Placeholder: MongoDB - Transactions (Advanced),Placify Curated Track,https://www.youtube.com/results?search_query=MongoDB+Transactions+tutorial+advanced,30,English,75.0,pending_collection
yt_fullstack_457,Full Stack Development,MongoDB,MongoDB Atlas,Beginner,Placeholder: MongoDB - MongoDB Atlas (Beginner),Placify Curated Track,https://www.youtube.com/results?search_query=MongoDB+MongoDB+Atlas+tutorial+beginner,30,English,75.0,pending_collection
yt_fullstack_458,Full Stack Development,MongoDB,MongoDB Atlas,Intermediate,Placeholder: MongoDB - MongoDB Atlas (Intermediate),Placify Curated Track,https://www.youtube.com/results?search_query=MongoDB+MongoDB+Atlas+tutorial+intermediate,30,English,75.0,pending_collection
yt_fullstack_459,Full Stack Development,MongoDB,MongoDB Atlas,Advanced,Placeholder: MongoDB - MongoDB Atlas (Advanced),Placify Curated Track,https://www.youtube.com/results?search_query=MongoDB+MongoDB+Atlas+tutorial+advanced,30,English,75.0,pending_collection
yt_fullstack_460,Full Stack Development,MongoDB,Projects,Beginner,Placeholder: MongoDB - Projects (Beginner),Placify Curated Track,https://www.youtube.com/results?search_query=MongoDB+Projects+tutorial+beginner,30,English,75.0,pending_collection
yt_fullstack_461,Full Stack Development,MongoDB,Projects,Intermediate,Placeholder: MongoDB - Projects (Intermediate),Placify Curated Track,https://www.youtube.com/results?search_query=MongoDB+Projects+tutorial+intermediate,30,English,75.0,pending_collection
yt_fullstack_462,Full Stack Development,MongoDB,Projects,Advanced,Placeholder: MongoDB - Projects (Advanced),Placify Curated Track,https://www.youtube.com/results?search_query=MongoDB+Projects+tutorial+advanced,30,English,75.0,pending_collection
yt_fullstack_463,Full Stack Development,Backend Development,Backend Basics,Beginner,Placeholder: Backend Development - Backend Basics (Beginner),Placify Curated Track,https://www.youtube.com/results?search_query=Backend+Development+Backend+Basics+tutorial+beginner,30,English,75.0,pending_collection
yt_fullstack_464,Full Stack Development,Backend Development,Backend Basics,Intermediate,Placeholder: Backend Development - Backend Basics (Intermediate),Placify Curated Track,https://www.youtube.com/results?search_query=Backend+Development+Backend+Basics+tutorial+intermediate,30,English,75.0,pending_collection
yt_fullstack_465,Full Stack Development,Backend Development,Backend Basics,Advanced,Placeholder: Backend Development - Backend Basics (Advanced),Placify Curated Track,https://www.youtube.com/results?search_query=Backend+Development+Backend+Basics+tutorial+advanced,30,English,75.0,pending_collection
yt_fullstack_466,Full Stack Development,Backend Development,Server-Side Programming,Beginner,Placeholder: Backend Development - Server-Side Programming (Beginner),Placify Curated Track,https://www.youtube.com/results?search_query=Backend+Development+Server-Side+Programming+tutorial+beginner,30,English,75.0,pending_collection
yt_fullstack_467,Full Stack Development,Backend Development,Server-Side Programming,Intermediate,Placeholder: Backend Development - Server-Side Programming (Intermediate),Placify Curated Track,https://www.youtube.com/results?search_query=Backend+Development+Server-Side+Programming+tutorial+intermediate,30,English,75.0,pending_collection
yt_fullstack_468,Full Stack Development,Backend Development,Server-Side Programming,Advanced,Placeholder: Backend Development - Server-Side Programming (Advanced),Placify Curated Track,https://www.youtube.com/results?search_query=Backend+Development+Server-Side+Programming+tutorial+advanced,30,English,75.0,pending_collection
yt_fullstack_469,Full Stack Development,Backend Development,API Development,Beginner,Placeholder: Backend Development - API Development (Beginner),Placify Curated Track,https://www.youtube.com/results?search_query=Backend+Development+API+Development+tutorial+beginner,30,English,75.0,pending_collection
yt_fullstack_470,Full Stack Development,Backend Development,API Development,Intermediate,Placeholder: Backend Development - API Development (Intermediate),Placify Curated Track,https://www.youtube.com/results?search_query=Backend+Development+API+Development+tutorial+intermediate,30,English,75.0,pending_collection
yt_fullstack_471,Full Stack Development,Backend Development,API Development,Advanced,Placeholder: Backend Development - API Development (Advanced),Placify Curated Track,https://www.youtube.com/results?search_query=Backend+Development+API+Development+tutorial+advanced,30,English,75.0,pending_collection
yt_fullstack_472,Full Stack Development,Backend Development,Database Integration,Beginner,Placeholder: Backend Development - Database Integration (Beginner),Placify Curated Track,https://www.youtube.com/results?search_query=Backend+Development+Database+Integration+tutorial+beginner,30,English,75.0,pending_collection
yt_fullstack_473,Full Stack Development,Backend Development,Database Integration,Intermediate,Placeholder: Backend Development - Database Integration (Intermediate),Placify Curated Track,https://www.youtube.com/results?search_query=Backend+Development+Database+Integration+tutorial+intermediate,30,English,75.0,pending_collection
yt_fullstack_474,Full Stack Development,Backend Development,Database Integration,Advanced,Placeholder: Backend Development - Database Integration (Advanced),Placify Curated Track,https://www.youtube.com/results?search_query=Backend+Development+Database+Integration+tutorial+advanced,30,English,75.0,pending_collection
yt_fullstack_475,Full Stack Development,Backend Development,Middleware,Beginner,Placeholder: Backend Development - Middleware (Beginner),Placify Curated Track,https://www.youtube.com/results?search_query=Backend+Development+Middleware+tutorial+beginner,30,English,75.0,pending_collection
yt_fullstack_476,Full Stack Development,Backend Development,Middleware,Intermediate,Placeholder: Backend Development - Middleware (Intermediate),Placify Curated Track,https://www.youtube.com/results?search_query=Backend+Development+Middleware+tutorial+intermediate,30,English,75.0,pending_collection
yt_fullstack_477,Full Stack Development,Backend Development,Middleware,Advanced,Placeholder: Backend Development - Middleware (Advanced),Placify Curated Track,https://www.youtube.com/results?search_query=Backend+Development+Middleware+tutorial+advanced,30,English,75.0,pending_collection
yt_fullstack_478,Full Stack Development,Backend Development,Authentication,Beginner,Placeholder: Backend Development - Authentication (Beginner),Placify Curated Track,https://www.youtube.com/results?search_query=Backend+Development+Authentication+tutorial+beginner,30,English,75.0,pending_collection
yt_fullstack_479,Full Stack Development,Backend Development,Authentication,Intermediate,Placeholder: Backend Development - Authentication (Intermediate),Placify Curated Track,https://www.youtube.com/results?search_query=Backend+Development+Authentication+tutorial+intermediate,30,English,75.0,pending_collection
yt_fullstack_480,Full Stack Development,Backend Development,Authentication,Advanced,Placeholder: Backend Development - Authentication (Advanced),Placify Curated Track,https://www.youtube.com/results?search_query=Backend+Development+Authentication+tutorial+advanced,30,English,75.0,pending_collection
yt_fullstack_481,Full Stack Development,Backend Development,Authorization,Beginner,Placeholder: Backend Development - Authorization (Beginner),Placify Curated Track,https://www.youtube.com/results?search_query=Backend+Development+Authorization+tutorial+beginner,30,English,75.0,pending_collection
yt_fullstack_482,Full Stack Development,Backend Development,Authorization,Intermediate,Placeholder: Backend Development - Authorization (Intermediate),Placify Curated Track,https://www.youtube.com/results?search_query=Backend+Development+Authorization+tutorial+intermediate,30,English,75.0,pending_collection
yt_fullstack_483,Full Stack Development,Backend Development,Authorization,Advanced,Placeholder: Backend Development - Authorization (Advanced),Placify Curated Track,https://www.youtube.com/results?search_query=Backend+Development+Authorization+tutorial+advanced,30,English,75.0,pending_collection
yt_fullstack_484,Full Stack Development,Backend Development,Validation,Beginner,Placeholder: Backend Development - Validation (Beginner),Placify Curated Track,https://www.youtube.com/results?search_query=Backend+Development+Validation+tutorial+beginner,30,English,75.0,pending_collection
yt_fullstack_485,Full Stack Development,Backend Development,Validation,Intermediate,Placeholder: Backend Development - Validation (Intermediate),Placify Curated Track,https://www.youtube.com/results?search_query=Backend+Development+Validation+tutorial+intermediate,30,English,75.0,pending_collection
yt_fullstack_486,Full Stack Development,Backend Development,Validation,Advanced,Placeholder: Backend Development - Validation (Advanced),Placify Curated Track,https://www.youtube.com/results?search_query=Backend+Development+Validation+tutorial+advanced,30,English,75.0,pending_collection
yt_fullstack_487,Full Stack Development,Backend Development,Error Handling,Beginner,Placeholder: Backend Development - Error Handling (Beginner),Placify Curated Track,https://www.youtube.com/results?search_query=Backend+Development+Error+Handling+tutorial+beginner,30,English,75.0,pending_collection
yt_fullstack_488,Full Stack Development,Backend Development,Error Handling,Intermediate,Placeholder: Backend Development - Error Handling (Intermediate),Placify Curated Track,https://www.youtube.com/results?search_query=Backend+Development+Error+Handling+tutorial+intermediate,30,English,75.0,pending_collection
yt_fullstack_489,Full Stack Development,Backend Development,Error Handling,Advanced,Placeholder: Backend Development - Error Handling (Advanced),Placify Curated Track,https://www.youtube.com/results?search_query=Backend+Development+Error+Handling+tutorial+advanced,30,English,75.0,pending_collection
yt_fullstack_490,Full Stack Development,Backend Development,Security,Beginner,Placeholder: Backend Development - Security (Beginner),Placify Curated Track,https://www.youtube.com/results?search_query=Backend+Development+Security+tutorial+beginner,30,English,75.0,pending_collection
yt_fullstack_491,Full Stack Development,Backend Development,Security,Intermediate,Placeholder: Backend Development - Security (Intermediate),Placify Curated Track,https://www.youtube.com/results?search_query=Backend+Development+Security+tutorial+intermediate,30,English,75.0,pending_collection
yt_fullstack_492,Full Stack Development,Backend Development,Security,Advanced,Placeholder: Backend Development - Security (Advanced),Placify Curated Track,https://www.youtube.com/results?search_query=Backend+Development+Security+tutorial+advanced,30,English,75.0,pending_collection
yt_fullstack_493,Full Stack Development,Backend Development,Backend Architecture,Beginner,Placeholder: Backend Development - Backend Architecture (Beginner),Placify Curated Track,https://www.youtube.com/results?search_query=Backend+Development+Backend+Architecture+tutorial+beginner,30,English,75.0,pending_collection
yt_fullstack_494,Full Stack Development,Backend Development,Backend Architecture,Intermediate,Placeholder: Backend Development - Backend Architecture (Intermediate),Placify Curated Track,https://www.youtube.com/results?search_query=Backend+Development+Backend+Architecture+tutorial+intermediate,30,English,75.0,pending_collection
yt_fullstack_495,Full Stack Development,Backend Development,Backend Architecture,Advanced,Placeholder: Backend Development - Backend Architecture (Advanced),Placify Curated Track,https://www.youtube.com/results?search_query=Backend+Development+Backend+Architecture+tutorial+advanced,30,English,75.0,pending_collection
yt_fullstack_496,Full Stack Development,Backend Development,Backend Projects,Beginner,Placeholder: Backend Development - Backend Projects (Beginner),Placify Curated Track,https://www.youtube.com/results?search_query=Backend+Development+Backend+Projects+tutorial+beginner,30,English,75.0,pending_collection
yt_fullstack_497,Full Stack Development,Backend Development,Backend Projects,Intermediate,Placeholder: Backend Development - Backend Projects (Intermediate),Placify Curated Track,https://www.youtube.com/results?search_query=Backend+Development+Backend+Projects+tutorial+intermediate,30,English,75.0,pending_collection
yt_fullstack_498,Full Stack Development,Backend Development,Backend Projects,Advanced,Placeholder: Backend Development - Backend Projects (Advanced),Placify Curated Track,https://www.youtube.com/results?search_query=Backend+Development+Backend+Projects+tutorial+advanced,30,English,75.0,pending_collection
yt_fullstack_499,Full Stack Development,Frontend Development,Frontend Basics,Beginner,Placeholder: Frontend Development - Frontend Basics (Beginner),Placify Curated Track,https://www.youtube.com/results?search_query=Frontend+Development+Frontend+Basics+tutorial+beginner,30,English,75.0,pending_collection
yt_fullstack_500,Full Stack Development,Frontend Development,Frontend Basics,Intermediate,Placeholder: Frontend Development - Frontend Basics (Intermediate),Placify Curated Track,https://www.youtube.com/results?search_query=Frontend+Development+Frontend+Basics+tutorial+intermediate,30,English,75.0,pending_collection
yt_fullstack_501,Full Stack Development,Frontend Development,Frontend Basics,Advanced,Placeholder: Frontend Development - Frontend Basics (Advanced),Placify Curated Track,https://www.youtube.com/results?search_query=Frontend+Development+Frontend+Basics+tutorial+advanced,30,English,75.0,pending_collection
yt_fullstack_502,Full Stack Development,Frontend Development,HTML & CSS,Beginner,Placeholder: Frontend Development - HTML & CSS (Beginner),Placify Curated Track,https://www.youtube.com/results?search_query=Frontend+Development+HTML+&+CSS+tutorial+beginner,30,English,75.0,pending_collection
yt_fullstack_503,Full Stack Development,Frontend Development,HTML & CSS,Intermediate,Placeholder: Frontend Development - HTML & CSS (Intermediate),Placify Curated Track,https://www.youtube.com/results?search_query=Frontend+Development+HTML+&+CSS+tutorial+intermediate,30,English,75.0,pending_collection
yt_fullstack_504,Full Stack Development,Frontend Development,HTML & CSS,Advanced,Placeholder: Frontend Development - HTML & CSS (Advanced),Placify Curated Track,https://www.youtube.com/results?search_query=Frontend+Development+HTML+&+CSS+tutorial+advanced,30,English,75.0,pending_collection
yt_fullstack_505,Full Stack Development,Frontend Development,JavaScript,Beginner,Placeholder: Frontend Development - JavaScript (Beginner),Placify Curated Track,https://www.youtube.com/results?search_query=Frontend+Development+JavaScript+tutorial+beginner,30,English,75.0,pending_collection
yt_fullstack_506,Full Stack Development,Frontend Development,JavaScript,Intermediate,Placeholder: Frontend Development - JavaScript (Intermediate),Placify Curated Track,https://www.youtube.com/results?search_query=Frontend+Development+JavaScript+tutorial+intermediate,30,English,75.0,pending_collection
yt_fullstack_507,Full Stack Development,Frontend Development,JavaScript,Advanced,Placeholder: Frontend Development - JavaScript (Advanced),Placify Curated Track,https://www.youtube.com/results?search_query=Frontend+Development+JavaScript+tutorial+advanced,30,English,75.0,pending_collection
yt_fullstack_508,Full Stack Development,Frontend Development,Responsive UI,Beginner,Placeholder: Frontend Development - Responsive UI (Beginner),Placify Curated Track,https://www.youtube.com/results?search_query=Frontend+Development+Responsive+UI+tutorial+beginner,30,English,75.0,pending_collection
yt_fullstack_509,Full Stack Development,Frontend Development,Responsive UI,Intermediate,Placeholder: Frontend Development - Responsive UI (Intermediate),Placify Curated Track,https://www.youtube.com/results?search_query=Frontend+Development+Responsive+UI+tutorial+intermediate,30,English,75.0,pending_collection
yt_fullstack_510,Full Stack Development,Frontend Development,Responsive UI,Advanced,Placeholder: Frontend Development - Responsive UI (Advanced),Placify Curated Track,https://www.youtube.com/results?search_query=Frontend+Development+Responsive+UI+tutorial+advanced,30,English,75.0,pending_collection
yt_fullstack_511,Full Stack Development,Frontend Development,UI Components,Beginner,Placeholder: Frontend Development - UI Components (Beginner),Placify Curated Track,https://www.youtube.com/results?search_query=Frontend+Development+UI+Components+tutorial+beginner,30,English,75.0,pending_collection
yt_fullstack_512,Full Stack Development,Frontend Development,UI Components,Intermediate,Placeholder: Frontend Development - UI Components (Intermediate),Placify Curated Track,https://www.youtube.com/results?search_query=Frontend+Development+UI+Components+tutorial+intermediate,30,English,75.0,pending_collection
yt_fullstack_513,Full Stack Development,Frontend Development,UI Components,Advanced,Placeholder: Frontend Development - UI Components (Advanced),Placify Curated Track,https://www.youtube.com/results?search_query=Frontend+Development+UI+Components+tutorial+advanced,30,English,75.0,pending_collection
yt_fullstack_514,Full Stack Development,Frontend Development,Frontend Architecture,Beginner,Placeholder: Frontend Development - Frontend Architecture (Beginner),Placify Curated Track,https://www.youtube.com/results?search_query=Frontend+Development+Frontend+Architecture+tutorial+beginner,30,English,75.0,pending_collection
yt_fullstack_515,Full Stack Development,Frontend Development,Frontend Architecture,Intermediate,Placeholder: Frontend Development - Frontend Architecture (Intermediate),Placify Curated Track,https://www.youtube.com/results?search_query=Frontend+Development+Frontend+Architecture+tutorial+intermediate,30,English,75.0,pending_collection
yt_fullstack_516,Full Stack Development,Frontend Development,Frontend Architecture,Advanced,Placeholder: Frontend Development - Frontend Architecture (Advanced),Placify Curated Track,https://www.youtube.com/results?search_query=Frontend+Development+Frontend+Architecture+tutorial+advanced,30,English,75.0,pending_collection
yt_fullstack_517,Full Stack Development,Frontend Development,State Management,Beginner,Placeholder: Frontend Development - State Management (Beginner),Placify Curated Track,https://www.youtube.com/results?search_query=Frontend+Development+State+Management+tutorial+beginner,30,English,75.0,pending_collection
yt_fullstack_518,Full Stack Development,Frontend Development,State Management,Intermediate,Placeholder: Frontend Development - State Management (Intermediate),Placify Curated Track,https://www.youtube.com/results?search_query=Frontend+Development+State+Management+tutorial+intermediate,30,English,75.0,pending_collection
yt_fullstack_519,Full Stack Development,Frontend Development,State Management,Advanced,Placeholder: Frontend Development - State Management (Advanced),Placify Curated Track,https://www.youtube.com/results?search_query=Frontend+Development+State+Management+tutorial+advanced,30,English,75.0,pending_collection
yt_fullstack_520,Full Stack Development,Frontend Development,API Integration,Beginner,Placeholder: Frontend Development - API Integration (Beginner),Placify Curated Track,https://www.youtube.com/results?search_query=Frontend+Development+API+Integration+tutorial+beginner,30,English,75.0,pending_collection
yt_fullstack_521,Full Stack Development,Frontend Development,API Integration,Intermediate,Placeholder: Frontend Development - API Integration (Intermediate),Placify Curated Track,https://www.youtube.com/results?search_query=Frontend+Development+API+Integration+tutorial+intermediate,30,English,75.0,pending_collection
yt_fullstack_522,Full Stack Development,Frontend Development,API Integration,Advanced,Placeholder: Frontend Development - API Integration (Advanced),Placify Curated Track,https://www.youtube.com/results?search_query=Frontend+Development+API+Integration+tutorial+advanced,30,English,75.0,pending_collection
yt_fullstack_523,Full Stack Development,Frontend Development,Authentication UI,Beginner,Placeholder: Frontend Development - Authentication UI (Beginner),Placify Curated Track,https://www.youtube.com/results?search_query=Frontend+Development+Authentication+UI+tutorial+beginner,30,English,75.0,pending_collection
yt_fullstack_524,Full Stack Development,Frontend Development,Authentication UI,Intermediate,Placeholder: Frontend Development - Authentication UI (Intermediate),Placify Curated Track,https://www.youtube.com/results?search_query=Frontend+Development+Authentication+UI+tutorial+intermediate,30,English,75.0,pending_collection
yt_fullstack_525,Full Stack Development,Frontend Development,Authentication UI,Advanced,Placeholder: Frontend Development - Authentication UI (Advanced),Placify Curated Track,https://www.youtube.com/results?search_query=Frontend+Development+Authentication+UI+tutorial+advanced,30,English,75.0,pending_collection
yt_fullstack_526,Full Stack Development,Frontend Development,Performance Optimization,Beginner,Placeholder: Frontend Development - Performance Optimization (Beginner),Placify Curated Track,https://www.youtube.com/results?search_query=Frontend+Development+Performance+Optimization+tutorial+beginner,30,English,75.0,pending_collection
yt_fullstack_527,Full Stack Development,Frontend Development,Performance Optimization,Intermediate,Placeholder: Frontend Development - Performance Optimization (Intermediate),Placify Curated Track,https://www.youtube.com/results?search_query=Frontend+Development+Performance+Optimization+tutorial+intermediate,30,English,75.0,pending_collection
yt_fullstack_528,Full Stack Development,Frontend Development,Performance Optimization,Advanced,Placeholder: Frontend Development - Performance Optimization (Advanced),Placify Curated Track,https://www.youtube.com/results?search_query=Frontend+Development+Performance+Optimization+tutorial+advanced,30,English,75.0,pending_collection
yt_fullstack_529,Full Stack Development,Frontend Development,Accessibility,Beginner,Placeholder: Frontend Development - Accessibility (Beginner),Placify Curated Track,https://www.youtube.com/results?search_query=Frontend+Development+Accessibility+tutorial+beginner,30,English,75.0,pending_collection
yt_fullstack_530,Full Stack Development,Frontend Development,Accessibility,Intermediate,Placeholder: Frontend Development - Accessibility (Intermediate),Placify Curated Track,https://www.youtube.com/results?search_query=Frontend+Development+Accessibility+tutorial+intermediate,30,English,75.0,pending_collection
yt_fullstack_531,Full Stack Development,Frontend Development,Accessibility,Advanced,Placeholder: Frontend Development - Accessibility (Advanced),Placify Curated Track,https://www.youtube.com/results?search_query=Frontend+Development+Accessibility+tutorial+advanced,30,English,75.0,pending_collection
yt_fullstack_532,Full Stack Development,Frontend Development,Frontend Projects,Beginner,Placeholder: Frontend Development - Frontend Projects (Beginner),Placify Curated Track,https://www.youtube.com/results?search_query=Frontend+Development+Frontend+Projects+tutorial+beginner,30,English,75.0,pending_collection
yt_fullstack_533,Full Stack Development,Frontend Development,Frontend Projects,Intermediate,Placeholder: Frontend Development - Frontend Projects (Intermediate),Placify Curated Track,https://www.youtube.com/results?search_query=Frontend+Development+Frontend+Projects+tutorial+intermediate,30,English,75.0,pending_collection
yt_fullstack_534,Full Stack Development,Frontend Development,Frontend Projects,Advanced,Placeholder: Frontend Development - Frontend Projects (Advanced),Placify Curated Track,https://www.youtube.com/results?search_query=Frontend+Development+Frontend+Projects+tutorial+advanced,30,English,75.0,pending_collection
yt_fullstack_535,Full Stack Development,End-to-End Testing in Full Stack Development,Testing Basics,Beginner,Placeholder: End-to-End Testing in Full Stack Development - Testing Basics (Beginner),Placify Curated Track,https://www.youtube.com/results?search_query=End-to-End+Testing+in+Full+Stack+Development+Testing+Basics+tutorial+beginner,30,English,75.0,pending_collection
yt_fullstack_536,Full Stack Development,End-to-End Testing in Full Stack Development,Testing Basics,Intermediate,Placeholder: End-to-End Testing in Full Stack Development - Testing Basics (Intermediate),Placify Curated Track,https://www.youtube.com/results?search_query=End-to-End+Testing+in+Full+Stack+Development+Testing+Basics+tutorial+intermediate,30,English,75.0,pending_collection
yt_fullstack_537,Full Stack Development,End-to-End Testing in Full Stack Development,Testing Basics,Advanced,Placeholder: End-to-End Testing in Full Stack Development - Testing Basics (Advanced),Placify Curated Track,https://www.youtube.com/results?search_query=End-to-End+Testing+in+Full+Stack+Development+Testing+Basics+tutorial+advanced,30,English,75.0,pending_collection
yt_fullstack_538,Full Stack Development,End-to-End Testing in Full Stack Development,Unit Testing,Beginner,Placeholder: End-to-End Testing in Full Stack Development - Unit Testing (Beginner),Placify Curated Track,https://www.youtube.com/results?search_query=End-to-End+Testing+in+Full+Stack+Development+Unit+Testing+tutorial+beginner,30,English,75.0,pending_collection
yt_fullstack_539,Full Stack Development,End-to-End Testing in Full Stack Development,Unit Testing,Intermediate,Placeholder: End-to-End Testing in Full Stack Development - Unit Testing (Intermediate),Placify Curated Track,https://www.youtube.com/results?search_query=End-to-End+Testing+in+Full+Stack+Development+Unit+Testing+tutorial+intermediate,30,English,75.0,pending_collection
yt_fullstack_540,Full Stack Development,End-to-End Testing in Full Stack Development,Unit Testing,Advanced,Placeholder: End-to-End Testing in Full Stack Development - Unit Testing (Advanced),Placify Curated Track,https://www.youtube.com/results?search_query=End-to-End+Testing+in+Full+Stack+Development+Unit+Testing+tutorial+advanced,30,English,75.0,pending_collection
yt_fullstack_541,Full Stack Development,End-to-End Testing in Full Stack Development,Integration Testing,Beginner,Placeholder: End-to-End Testing in Full Stack Development - Integration Testing (Beginner),Placify Curated Track,https://www.youtube.com/results?search_query=End-to-End+Testing+in+Full+Stack+Development+Integration+Testing+tutorial+beginner,30,English,75.0,pending_collection
yt_fullstack_542,Full Stack Development,End-to-End Testing in Full Stack Development,Integration Testing,Intermediate,Placeholder: End-to-End Testing in Full Stack Development - Integration Testing (Intermediate),Placify Curated Track,https://www.youtube.com/results?search_query=End-to-End+Testing+in+Full+Stack+Development+Integration+Testing+tutorial+intermediate,30,English,75.0,pending_collection
yt_fullstack_543,Full Stack Development,End-to-End Testing in Full Stack Development,Integration Testing,Advanced,Placeholder: End-to-End Testing in Full Stack Development - Integration Testing (Advanced),Placify Curated Track,https://www.youtube.com/results?search_query=End-to-End+Testing+in+Full+Stack+Development+Integration+Testing+tutorial+advanced,30,English,75.0,pending_collection
yt_fullstack_544,Full Stack Development,End-to-End Testing in Full Stack Development,End-to-End Testing,Beginner,Placeholder: End-to-End Testing in Full Stack Development - End-to-End Testing (Beginner),Placify Curated Track,https://www.youtube.com/results?search_query=End-to-End+Testing+in+Full+Stack+Development+End-to-End+Testing+tutorial+beginner,30,English,75.0,pending_collection
yt_fullstack_545,Full Stack Development,End-to-End Testing in Full Stack Development,End-to-End Testing,Intermediate,Placeholder: End-to-End Testing in Full Stack Development - End-to-End Testing (Intermediate),Placify Curated Track,https://www.youtube.com/results?search_query=End-to-End+Testing+in+Full+Stack+Development+End-to-End+Testing+tutorial+intermediate,30,English,75.0,pending_collection
yt_fullstack_546,Full Stack Development,End-to-End Testing in Full Stack Development,End-to-End Testing,Advanced,Placeholder: End-to-End Testing in Full Stack Development - End-to-End Testing (Advanced),Placify Curated Track,https://www.youtube.com/results?search_query=End-to-End+Testing+in+Full+Stack+Development+End-to-End+Testing+tutorial+advanced,30,English,75.0,pending_collection
yt_fullstack_547,Full Stack Development,End-to-End Testing in Full Stack Development,Frontend Testing,Beginner,Placeholder: End-to-End Testing in Full Stack Development - Frontend Testing (Beginner),Placify Curated Track,https://www.youtube.com/results?search_query=End-to-End+Testing+in+Full+Stack+Development+Frontend+Testing+tutorial+beginner,30,English,75.0,pending_collection
yt_fullstack_548,Full Stack Development,End-to-End Testing in Full Stack Development,Frontend Testing,Intermediate,Placeholder: End-to-End Testing in Full Stack Development - Frontend Testing (Intermediate),Placify Curated Track,https://www.youtube.com/results?search_query=End-to-End+Testing+in+Full+Stack+Development+Frontend+Testing+tutorial+intermediate,30,English,75.0,pending_collection
yt_fullstack_549,Full Stack Development,End-to-End Testing in Full Stack Development,Frontend Testing,Advanced,Placeholder: End-to-End Testing in Full Stack Development - Frontend Testing (Advanced),Placify Curated Track,https://www.youtube.com/results?search_query=End-to-End+Testing+in+Full+Stack+Development+Frontend+Testing+tutorial+advanced,30,English,75.0,pending_collection
yt_fullstack_550,Full Stack Development,End-to-End Testing in Full Stack Development,Backend Testing,Beginner,Placeholder: End-to-End Testing in Full Stack Development - Backend Testing (Beginner),Placify Curated Track,https://www.youtube.com/results?search_query=End-to-End+Testing+in+Full+Stack+Development+Backend+Testing+tutorial+beginner,30,English,75.0,pending_collection
yt_fullstack_551,Full Stack Development,End-to-End Testing in Full Stack Development,Backend Testing,Intermediate,Placeholder: End-to-End Testing in Full Stack Development - Backend Testing (Intermediate),Placify Curated Track,https://www.youtube.com/results?search_query=End-to-End+Testing+in+Full+Stack+Development+Backend+Testing+tutorial+intermediate,30,English,75.0,pending_collection
yt_fullstack_552,Full Stack Development,End-to-End Testing in Full Stack Development,Backend Testing,Advanced,Placeholder: End-to-End Testing in Full Stack Development - Backend Testing (Advanced),Placify Curated Track,https://www.youtube.com/results?search_query=End-to-End+Testing+in+Full+Stack+Development+Backend+Testing+tutorial+advanced,30,English,75.0,pending_collection
yt_fullstack_553,Full Stack Development,End-to-End Testing in Full Stack Development,API Testing,Beginner,Placeholder: End-to-End Testing in Full Stack Development - API Testing (Beginner),Placify Curated Track,https://www.youtube.com/results?search_query=End-to-End+Testing+in+Full+Stack+Development+API+Testing+tutorial+beginner,30,English,75.0,pending_collection
yt_fullstack_554,Full Stack Development,End-to-End Testing in Full Stack Development,API Testing,Intermediate,Placeholder: End-to-End Testing in Full Stack Development - API Testing (Intermediate),Placify Curated Track,https://www.youtube.com/results?search_query=End-to-End+Testing+in+Full+Stack+Development+API+Testing+tutorial+intermediate,30,English,75.0,pending_collection
yt_fullstack_555,Full Stack Development,End-to-End Testing in Full Stack Development,API Testing,Advanced,Placeholder: End-to-End Testing in Full Stack Development - API Testing (Advanced),Placify Curated Track,https://www.youtube.com/results?search_query=End-to-End+Testing+in+Full+Stack+Development+API+Testing+tutorial+advanced,30,English,75.0,pending_collection
yt_fullstack_556,Full Stack Development,End-to-End Testing in Full Stack Development,Jest,Beginner,Placeholder: End-to-End Testing in Full Stack Development - Jest (Beginner),Placify Curated Track,https://www.youtube.com/results?search_query=End-to-End+Testing+in+Full+Stack+Development+Jest+tutorial+beginner,30,English,75.0,pending_collection
yt_fullstack_557,Full Stack Development,End-to-End Testing in Full Stack Development,Jest,Intermediate,Placeholder: End-to-End Testing in Full Stack Development - Jest (Intermediate),Placify Curated Track,https://www.youtube.com/results?search_query=End-to-End+Testing+in+Full+Stack+Development+Jest+tutorial+intermediate,30,English,75.0,pending_collection
yt_fullstack_558,Full Stack Development,End-to-End Testing in Full Stack Development,Jest,Advanced,Placeholder: End-to-End Testing in Full Stack Development - Jest (Advanced),Placify Curated Track,https://www.youtube.com/results?search_query=End-to-End+Testing+in+Full+Stack+Development+Jest+tutorial+advanced,30,English,75.0,pending_collection
yt_fullstack_559,Full Stack Development,End-to-End Testing in Full Stack Development,React Testing,Beginner,Placeholder: End-to-End Testing in Full Stack Development - React Testing (Beginner),Placify Curated Track,https://www.youtube.com/results?search_query=End-to-End+Testing+in+Full+Stack+Development+React+Testing+tutorial+beginner,30,English,75.0,pending_collection
yt_fullstack_560,Full Stack Development,End-to-End Testing in Full Stack Development,React Testing,Intermediate,Placeholder: End-to-End Testing in Full Stack Development - React Testing (Intermediate),Placify Curated Track,https://www.youtube.com/results?search_query=End-to-End+Testing+in+Full+Stack+Development+React+Testing+tutorial+intermediate,30,English,75.0,pending_collection
yt_fullstack_561,Full Stack Development,End-to-End Testing in Full Stack Development,React Testing,Advanced,Placeholder: End-to-End Testing in Full Stack Development - React Testing (Advanced),Placify Curated Track,https://www.youtube.com/results?search_query=End-to-End+Testing+in+Full+Stack+Development+React+Testing+tutorial+advanced,30,English,75.0,pending_collection
yt_fullstack_562,Full Stack Development,End-to-End Testing in Full Stack Development,Playwright,Beginner,Placeholder: End-to-End Testing in Full Stack Development - Playwright (Beginner),Placify Curated Track,https://www.youtube.com/results?search_query=End-to-End+Testing+in+Full+Stack+Development+Playwright+tutorial+beginner,30,English,75.0,pending_collection
yt_fullstack_563,Full Stack Development,End-to-End Testing in Full Stack Development,Playwright,Intermediate,Placeholder: End-to-End Testing in Full Stack Development - Playwright (Intermediate),Placify Curated Track,https://www.youtube.com/results?search_query=End-to-End+Testing+in+Full+Stack+Development+Playwright+tutorial+intermediate,30,English,75.0,pending_collection
yt_fullstack_564,Full Stack Development,End-to-End Testing in Full Stack Development,Playwright,Advanced,Placeholder: End-to-End Testing in Full Stack Development - Playwright (Advanced),Placify Curated Track,https://www.youtube.com/results?search_query=End-to-End+Testing+in+Full+Stack+Development+Playwright+tutorial+advanced,30,English,75.0,pending_collection
yt_fullstack_565,Full Stack Development,End-to-End Testing in Full Stack Development,Cypress,Beginner,Placeholder: End-to-End Testing in Full Stack Development - Cypress (Beginner),Placify Curated Track,https://www.youtube.com/results?search_query=End-to-End+Testing+in+Full+Stack+Development+Cypress+tutorial+beginner,30,English,75.0,pending_collection
yt_fullstack_566,Full Stack Development,End-to-End Testing in Full Stack Development,Cypress,Intermediate,Placeholder: End-to-End Testing in Full Stack Development - Cypress (Intermediate),Placify Curated Track,https://www.youtube.com/results?search_query=End-to-End+Testing+in+Full+Stack+Development+Cypress+tutorial+intermediate,30,English,75.0,pending_collection
yt_fullstack_567,Full Stack Development,End-to-End Testing in Full Stack Development,Cypress,Advanced,Placeholder: End-to-End Testing in Full Stack Development - Cypress (Advanced),Placify Curated Track,https://www.youtube.com/results?search_query=End-to-End+Testing+in+Full+Stack+Development+Cypress+tutorial+advanced,30,English,75.0,pending_collection
yt_fullstack_568,Full Stack Development,End-to-End Testing in Full Stack Development,Test Automation,Beginner,Placeholder: End-to-End Testing in Full Stack Development - Test Automation (Beginner),Placify Curated Track,https://www.youtube.com/results?search_query=End-to-End+Testing+in+Full+Stack+Development+Test+Automation+tutorial+beginner,30,English,75.0,pending_collection
yt_fullstack_569,Full Stack Development,End-to-End Testing in Full Stack Development,Test Automation,Intermediate,Placeholder: End-to-End Testing in Full Stack Development - Test Automation (Intermediate),Placify Curated Track,https://www.youtube.com/results?search_query=End-to-End+Testing+in+Full+Stack+Development+Test+Automation+tutorial+intermediate,30,English,75.0,pending_collection
yt_fullstack_570,Full Stack Development,End-to-End Testing in Full Stack Development,Test Automation,Advanced,Placeholder: End-to-End Testing in Full Stack Development - Test Automation (Advanced),Placify Curated Track,https://www.youtube.com/results?search_query=End-to-End+Testing+in+Full+Stack+Development+Test+Automation+tutorial+advanced,30,English,75.0,pending_collection
yt_fullstack_571,Full Stack Development,End-to-End Testing in Full Stack Development,Testing Projects,Beginner,Placeholder: End-to-End Testing in Full Stack Development - Testing Projects (Beginner),Placify Curated Track,https://www.youtube.com/results?search_query=End-to-End+Testing+in+Full+Stack+Development+Testing+Projects+tutorial+beginner,30,English,75.0,pending_collection
yt_fullstack_572,Full Stack Development,End-to-End Testing in Full Stack Development,Testing Projects,Intermediate,Placeholder: End-to-End Testing in Full Stack Development - Testing Projects (Intermediate),Placify Curated Track,https://www.youtube.com/results?search_query=End-to-End+Testing+in+Full+Stack+Development+Testing+Projects+tutorial+intermediate,30,English,75.0,pending_collection
yt_fullstack_573,Full Stack Development,End-to-End Testing in Full Stack Development,Testing Projects,Advanced,Placeholder: End-to-End Testing in Full Stack Development - Testing Projects (Advanced),Placify Curated Track,https://www.youtube.com/results?search_query=End-to-End+Testing+in+Full+Stack+Development+Testing+Projects+tutorial+advanced,30,English,75.0,pending_collection
yt_fullstack_574,Full Stack Development,Full-Stack Deployment & Hosting,Deployment Basics,Beginner,Placeholder: Full-Stack Deployment & Hosting - Deployment Basics (Beginner),Placify Curated Track,https://www.youtube.com/results?search_query=Full-Stack+Deployment+&+Hosting+Deployment+Basics+tutorial+beginner,30,English,75.0,pending_collection
yt_fullstack_575,Full Stack Development,Full-Stack Deployment & Hosting,Deployment Basics,Intermediate,Placeholder: Full-Stack Deployment & Hosting - Deployment Basics (Intermediate),Placify Curated Track,https://www.youtube.com/results?search_query=Full-Stack+Deployment+&+Hosting+Deployment+Basics+tutorial+intermediate,30,English,75.0,pending_collection
yt_fullstack_576,Full Stack Development,Full-Stack Deployment & Hosting,Deployment Basics,Advanced,Placeholder: Full-Stack Deployment & Hosting - Deployment Basics (Advanced),Placify Curated Track,https://www.youtube.com/results?search_query=Full-Stack+Deployment+&+Hosting+Deployment+Basics+tutorial+advanced,30,English,75.0,pending_collection
yt_fullstack_577,Full Stack Development,Full-Stack Deployment & Hosting,Frontend Hosting,Beginner,Placeholder: Full-Stack Deployment & Hosting - Frontend Hosting (Beginner),Placify Curated Track,https://www.youtube.com/results?search_query=Full-Stack+Deployment+&+Hosting+Frontend+Hosting+tutorial+beginner,30,English,75.0,pending_collection
yt_fullstack_578,Full Stack Development,Full-Stack Deployment & Hosting,Frontend Hosting,Intermediate,Placeholder: Full-Stack Deployment & Hosting - Frontend Hosting (Intermediate),Placify Curated Track,https://www.youtube.com/results?search_query=Full-Stack+Deployment+&+Hosting+Frontend+Hosting+tutorial+intermediate,30,English,75.0,pending_collection
yt_fullstack_579,Full Stack Development,Full-Stack Deployment & Hosting,Frontend Hosting,Advanced,Placeholder: Full-Stack Deployment & Hosting - Frontend Hosting (Advanced),Placify Curated Track,https://www.youtube.com/results?search_query=Full-Stack+Deployment+&+Hosting+Frontend+Hosting+tutorial+advanced,30,English,75.0,pending_collection
yt_fullstack_580,Full Stack Development,Full-Stack Deployment & Hosting,Backend Hosting,Beginner,Placeholder: Full-Stack Deployment & Hosting - Backend Hosting (Beginner),Placify Curated Track,https://www.youtube.com/results?search_query=Full-Stack+Deployment+&+Hosting+Backend+Hosting+tutorial+beginner,30,English,75.0,pending_collection
yt_fullstack_581,Full Stack Development,Full-Stack Deployment & Hosting,Backend Hosting,Intermediate,Placeholder: Full-Stack Deployment & Hosting - Backend Hosting (Intermediate),Placify Curated Track,https://www.youtube.com/results?search_query=Full-Stack+Deployment+&+Hosting+Backend+Hosting+tutorial+intermediate,30,English,75.0,pending_collection
yt_fullstack_582,Full Stack Development,Full-Stack Deployment & Hosting,Backend Hosting,Advanced,Placeholder: Full-Stack Deployment & Hosting - Backend Hosting (Advanced),Placify Curated Track,https://www.youtube.com/results?search_query=Full-Stack+Deployment+&+Hosting+Backend+Hosting+tutorial+advanced,30,English,75.0,pending_collection
yt_fullstack_583,Full Stack Development,Full-Stack Deployment & Hosting,Database Hosting,Beginner,Placeholder: Full-Stack Deployment & Hosting - Database Hosting (Beginner),Placify Curated Track,https://www.youtube.com/results?search_query=Full-Stack+Deployment+&+Hosting+Database+Hosting+tutorial+beginner,30,English,75.0,pending_collection
yt_fullstack_584,Full Stack Development,Full-Stack Deployment & Hosting,Database Hosting,Intermediate,Placeholder: Full-Stack Deployment & Hosting - Database Hosting (Intermediate),Placify Curated Track,https://www.youtube.com/results?search_query=Full-Stack+Deployment+&+Hosting+Database+Hosting+tutorial+intermediate,30,English,75.0,pending_collection
yt_fullstack_585,Full Stack Development,Full-Stack Deployment & Hosting,Database Hosting,Advanced,Placeholder: Full-Stack Deployment & Hosting - Database Hosting (Advanced),Placify Curated Track,https://www.youtube.com/results?search_query=Full-Stack+Deployment+&+Hosting+Database+Hosting+tutorial+advanced,30,English,75.0,pending_collection
yt_fullstack_586,Full Stack Development,Full-Stack Deployment & Hosting,Cloud Deployment,Beginner,Placeholder: Full-Stack Deployment & Hosting - Cloud Deployment (Beginner),Placify Curated Track,https://www.youtube.com/results?search_query=Full-Stack+Deployment+&+Hosting+Cloud+Deployment+tutorial+beginner,30,English,75.0,pending_collection
yt_fullstack_587,Full Stack Development,Full-Stack Deployment & Hosting,Cloud Deployment,Intermediate,Placeholder: Full-Stack Deployment & Hosting - Cloud Deployment (Intermediate),Placify Curated Track,https://www.youtube.com/results?search_query=Full-Stack+Deployment+&+Hosting+Cloud+Deployment+tutorial+intermediate,30,English,75.0,pending_collection
yt_fullstack_588,Full Stack Development,Full-Stack Deployment & Hosting,Cloud Deployment,Advanced,Placeholder: Full-Stack Deployment & Hosting - Cloud Deployment (Advanced),Placify Curated Track,https://www.youtube.com/results?search_query=Full-Stack+Deployment+&+Hosting+Cloud+Deployment+tutorial+advanced,30,English,75.0,pending_collection
yt_fullstack_589,Full Stack Development,Full-Stack Deployment & Hosting,Environment Variables,Beginner,Placeholder: Full-Stack Deployment & Hosting - Environment Variables (Beginner),Placify Curated Track,https://www.youtube.com/results?search_query=Full-Stack+Deployment+&+Hosting+Environment+Variables+tutorial+beginner,30,English,75.0,pending_collection
yt_fullstack_590,Full Stack Development,Full-Stack Deployment & Hosting,Environment Variables,Intermediate,Placeholder: Full-Stack Deployment & Hosting - Environment Variables (Intermediate),Placify Curated Track,https://www.youtube.com/results?search_query=Full-Stack+Deployment+&+Hosting+Environment+Variables+tutorial+intermediate,30,English,75.0,pending_collection
yt_fullstack_591,Full Stack Development,Full-Stack Deployment & Hosting,Environment Variables,Advanced,Placeholder: Full-Stack Deployment & Hosting - Environment Variables (Advanced),Placify Curated Track,https://www.youtube.com/results?search_query=Full-Stack+Deployment+&+Hosting+Environment+Variables+tutorial+advanced,30,English,75.0,pending_collection
yt_fullstack_592,Full Stack Development,Full-Stack Deployment & Hosting,CI/CD,Beginner,Placeholder: Full-Stack Deployment & Hosting - CI/CD (Beginner),Placify Curated Track,https://www.youtube.com/results?search_query=Full-Stack+Deployment+&+Hosting+CI/CD+tutorial+beginner,30,English,75.0,pending_collection
yt_fullstack_593,Full Stack Development,Full-Stack Deployment & Hosting,CI/CD,Intermediate,Placeholder: Full-Stack Deployment & Hosting - CI/CD (Intermediate),Placify Curated Track,https://www.youtube.com/results?search_query=Full-Stack+Deployment+&+Hosting+CI/CD+tutorial+intermediate,30,English,75.0,pending_collection
yt_fullstack_594,Full Stack Development,Full-Stack Deployment & Hosting,CI/CD,Advanced,Placeholder: Full-Stack Deployment & Hosting - CI/CD (Advanced),Placify Curated Track,https://www.youtube.com/results?search_query=Full-Stack+Deployment+&+Hosting+CI/CD+tutorial+advanced,30,English,75.0,pending_collection
yt_fullstack_595,Full Stack Development,Full-Stack Deployment & Hosting,Domain & DNS,Beginner,Placeholder: Full-Stack Deployment & Hosting - Domain & DNS (Beginner),Placify Curated Track,https://www.youtube.com/results?search_query=Full-Stack+Deployment+&+Hosting+Domain+&+DNS+tutorial+beginner,30,English,75.0,pending_collection
yt_fullstack_596,Full Stack Development,Full-Stack Deployment & Hosting,Domain & DNS,Intermediate,Placeholder: Full-Stack Deployment & Hosting - Domain & DNS (Intermediate),Placify Curated Track,https://www.youtube.com/results?search_query=Full-Stack+Deployment+&+Hosting+Domain+&+DNS+tutorial+intermediate,30,English,75.0,pending_collection
yt_fullstack_597,Full Stack Development,Full-Stack Deployment & Hosting,Domain & DNS,Advanced,Placeholder: Full-Stack Deployment & Hosting - Domain & DNS (Advanced),Placify Curated Track,https://www.youtube.com/results?search_query=Full-Stack+Deployment+&+Hosting+Domain+&+DNS+tutorial+advanced,30,English,75.0,pending_collection
yt_fullstack_598,Full Stack Development,Full-Stack Deployment & Hosting,SSL & HTTPS,Beginner,Placeholder: Full-Stack Deployment & Hosting - SSL & HTTPS (Beginner),Placify Curated Track,https://www.youtube.com/results?search_query=Full-Stack+Deployment+&+Hosting+SSL+&+HTTPS+tutorial+beginner,30,English,75.0,pending_collection
yt_fullstack_599,Full Stack Development,Full-Stack Deployment & Hosting,SSL & HTTPS,Intermediate,Placeholder: Full-Stack Deployment & Hosting - SSL & HTTPS (Intermediate),Placify Curated Track,https://www.youtube.com/results?search_query=Full-Stack+Deployment+&+Hosting+SSL+&+HTTPS+tutorial+intermediate,30,English,75.0,pending_collection
yt_fullstack_600,Full Stack Development,Full-Stack Deployment & Hosting,SSL & HTTPS,Advanced,Placeholder: Full-Stack Deployment & Hosting - SSL & HTTPS (Advanced),Placify Curated Track,https://www.youtube.com/results?search_query=Full-Stack+Deployment+&+Hosting+SSL+&+HTTPS+tutorial+advanced,30,English,75.0,pending_collection
yt_fullstack_601,Full Stack Development,Full-Stack Deployment & Hosting,Nginx,Beginner,Placeholder: Full-Stack Deployment & Hosting - Nginx (Beginner),Placify Curated Track,https://www.youtube.com/results?search_query=Full-Stack+Deployment+&+Hosting+Nginx+tutorial+beginner,30,English,75.0,pending_collection
yt_fullstack_602,Full Stack Development,Full-Stack Deployment & Hosting,Nginx,Intermediate,Placeholder: Full-Stack Deployment & Hosting - Nginx (Intermediate),Placify Curated Track,https://www.youtube.com/results?search_query=Full-Stack+Deployment+&+Hosting+Nginx+tutorial+intermediate,30,English,75.0,pending_collection
yt_fullstack_603,Full Stack Development,Full-Stack Deployment & Hosting,Nginx,Advanced,Placeholder: Full-Stack Deployment & Hosting - Nginx (Advanced),Placify Curated Track,https://www.youtube.com/results?search_query=Full-Stack+Deployment+&+Hosting+Nginx+tutorial+advanced,30,English,75.0,pending_collection
yt_fullstack_604,Full Stack Development,Full-Stack Deployment & Hosting,Monitoring,Beginner,Placeholder: Full-Stack Deployment & Hosting - Monitoring (Beginner),Placify Curated Track,https://www.youtube.com/results?search_query=Full-Stack+Deployment+&+Hosting+Monitoring+tutorial+beginner,30,English,75.0,pending_collection
yt_fullstack_605,Full Stack Development,Full-Stack Deployment & Hosting,Monitoring,Intermediate,Placeholder: Full-Stack Deployment & Hosting - Monitoring (Intermediate),Placify Curated Track,https://www.youtube.com/results?search_query=Full-Stack+Deployment+&+Hosting+Monitoring+tutorial+intermediate,30,English,75.0,pending_collection
yt_fullstack_606,Full Stack Development,Full-Stack Deployment & Hosting,Monitoring,Advanced,Placeholder: Full-Stack Deployment & Hosting - Monitoring (Advanced),Placify Curated Track,https://www.youtube.com/results?search_query=Full-Stack+Deployment+&+Hosting+Monitoring+tutorial+advanced,30,English,75.0,pending_collection
yt_fullstack_607,Full Stack Development,Full-Stack Deployment & Hosting,Deployment Projects,Beginner,Placeholder: Full-Stack Deployment & Hosting - Deployment Projects (Beginner),Placify Curated Track,https://www.youtube.com/results?search_query=Full-Stack+Deployment+&+Hosting+Deployment+Projects+tutorial+beginner,30,English,75.0,pending_collection
yt_fullstack_608,Full Stack Development,Full-Stack Deployment & Hosting,Deployment Projects,Intermediate,Placeholder: Full-Stack Deployment & Hosting - Deployment Projects (Intermediate),Placify Curated Track,https://www.youtube.com/results?search_query=Full-Stack+Deployment+&+Hosting+Deployment+Projects+tutorial+intermediate,30,English,75.0,pending_collection
yt_fullstack_609,Full Stack Development,Full-Stack Deployment & Hosting,Deployment Projects,Advanced,Placeholder: Full-Stack Deployment & Hosting - Deployment Projects (Advanced),Placify Curated Track,https://www.youtube.com/results?search_query=Full-Stack+Deployment+&+Hosting+Deployment+Projects+tutorial+advanced,30,English,75.0,pending_collection
yt_fullstack_610,Full Stack Development,Docker,Basics,Beginner,Placeholder: Docker - Basics (Beginner),Placify Curated Track,https://www.youtube.com/results?search_query=Docker+Basics+tutorial+beginner,30,English,75.0,pending_collection
yt_fullstack_611,Full Stack Development,Docker,Basics,Intermediate,Placeholder: Docker - Basics (Intermediate),Placify Curated Track,https://www.youtube.com/results?search_query=Docker+Basics+tutorial+intermediate,30,English,75.0,pending_collection
yt_fullstack_612,Full Stack Development,Docker,Basics,Advanced,Placeholder: Docker - Basics (Advanced),Placify Curated Track,https://www.youtube.com/results?search_query=Docker+Basics+tutorial+advanced,30,English,75.0,pending_collection
yt_fullstack_613,Full Stack Development,Docker,Images,Beginner,Placeholder: Docker - Images (Beginner),Placify Curated Track,https://www.youtube.com/results?search_query=Docker+Images+tutorial+beginner,30,English,75.0,pending_collection
yt_fullstack_614,Full Stack Development,Docker,Images,Intermediate,Placeholder: Docker - Images (Intermediate),Placify Curated Track,https://www.youtube.com/results?search_query=Docker+Images+tutorial+intermediate,30,English,75.0,pending_collection
yt_fullstack_615,Full Stack Development,Docker,Images,Advanced,Placeholder: Docker - Images (Advanced),Placify Curated Track,https://www.youtube.com/results?search_query=Docker+Images+tutorial+advanced,30,English,75.0,pending_collection
yt_fullstack_616,Full Stack Development,Docker,Containers,Beginner,Placeholder: Docker - Containers (Beginner),Placify Curated Track,https://www.youtube.com/results?search_query=Docker+Containers+tutorial+beginner,30,English,75.0,pending_collection
yt_fullstack_617,Full Stack Development,Docker,Containers,Intermediate,Placeholder: Docker - Containers (Intermediate),Placify Curated Track,https://www.youtube.com/results?search_query=Docker+Containers+tutorial+intermediate,30,English,75.0,pending_collection
yt_fullstack_618,Full Stack Development,Docker,Containers,Advanced,Placeholder: Docker - Containers (Advanced),Placify Curated Track,https://www.youtube.com/results?search_query=Docker+Containers+tutorial+advanced,30,English,75.0,pending_collection
yt_fullstack_619,Full Stack Development,Docker,Dockerfile,Beginner,Placeholder: Docker - Dockerfile (Beginner),Placify Curated Track,https://www.youtube.com/results?search_query=Docker+Dockerfile+tutorial+beginner,30,English,75.0,pending_collection
yt_fullstack_620,Full Stack Development,Docker,Dockerfile,Intermediate,Placeholder: Docker - Dockerfile (Intermediate),Placify Curated Track,https://www.youtube.com/results?search_query=Docker+Dockerfile+tutorial+intermediate,30,English,75.0,pending_collection
yt_fullstack_621,Full Stack Development,Docker,Dockerfile,Advanced,Placeholder: Docker - Dockerfile (Advanced),Placify Curated Track,https://www.youtube.com/results?search_query=Docker+Dockerfile+tutorial+advanced,30,English,75.0,pending_collection
yt_fullstack_622,Full Stack Development,Docker,Docker Compose,Beginner,Placeholder: Docker - Docker Compose (Beginner),Placify Curated Track,https://www.youtube.com/results?search_query=Docker+Docker+Compose+tutorial+beginner,30,English,75.0,pending_collection
yt_fullstack_623,Full Stack Development,Docker,Docker Compose,Intermediate,Placeholder: Docker - Docker Compose (Intermediate),Placify Curated Track,https://www.youtube.com/results?search_query=Docker+Docker+Compose+tutorial+intermediate,30,English,75.0,pending_collection
yt_fullstack_624,Full Stack Development,Docker,Docker Compose,Advanced,Placeholder: Docker - Docker Compose (Advanced),Placify Curated Track,https://www.youtube.com/results?search_query=Docker+Docker+Compose+tutorial+advanced,30,English,75.0,pending_collection
yt_fullstack_625,Full Stack Development,Docker,Networking,Beginner,Placeholder: Docker - Networking (Beginner),Placify Curated Track,https://www.youtube.com/results?search_query=Docker+Networking+tutorial+beginner,30,English,75.0,pending_collection
yt_fullstack_626,Full Stack Development,Docker,Networking,Intermediate,Placeholder: Docker - Networking (Intermediate),Placify Curated Track,https://www.youtube.com/results?search_query=Docker+Networking+tutorial+intermediate,30,English,75.0,pending_collection
yt_fullstack_627,Full Stack Development,Docker,Networking,Advanced,Placeholder: Docker - Networking (Advanced),Placify Curated Track,https://www.youtube.com/results?search_query=Docker+Networking+tutorial+advanced,30,English,75.0,pending_collection
yt_fullstack_628,Full Stack Development,Docker,Volumes,Beginner,Placeholder: Docker - Volumes (Beginner),Placify Curated Track,https://www.youtube.com/results?search_query=Docker+Volumes+tutorial+beginner,30,English,75.0,pending_collection
yt_fullstack_629,Full Stack Development,Docker,Volumes,Intermediate,Placeholder: Docker - Volumes (Intermediate),Placify Curated Track,https://www.youtube.com/results?search_query=Docker+Volumes+tutorial+intermediate,30,English,75.0,pending_collection
yt_fullstack_630,Full Stack Development,Docker,Volumes,Advanced,Placeholder: Docker - Volumes (Advanced),Placify Curated Track,https://www.youtube.com/results?search_query=Docker+Volumes+tutorial+advanced,30,English,75.0,pending_collection
yt_fullstack_631,Full Stack Development,Docker,Deployment,Beginner,Placeholder: Docker - Deployment (Beginner),Placify Curated Track,https://www.youtube.com/results?search_query=Docker+Deployment+tutorial+beginner,30,English,75.0,pending_collection
yt_fullstack_632,Full Stack Development,Docker,Deployment,Intermediate,Placeholder: Docker - Deployment (Intermediate),Placify Curated Track,https://www.youtube.com/results?search_query=Docker+Deployment+tutorial+intermediate,30,English,75.0,pending_collection
yt_fullstack_633,Full Stack Development,Docker,Deployment,Advanced,Placeholder: Docker - Deployment (Advanced),Placify Curated Track,https://www.youtube.com/results?search_query=Docker+Deployment+tutorial+advanced,30,English,75.0,pending_collection
yt_fullstack_634,Full Stack Development,Docker,Docker Projects,Beginner,Placeholder: Docker - Docker Projects (Beginner),Placify Curated Track,https://www.youtube.com/results?search_query=Docker+Docker+Projects+tutorial+beginner,30,English,75.0,pending_collection
yt_fullstack_635,Full Stack Development,Docker,Docker Projects,Intermediate,Placeholder: Docker - Docker Projects (Intermediate),Placify Curated Track,https://www.youtube.com/results?search_query=Docker+Docker+Projects+tutorial+intermediate,30,English,75.0,pending_collection
yt_fullstack_636,Full Stack Development,Docker,Docker Projects,Advanced,Placeholder: Docker - Docker Projects (Advanced),Placify Curated Track,https://www.youtube.com/results?search_query=Docker+Docker+Projects+tutorial+advanced,30,English,75.0,pending_collection
yt_fullstack_637,Full Stack Development,Full Stack Projects,Beginner Projects,Beginner,Placeholder: Full Stack Projects - Beginner Projects (Beginner),Placify Curated Track,https://www.youtube.com/results?search_query=Full+Stack+Projects+Beginner+Projects+tutorial+beginner,30,English,75.0,pending_collection
yt_fullstack_638,Full Stack Development,Full Stack Projects,Beginner Projects,Intermediate,Placeholder: Full Stack Projects - Beginner Projects (Intermediate),Placify Curated Track,https://www.youtube.com/results?search_query=Full+Stack+Projects+Beginner+Projects+tutorial+intermediate,30,English,75.0,pending_collection
yt_fullstack_639,Full Stack Development,Full Stack Projects,Beginner Projects,Advanced,Placeholder: Full Stack Projects - Beginner Projects (Advanced),Placify Curated Track,https://www.youtube.com/results?search_query=Full+Stack+Projects+Beginner+Projects+tutorial+advanced,30,English,75.0,pending_collection
yt_fullstack_640,Full Stack Development,Full Stack Projects,Frontend Projects,Beginner,Placeholder: Full Stack Projects - Frontend Projects (Beginner),Placify Curated Track,https://www.youtube.com/results?search_query=Full+Stack+Projects+Frontend+Projects+tutorial+beginner,30,English,75.0,pending_collection
yt_fullstack_641,Full Stack Development,Full Stack Projects,Frontend Projects,Intermediate,Placeholder: Full Stack Projects - Frontend Projects (Intermediate),Placify Curated Track,https://www.youtube.com/results?search_query=Full+Stack+Projects+Frontend+Projects+tutorial+intermediate,30,English,75.0,pending_collection
yt_fullstack_642,Full Stack Development,Full Stack Projects,Frontend Projects,Advanced,Placeholder: Full Stack Projects - Frontend Projects (Advanced),Placify Curated Track,https://www.youtube.com/results?search_query=Full+Stack+Projects+Frontend+Projects+tutorial+advanced,30,English,75.0,pending_collection
yt_fullstack_643,Full Stack Development,Full Stack Projects,Backend Projects,Beginner,Placeholder: Full Stack Projects - Backend Projects (Beginner),Placify Curated Track,https://www.youtube.com/results?search_query=Full+Stack+Projects+Backend+Projects+tutorial+beginner,30,English,75.0,pending_collection
yt_fullstack_644,Full Stack Development,Full Stack Projects,Backend Projects,Intermediate,Placeholder: Full Stack Projects - Backend Projects (Intermediate),Placify Curated Track,https://www.youtube.com/results?search_query=Full+Stack+Projects+Backend+Projects+tutorial+intermediate,30,English,75.0,pending_collection
yt_fullstack_645,Full Stack Development,Full Stack Projects,Backend Projects,Advanced,Placeholder: Full Stack Projects - Backend Projects (Advanced),Placify Curated Track,https://www.youtube.com/results?search_query=Full+Stack+Projects+Backend+Projects+tutorial+advanced,30,English,75.0,pending_collection
yt_fullstack_646,Full Stack Development,Full Stack Projects,MERN Projects,Beginner,Placeholder: Full Stack Projects - MERN Projects (Beginner),Placify Curated Track,https://www.youtube.com/results?search_query=Full+Stack+Projects+MERN+Projects+tutorial+beginner,30,English,75.0,pending_collection
yt_fullstack_647,Full Stack Development,Full Stack Projects,MERN Projects,Intermediate,Placeholder: Full Stack Projects - MERN Projects (Intermediate),Placify Curated Track,https://www.youtube.com/results?search_query=Full+Stack+Projects+MERN+Projects+tutorial+intermediate,30,English,75.0,pending_collection
yt_fullstack_648,Full Stack Development,Full Stack Projects,MERN Projects,Advanced,Placeholder: Full Stack Projects - MERN Projects (Advanced),Placify Curated Track,https://www.youtube.com/results?search_query=Full+Stack+Projects+MERN+Projects+tutorial+advanced,30,English,75.0,pending_collection
yt_fullstack_649,Full Stack Development,Full Stack Projects,Full Stack Applications,Beginner,Placeholder: Full Stack Projects - Full Stack Applications (Beginner),Placify Curated Track,https://www.youtube.com/results?search_query=Full+Stack+Projects+Full+Stack+Applications+tutorial+beginner,30,English,75.0,pending_collection
yt_fullstack_650,Full Stack Development,Full Stack Projects,Full Stack Applications,Intermediate,Placeholder: Full Stack Projects - Full Stack Applications (Intermediate),Placify Curated Track,https://www.youtube.com/results?search_query=Full+Stack+Projects+Full+Stack+Applications+tutorial+intermediate,30,English,75.0,pending_collection
yt_fullstack_651,Full Stack Development,Full Stack Projects,Full Stack Applications,Advanced,Placeholder: Full Stack Projects - Full Stack Applications (Advanced),Placify Curated Track,https://www.youtube.com/results?search_query=Full+Stack+Projects+Full+Stack+Applications+tutorial+advanced,30,English,75.0,pending_collection
yt_fullstack_652,Full Stack Development,Full Stack Projects,E-commerce Projects,Beginner,Placeholder: Full Stack Projects - E-commerce Projects (Beginner),Placify Curated Track,https://www.youtube.com/results?search_query=Full+Stack+Projects+E-commerce+Projects+tutorial+beginner,30,English,75.0,pending_collection
yt_fullstack_653,Full Stack Development,Full Stack Projects,E-commerce Projects,Intermediate,Placeholder: Full Stack Projects - E-commerce Projects (Intermediate),Placify Curated Track,https://www.youtube.com/results?search_query=Full+Stack+Projects+E-commerce+Projects+tutorial+intermediate,30,English,75.0,pending_collection
yt_fullstack_654,Full Stack Development,Full Stack Projects,E-commerce Projects,Advanced,Placeholder: Full Stack Projects - E-commerce Projects (Advanced),Placify Curated Track,https://www.youtube.com/results?search_query=Full+Stack+Projects+E-commerce+Projects+tutorial+advanced,30,English,75.0,pending_collection
yt_fullstack_655,Full Stack Development,Full Stack Projects,Authentication Projects,Beginner,Placeholder: Full Stack Projects - Authentication Projects (Beginner),Placify Curated Track,https://www.youtube.com/results?search_query=Full+Stack+Projects+Authentication+Projects+tutorial+beginner,30,English,75.0,pending_collection
yt_fullstack_656,Full Stack Development,Full Stack Projects,Authentication Projects,Intermediate,Placeholder: Full Stack Projects - Authentication Projects (Intermediate),Placify Curated Track,https://www.youtube.com/results?search_query=Full+Stack+Projects+Authentication+Projects+tutorial+intermediate,30,English,75.0,pending_collection
yt_fullstack_657,Full Stack Development,Full Stack Projects,Authentication Projects,Advanced,Placeholder: Full Stack Projects - Authentication Projects (Advanced),Placify Curated Track,https://www.youtube.com/results?search_query=Full+Stack+Projects+Authentication+Projects+tutorial+advanced,30,English,75.0,pending_collection
yt_fullstack_658,Full Stack Development,Full Stack Projects,CRUD Projects,Beginner,Placeholder: Full Stack Projects - CRUD Projects (Beginner),Placify Curated Track,https://www.youtube.com/results?search_query=Full+Stack+Projects+CRUD+Projects+tutorial+beginner,30,English,75.0,pending_collection
yt_fullstack_659,Full Stack Development,Full Stack Projects,CRUD Projects,Intermediate,Placeholder: Full Stack Projects - CRUD Projects (Intermediate),Placify Curated Track,https://www.youtube.com/results?search_query=Full+Stack+Projects+CRUD+Projects+tutorial+intermediate,30,English,75.0,pending_collection
yt_fullstack_660,Full Stack Development,Full Stack Projects,CRUD Projects,Advanced,Placeholder: Full Stack Projects - CRUD Projects (Advanced),Placify Curated Track,https://www.youtube.com/results?search_query=Full+Stack+Projects+CRUD+Projects+tutorial+advanced,30,English,75.0,pending_collection
yt_fullstack_661,Full Stack Development,Full Stack Projects,API Projects,Beginner,Placeholder: Full Stack Projects - API Projects (Beginner),Placify Curated Track,https://www.youtube.com/results?search_query=Full+Stack+Projects+API+Projects+tutorial+beginner,30,English,75.0,pending_collection
yt_fullstack_662,Full Stack Development,Full Stack Projects,API Projects,Intermediate,Placeholder: Full Stack Projects - API Projects (Intermediate),Placify Curated Track,https://www.youtube.com/results?search_query=Full+Stack+Projects+API+Projects+tutorial+intermediate,30,English,75.0,pending_collection
yt_fullstack_663,Full Stack Development,Full Stack Projects,API Projects,Advanced,Placeholder: Full Stack Projects - API Projects (Advanced),Placify Curated Track,https://www.youtube.com/results?search_query=Full+Stack+Projects+API+Projects+tutorial+advanced,30,English,75.0,pending_collection
yt_fullstack_664,Full Stack Development,Full Stack Projects,Deployment Projects,Beginner,Placeholder: Full Stack Projects - Deployment Projects (Beginner),Placify Curated Track,https://www.youtube.com/results?search_query=Full+Stack+Projects+Deployment+Projects+tutorial+beginner,30,English,75.0,pending_collection
yt_fullstack_665,Full Stack Development,Full Stack Projects,Deployment Projects,Intermediate,Placeholder: Full Stack Projects - Deployment Projects (Intermediate),Placify Curated Track,https://www.youtube.com/results?search_query=Full+Stack+Projects+Deployment+Projects+tutorial+intermediate,30,English,75.0,pending_collection
yt_fullstack_666,Full Stack Development,Full Stack Projects,Deployment Projects,Advanced,Placeholder: Full Stack Projects - Deployment Projects (Advanced),Placify Curated Track,https://www.youtube.com/results?search_query=Full+Stack+Projects+Deployment+Projects+tutorial+advanced,30,English,75.0,pending_collection
