audit_category,resource_id,title,current_topic,current_subtopic,current_level,current_language,quality_score,channel,url
Animations,yt_html_122,CSS Tutorial In Hindi (With Notes) 🔥,CSS,Basics|Selectors|Box Model|Colors & Backgrounds|Typography|Positioning|Flexbox|CSS Grid|Responsive Design|Animations & Transitions|Advanced CSS|Projects,Beginner,Hindi,84.76,CodeWithHarry,https://www.youtube.com/watch?v=Edsxf_NBFrw
Animations,yt_html_505,React Performance Optimization Patterns Course,React,Performance,Advanced,English,84.65,freeCodeCamp.org,https://www.youtube.com/watch?v=keTcXT145CI
Animations,yt_html_478,ReactJS Full Course | ReactJS - Learn Everything | Sheryians Coding School,React,Basics|Components|JSX|Props|State|Hooks|Events & Forms|Conditional Rendering|Lists & Keys|Context API|Routing|API Integration|State Management|Performance|Authentication|Projects,Intermediate,English,84.17,Sheryians Coding School,https://www.youtube.com/watch?v=3LRZRSIh_KE
Animations,yt_html_112,CSS Tutorial - Zero to Hero (Complete Course),CSS,Basics|Selectors|Box Model|Colors & Backgrounds|Typography|Positioning|Flexbox|CSS Grid|Responsive Design|Animations & Transitions|Advanced CSS|Projects,Intermediate,English,83.33,freeCodeCamp.org,https://www.youtube.com/watch?v=1Rs2ND1ryYc
Animations,yt_html_049,HTML & CSS Full Course - Beginner to Pro,HTML,Basics|Elements & Attributes|Text & Formatting|Links & Navigation|Images|Lists|Tables|Forms|Semantic HTML|HTML5|Accessibility,Intermediate,English,83.31,SuperSimpleDev,https://www.youtube.com/watch?v=G3e-cpL7ofc
Animations,yt_html_107,CSS Full Course Tutorial for Beginners - Learn EVERYTHING You Need to Know in Detail 🔍,CSS,Basics|Selectors|Box Model|Colors & Backgrounds|Typography|Positioning|Flexbox|CSS Grid|Responsive Design|Animations & Transitions|Advanced CSS|Projects,Beginner,English,83.15,Future Fullstack,https://www.youtube.com/watch?v=-G-zic_LS0A
Animations,yt_html_585,"Advanced Backend Project | Learn Bank Transaction System with Node.js, Express & MongoDB",Node.js,Projects|REST APIs|Authentication|Middleware|Security|HTTP|NPM,Advanced,English,83.03,Sheryians Coding School,https://www.youtube.com/watch?v=NQOAQP0mow0
Animations,yt_html_143,CSS Full Course | Learn CSS From Basic to Advanced | Sagar Chouksey,CSS,Basics|Selectors|Box Model|Colors & Backgrounds|Typography|Positioning|Flexbox|CSS Grid|Responsive Design|Animations & Transitions|Advanced CSS|Projects,Intermediate,English,82.97,Coding With Sagar,https://www.youtube.com/watch?v=ksD9g8cT8lI
Animations,yt_html_118,CSS Tutorial – Full Course for Beginners,CSS,Basics|Selectors|Box Model|Colors & Backgrounds|Typography|Positioning|Flexbox|CSS Grid|Responsive Design|Animations & Transitions|Advanced CSS,Beginner,English,82.73,freeCodeCamp.org,https://www.youtube.com/watch?v=OXGznpKZ_sA
Animations,yt_html_155,Tailwind CSS v4 Full Course 2026 | Master Tailwind in One Hour,CSS,Basics|Box Model|Colors & Backgrounds|Typography|Positioning|Flexbox|CSS Grid|Responsive Design|Animations & Transitions|Projects,Beginner,English,82.45,JavaScript Mastery,https://www.youtube.com/watch?v=6biMWgD6_JY
Animations,yt_html_328,Git and GitHub Explained in 12 Minutes (With Animations),Git & GitHub,Git Basics|Repositories|Remote Repositories,Beginner,English,82.3,Harshita Verma,https://www.youtube.com/watch?v=cv77l-Bwzsk
Animations,yt_html_311,Master GIT & GITHUB in easy way,Git & GitHub,Git Basics|Repositories|Branches|Remote Repositories|Pull Requests,Beginner,English,82.25,Nova Designs,https://www.youtube.com/watch?v=9ToMEN_Hys0
Animations,yt_html_1000,MongoDB Tutorial In 6 haurs | Full MongoDB Course | MongoDB Tutorial for Beginners (2026),MongoDB,Basics|CRUD Operations|Queries|Indexes|Aggregation|Schema Design|Data Modeling|Relationships|Transactions|MongoDB Atlas|Projects,Beginner,English,82.07,ProgrammingKnowledge,https://www.youtube.com/watch?v=d2MnfyV20hk
Animations,yt_html_123,Learn CSS in 1 hour 🎨,CSS,Basics|Selectors|Box Model|Colors & Backgrounds|Typography|Positioning|Flexbox,Beginner,English,81.97,Bro Code,https://www.youtube.com/watch?v=wRNinF7YQqQ
Animations,yt_html_152,10 NEW CSS Features You Need To Know For 2026,CSS,Advanced CSS,Intermediate,English,81.47,Better Stack,https://www.youtube.com/watch?v=svqu6FDiMAs
Animations,yt_html_1428,"Gen AI + Full Stack Web Development Project | React, Node, JWT, Gemini",Full Stack Projects,Full Stack Applications|Authentication Projects,Intermediate,English,81.38,Sheryians Coding School,https://www.youtube.com/watch?v=zG3hNL08Dro
Animations,yt_html_114,CSS Crash Course For Absolute Beginners,CSS,Basics|Selectors|Box Model|Colors & Backgrounds|Typography|Positioning|Flexbox|Responsive Design,Beginner,English,81.09,Traversy Media,https://www.youtube.com/watch?v=yfoY53QXEnI
Animations,yt_html_151,Master CSS Animation Property in 11 Minutes [Full Tutorial] 🚀,CSS,Animations & Transitions,Beginner,English,80.92,CSSnippets,https://www.youtube.com/watch?v=Bhj4miRkSOc
Animations,yt_html_483,Top 20 React JS Interview Questions For 2025 | React Interviewer Questions & Answers | Intellipaat,React,Basics|Components|JSX|Props|State|Hooks|Events & Forms|Conditional Rendering|Lists & Keys|Context API|Routing|API Integration|State Management|Performance|Authentication,Advanced,English,80.91,Intellipaat,https://www.youtube.com/watch?v=NkWOzTEEcco
Animations,yt_html_129,CSS 3 Tutorial For Beginners: Learn CSS In One Video In Hindi,CSS,Basics|Selectors|Box Model|Colors & Backgrounds|Typography|Positioning|Flexbox|CSS Grid|Responsive Design|Animations & Transitions,Beginner,Hindi,80.75,CodeWithHarry,https://www.youtube.com/watch?v=u5-K_ua9sOw
Animations,yt_html_514,All React Hooks Explained - React Hooks Tutorial 2025,React,Hooks,Intermediate,English,80.75,PedroTech,https://www.youtube.com/watch?v=xfKYYRE6-TQ
Animations,yt_html_1387,Docker Tutorial for Beginners - A Full DevOps Course on How to Run Applications in Containers,Docker,Basics|Images|Containers|Dockerfile|Docker Compose|Networking|Volumes|Deployment,Beginner,English,80.62,freeCodeCamp.org,https://www.youtube.com/watch?v=fqMOX6JJhGo
Animations,yt_html_325,Git MERGE vs REBASE: Everything You Need to Know,Git & GitHub,Merge & Rebase,Beginner,English,80.37,ByteByteGo,https://www.youtube.com/watch?v=0chZFIZLR_0
Animations,yt_html_485,React JS 19 Full Course in Hindi | Learn React from Scratch (2025) in One Video,React,Basics|Components|JSX|Props|State|Hooks|Events & Forms|Conditional Rendering|Lists & Keys|Context API|Routing|API Integration|State Management|Performance|Authentication|Projects,Beginner,Hindi,80.37,Code Step By Step,https://www.youtube.com/watch?v=LuNPCSNr-nE
Animations,yt_html_108,CSS Tutorial for Beginners,CSS,Basics|Selectors,Beginner,English,80.31,The Coding Sloth,https://www.youtube.com/watch?v=j6nOnIT-T1o
Animations,yt_html_995,MongoDB Course | MongoDB Tutorial | MongoDB For Beginners | MongoDB Full Course | Intellipaat,MongoDB,Basics|CRUD Operations|Queries|Indexes|Aggregation|Schema Design|Data Modeling|Relationships|Transactions|MongoDB Atlas|Projects,Beginner,English,80.14,Intellipaat,https://www.youtube.com/watch?v=aDd4HiGQSIU
Animations,yt_html_222,"Part 3 – Advanced JavaScript, Projects & Real Developer Mindset | Full Course",JavaScript,Projects|ES6+,Advanced,English,80.13,Sheryians Coding School,https://www.youtube.com/watch?v=wH6uf20dpAo
Animations,yt_html_098,CSS Tutorial for Beginners 2025,CSS,Basics|Selectors|Box Model|Colors & Backgrounds|Typography|Positioning|Flexbox|Responsive Design,Beginner,English,80.06,Beau Carnes,https://www.youtube.com/watch?v=QeslNHmTObk
Animations,yt_html_116,Tailwind CSS v4 for Beginners | Full Course 2026,CSS,Basics|Box Model|Colors & Backgrounds|Typography|Positioning|Flexbox|CSS Grid|Responsive Design|Animations & Transitions|Projects,Beginner,English,80.02,Coder Coder,https://www.youtube.com/watch?v=9I3JQ1q4IMk
Animations,yt_html_498,[ GAMECHANGER 🚀 ] REACT JS BECOMES 100 TIMES EASY IF YOU FOLLOW THIS.,React,Basics|Components|JSX|Props|State|Hooks,Beginner,English,79.61,Sheryians Coding School,https://www.youtube.com/watch?v=EaG3Zd04W5s
Animations,yt_html_185,Learn JavaScript: Tutorial for Beginners (Part 1),JavaScript,Basics|Variables & Data Types|Operators|Control Flow|Functions,Beginner,English,79.51,Codecademy,https://www.youtube.com/watch?v=uh4gG7LbDPQ
Animations,yt_html_570,Top 25 Node.js Interview Questions to Ace Your BackEnd Interview | NodeJS Interview | Intellipaat,Node.js,Basics|Modules|NPM|File System|Events|Streams|HTTP|REST APIs|Authentication|Middleware|Security,Intermediate,English,79.45,Intellipaat,https://www.youtube.com/watch?v=ruwx8R2nXyI
Animations,yt_html_136,CSS Tutorial For Beginners: CSS Crash Course (2026),CSS,Basics|Selectors|Box Model|Colors & Backgrounds|Typography|Positioning|Flexbox|CSS Grid|Responsive Design,Beginner,English,79.34,Iman Musa,https://www.youtube.com/watch?v=c26O1N3x6ug
Animations,yt_html_516,React Hooks Full Course in Hindi (2025) 🔥  | Complete Guide with Notes & Real-World Examples,React,Hooks|State|Context API|Performance,Intermediate,Hindi,79.33,Web Dev Mastery,https://www.youtube.com/watch?v=KUyxBsop5Tc
Animations,yt_html_095,Complete CSS Tutorial for Beginners in Hindi 🎓 Free Notes & Codes | Part 1,CSS,Basics|Selectors|Box Model|Colors & Backgrounds|Typography|Positioning|Flexbox|CSS Grid|Responsive Design|Animations & Transitions,Beginner,Hindi,79.29,Thapa Technical,https://www.youtube.com/watch?v=MSICFljRcb4
Animations,yt_html_037,HTML & CSS Full Course for free 🌎,HTML,Basics|Elements & Attributes|Text & Formatting|Links & Navigation|Images|Lists|Tables|Forms|Semantic HTML|Multimedia|HTML5|Accessibility,Beginner,English,78.69,Bro Code,https://www.youtube.com/watch?v=HGTJBPNC-Gw
Animations,yt_html_675,APIs Explained in 6 Minutes!,REST APIs,API Basics|HTTP Methods|Status Codes|Request & Response|REST Architecture,Beginner,English,78.56,ByteByteGo,https://www.youtube.com/watch?v=hltLrjabkiY
Animations,yt_html_154,CSS Glowing Button - How to Design Glowing Button with Hover Effects [Pure CSS],CSS,Selectors|Colors & Backgrounds|Animations & Transitions,Beginner,English,78.5,Coding Play,https://www.youtube.com/watch?v=b_8fHNIHFk4
Animations,yt_html_1485,"Clone Projects won't get you Hired in 2025! | AI, DeFi, Web 3 and Full stack Project Ideas",Full Stack Projects,Full Stack Applications,Intermediate,English,78.5,Harkirat Singh,https://www.youtube.com/watch?v=pXJ2qoGU88g
Animations,yt_html_128,CSS Full Course 2026 - Beginner to Pro | WEB DEVELOPMENT | #css ,CSS,Basics|Selectors|Box Model|Colors & Backgrounds|Typography|Positioning|Flexbox|CSS Grid|Responsive Design|Animations & Transitions|Advanced CSS|Projects,Intermediate,English,78.46,Learn Coding,https://www.youtube.com/watch?v=2rDXik56cxo
Animations,yt_html_664,Express JS Mistakes Every Junior Developer should Avoid | clean-code,Express.js,Routing|Middleware|Error Handling|Security,Beginner,English,78.23,CoderOne,https://www.youtube.com/watch?v=RtLAwnYJOyQ
Animations,yt_html_708,What Is REST API? Examples And How To Use It: Crash Course System Design #3,REST APIs,API Basics|REST Architecture|HTTP Methods,Beginner,English,78.1,ByteByteGo,https://www.youtube.com/watch?v=-mN3VyJuCjM
Animations,yt_html_138,10 CSS PRO Tips and Tricks you NEED to know,CSS,Advanced CSS,Advanced,English,78.05,Coding2GO,https://www.youtube.com/watch?v=44FTAS-qT8Q
Animations,yt_html_102,CSS Tutorial for Beginners in [Hindi] | HTML & CSS | by Rahul Chaudhary,CSS,Basics,Beginner,Hindi,77.27,Programming GuruJi,https://www.youtube.com/watch?v=KRXsAGEYrwo
Animations,yt_html_124,"CSS Tutorial for Beginners | Complete CSS with Project, Notes & Code",CSS,Basics|Selectors|Box Model|Colors & Backgrounds|Typography|Positioning|Flexbox|CSS Grid|Responsive Design|Animations & Transitions|Projects,Beginner,Hindi,77.05,Apna College,https://www.youtube.com/watch?v=ESnrn1kAD4E
Animations,yt_html_109,CSS Full COURSE for Beginners in 4 HOURS | Learn CSS in 2026 with Practical🔥,CSS,Basics|Selectors|Box Model|Colors & Backgrounds|Typography|Positioning|Flexbox|CSS Grid|Responsive Design|Animations & Transitions|Projects,Beginner,English,77.04,WsCube Tech,https://www.youtube.com/watch?v=B9FvD1L2hAQ
Animations,yt_html_484,Complete React JS Course | MERN Stack Development,React,Basics|Components|JSX|Props|State|Hooks|Events & Forms|Conditional Rendering|Lists & Keys|Context API|Routing|API Integration|State Management|Performance|Authentication|Projects,Beginner,English,76.71,Sheryians Coding School,https://www.youtube.com/watch?v=E6tAtRi82QY
Animations,yt_html_509,ALL React Hooks Explained in 12 Minutes,React,Hooks|State,Intermediate,English,76.34,Code Bootcamp,https://www.youtube.com/watch?v=LOH1l-MP_9k
Animations,yt_html_584,Master Node JS in an easy way,Node.js,Basics,Beginner,English,76.25,Nova Designs,https://www.youtube.com/watch?v=2YIgGdUtbXM
Animations,yt_html_099,Learn CSS in 5 Minutes (Seriously),CSS,Basics,Beginner,English,76.06,DevForge,https://www.youtube.com/watch?v=tfzGsCxutWk
Animations,yt_html_504,React JS Full Course 2026 | Complete React Tutorial for Beginners to Advanced | 11 Hours,React,Basics|Components|JSX|Props|State|Hooks|Events & Forms|Conditional Rendering|Lists & Keys|Context API|Routing|API Integration|State Management|Performance|Authentication|Projects,Intermediate,English,76.01,CodingOtt,https://www.youtube.com/watch?v=guWM4Zs8QlU
Animations,yt_html_232,📌 Master Advanced JavaScript (ES6+) | Complete Tutorial for Modern Developers,JavaScript,ES6+,Advanced,English,75.93,w3runs,https://www.youtube.com/watch?v=yyrq_8-bk0s
Animations,yt_html_113,The Only CSS Course You Need to Master CSS | Learn By Building Apps,CSS,Basics|Selectors|Box Model|Colors & Backgrounds|Typography|Positioning|Flexbox|CSS Grid|Responsive Design|Animations & Transitions|Advanced CSS|Projects,Intermediate,English,75.75,EdRoh,https://www.youtube.com/watch?v=0hrJGWrCux0
Animations,yt_html_145,CSS Full Course for Beginners to Advanced [4 Hours],CSS,Basics|Selectors|Box Model|Colors & Backgrounds|Typography|Positioning|Flexbox|CSS Grid|Responsive Design|Animations & Transitions|Advanced CSS|Projects,Intermediate,English,74.55,WsCube Tech,https://www.youtube.com/watch?v=zg_mmC8THqM
Animations,yt_html_120,CSS in 7 Minutes 🔥,CSS,Basics,Beginner,Hindi,74.34,CodeWithHarry,https://www.youtube.com/watch?v=AP3_V7KXHs4
Animations,yt_html_159,Advanced CSS Tutorial — Level Up Your CSS Skills,CSS,Advanced CSS,Advanced,English,73.41,CareerFoundry,https://www.youtube.com/watch?v=8MCjAktqZaM
Animations,yt_html_110,Learn HTML & CSS FAST | Step-by-Step Full Course for Beginners,CSS,Basics,Beginner,English,73.01,DevForge,https://www.youtube.com/watch?v=E9DL3G8sA5g
Animations,yt_html_231,JavaScript Mastery Complete Course | JavaScript Tutorial For Beginner to Advanced,JavaScript,Basics|Variables & Data Types|Operators|Control Flow|Functions|Arrays|Objects|Strings & Numbers|DOM|Events|Error Handling|ES6+|Modules|Asynchronous JavaScript|Promises & Async/Await|Fetch API|Web APIs|Projects,Advanced,English,72.21,Nerd's lesson,https://www.youtube.com/watch?v=xc3a_CJhjCc
Animations,yt_html_736,Good APIs Vs Bad APIs: 7 Tips for API Design,REST APIs,API Basics|REST Architecture,Beginner,English,71.68,ByteByteGo,https://www.youtube.com/watch?v=_gQaygjm_hg
Animations,yt_html_157,CSS Advanced Tutorial | Advanced CSS Tutorial | Learn CSS Advanced 2026 | CSS Tutorial | Simplilearn,CSS,Advanced CSS,Advanced,English,70.52,Simplilearn,https://www.youtube.com/watch?v=G-YnvsCz_1g
Animations,yt_html_959,Roadmap for Learning SQL,SQL,Basics|SELECT Queries|Filtering & Sorting|Joins|Functions|Subqueries|Grouping|Indexes|Transactions|Database Design|Normalization,Beginner,English,67.55,ByteByteGo,https://www.youtube.com/watch?v=yMqldbY2AAg
Authentication,yt_html_596,Node JS Full Course 2026 | Complete Backend Development Course | 17 Hours,Node.js,Basics|Modules|NPM|File System|Events|Streams|HTTP|REST APIs|Authentication|Middleware|Security|Projects,Intermediate,English,86.93,Sangam Mukherjee,https://www.youtube.com/watch?v=XdH3gpcwnoA
Authentication,yt_html_562,Intro to Backend Web Development – Node.js & Express Tutorial for Beginners,Node.js,Basics|HTTP|REST APIs|Middleware|Projects,Beginner,English,85.71,freeCodeCamp.org,https://www.youtube.com/watch?v=KOutPbKc9UM
Authentication,yt_html_1349,Docker Tutorial for Beginners,Docker,Basics|Images|Containers|Dockerfile,Beginner,English,85.61,mCoding,https://www.youtube.com/watch?v=b0HMimUb4f0
Authentication,yt_html_442,"React Tutorial Full Course - Beginner to Pro (React 19, 2025)",React,Basics|Components|JSX|Props|State|Hooks|Events & Forms|Conditional Rendering|Lists & Keys|Context API|Routing|API Integration|State Management|Performance|Authentication|Projects,Intermediate,English,85.47,SuperSimpleDev,https://www.youtube.com/watch?v=TtPXvEcE11E
Authentication,yt_html_432,Learn React JS - Full Course for Beginners - Tutorial 2019,React,Basics|Components|JSX|Props|State|Hooks|Events & Forms|Conditional Rendering|Lists & Keys|Context API|Routing|API Integration|State Management|Performance|Authentication|Projects,Beginner,English,84.89,freeCodeCamp.org,https://www.youtube.com/watch?v=DLX62G4lc44
Authentication,yt_html_433,Learn React JS - Full Beginner’s Tutorial & Practice Projects,React,Basics|Components|JSX|Props|State|Hooks|Events & Forms|Conditional Rendering|Lists & Keys|Context API|Routing|API Integration|State Management|Performance|Authentication|Projects,Beginner,English,84.66,freeCodeCamp.org,https://www.youtube.com/watch?v=x4rFhThSX04
Authentication,yt_html_640,JWT Authentication | Node JS and Express tutorials for Beginners,Express.js,Authentication,Beginner,English,84.27,Dave Gray,https://www.youtube.com/watch?v=favjC6EKFgw
Authentication,yt_html_683,Build a REST API in Python | API Crash Course,REST APIs,API Basics|HTTP Methods|Status Codes|Request & Response|REST Architecture,Beginner,English,84.27,Code with Josh,https://www.youtube.com/watch?v=Ha3ls0EAtW8
Authentication,yt_html_478,ReactJS Full Course | ReactJS - Learn Everything | Sheryians Coding School,React,Basics|Components|JSX|Props|State|Hooks|Events & Forms|Conditional Rendering|Lists & Keys|Context API|Routing|API Integration|State Management|Performance|Authentication|Projects,Intermediate,English,84.17,Sheryians Coding School,https://www.youtube.com/watch?v=3LRZRSIh_KE
Authentication,yt_html_631,🚀 Express.js - Learn What Matters: Mastering the Framework |  Backend (Node JS) Series,Express.js,Basics|Routing|Middleware|REST APIs|Error Handling|Authentication|Authorization|Validation|Security|Projects,Intermediate,English,84.14,Sheryians Coding School,https://www.youtube.com/watch?v=pKJ4GGyDgJo
Authentication,yt_html_643,User Password Authentication | Node.js & Express Tutorials for Beginners,Express.js,Authentication,Beginner,English,84.03,Dave Gray,https://www.youtube.com/watch?v=Nlg0JrUt0qg
Authentication,yt_html_353,Complete Git & GitHub Tutorial: Beginner to PRO,Git & GitHub,Git Basics|Repositories|Branches|Merge & Rebase|Remote Repositories|Pull Requests|Collaboration|GitHub Actions|Advanced Git,Beginner,English,84.01,Cloud With VarJosh,https://www.youtube.com/watch?v=DJAy5vdvPIQ
Authentication,yt_html_117,Learn CSS Flexbox in 20 Minutes (Course),CSS,Flexbox,Beginner,English,83.99,Coding2GO,https://www.youtube.com/watch?v=wsTv9y931o8
Authentication,yt_html_447,React Course - Beginner's Tutorial for React JavaScript Library [2022],React,Basics|Components|JSX|Props|State|Hooks|Events & Forms|Conditional Rendering|Lists & Keys|Context API|Routing|API Integration|State Management|Performance|Authentication|Projects,Beginner,English,83.87,freeCodeCamp.org,https://www.youtube.com/watch?v=bMknfKXIFA8
Authentication,yt_html_1397,Complete Docker Course - From BEGINNER to PRO! (Learn Containers),Docker,Basics|Images|Containers|Dockerfile|Docker Compose|Networking|Volumes|Deployment,Beginner,English,83.84,DevOps Directive,https://www.youtube.com/watch?v=RqTEHSBrYFw
Authentication,yt_html_556,Learn Node.js - Full Tutorial for Beginners,Node.js,Basics|Modules|NPM|File System|Events|Streams|HTTP|REST APIs|Authentication|Middleware|Security|Projects,Beginner,English,83.79,freeCodeCamp.org,https://www.youtube.com/watch?v=RLtyhwFtXQA
Authentication,yt_html_024,HTML Tutorial - Website Crash Course for Beginners,HTML,Basics|Elements & Attributes|Text & Formatting|Links & Navigation|Images|Lists|Tables|Forms|Semantic HTML|HTML5,Beginner,English,83.09,freeCodeCamp.org,https://www.youtube.com/watch?v=916GWv2Qs08
Authentication,yt_html_531,Node.js and Express.js - Complete Course for Beginners | Learn Node.js in 6 Hours,Node.js,Basics|Modules|NPM|File System|HTTP|REST APIs|Middleware|Authentication|Security|Projects,Beginner,English,83.04,Dipesh Malvia,https://www.youtube.com/watch?v=ekRpc5YgVZU
Authentication,yt_html_585,"Advanced Backend Project | Learn Bank Transaction System with Node.js, Express & MongoDB",Node.js,Projects|REST APIs|Authentication|Middleware|Security|HTTP|NPM,Advanced,English,83.03,Sheryians Coding School,https://www.youtube.com/watch?v=NQOAQP0mow0
Authentication,yt_html_1383,Complete Docker course in 30 mins | Docker Tutorial for Beginners 2025 [Updated],Docker,Basics|Images|Containers|Dockerfile|Docker Compose|Networking|Volumes,Beginner,English,82.96,Cloud Champ,https://www.youtube.com/watch?v=q5S14cfOWfE
Authentication,yt_html_530,Node.js Full Course in Hindi 2025 | Learn Node.js with Projects | Complete Backend Tutorial,Node.js,Basics|Modules|NPM|File System|Events|Streams|HTTP|REST APIs|Authentication|Middleware|Security|Projects,Beginner,Hindi,82.93,Code Step By Step,https://www.youtube.com/watch?v=Eafgk0GbEUg
Authentication,yt_html_547,Node.js and Express.js - Full Course,Node.js,Basics|Modules|NPM|File System|Events|Streams|HTTP|REST APIs|Authentication|Middleware|Security|Projects,Intermediate,English,82.92,freeCodeCamp.org,https://www.youtube.com/watch?v=Oe421EPjeBE
Authentication,yt_html_626,Backend Full Course | NodeJS ExpressJS PostgreSQL Prisma & Docker,Express.js,Basics|Routing|Middleware|REST APIs|Error Handling|Authentication|Authorization|Validation|Security|Projects,Intermediate,English,82.89,Smoljames,https://www.youtube.com/watch?v=9BD9eK9VqXA
Authentication,yt_html_1343,The intro to Docker I wish I had when I started,Docker,Basics,Beginner,English,82.82,typecraft,https://www.youtube.com/watch?v=Ud7Npgi6x8E
Authentication,yt_html_610,Express JS Full Course,Express.js,Basics|Routing|Middleware|REST APIs|Error Handling|Authentication|Authorization|Validation|Security|Projects,Intermediate,English,82.72,Anson,https://www.youtube.com/watch?v=nH9E25nkk3I
Authentication,yt_html_726,"How to Design APIs Like a Senior Engineer (REST, GraphQL, Auth, Security)",REST APIs,REST Architecture|Authentication|API Security,Advanced,English,82.63,Hayk Simonyan,https://www.youtube.com/watch?v=7iHl71nt49o
Authentication,yt_html_728,"How to Design APIs Like a Senior Engineer (REST, GraphQL, Auth, Security)",REST APIs,REST Architecture|Authentication|API Security,Advanced,English,82.44,Hayk Simonyan,https://www.youtube.com/watch?v=Rrd6xkyjPB8
Authentication,yt_html_619,Express JS Full Course From Beginner to Pro 2025 | Complete Backend Tutorial in Just 4 Hours,Express.js,Basics|Routing|Middleware|REST APIs|Error Handling|Authentication|Authorization|Validation|Security|Projects,Beginner,English,82.38,GreatStack,https://www.youtube.com/watch?v=fBzm9zja2Y8
Authentication,yt_html_628,Node.js / Express Course - Build 4 Projects,Express.js,Basics|Routing|Middleware|REST APIs|Error Handling|Authentication|Authorization|Validation|Security|Projects,Intermediate,English,82.25,freeCodeCamp.org,https://www.youtube.com/watch?v=qwfE7fSVaZM
Authentication,yt_html_1036,MongoDB One Shot Crash Course | Complete MongoDB Tutorial for Beginners to Advanced (2026),MongoDB,Basics|CRUD Operations|Queries|Indexes|Aggregation|Schema Design|Data Modeling|Relationships|Transactions|MongoDB Atlas|Projects,Intermediate,English,82.05,RStudios Inc.,https://www.youtube.com/watch?v=b6Ah4qQpMWs
Authentication,yt_html_321,Git and Github Explained in 7 Minutes | Git and Github Tutorial (2026),Git & GitHub,Git Basics|Repositories|Remote Repositories,Beginner,English,81.98,Tech With Diego,https://www.youtube.com/watch?v=y-an0v208A0
Authentication,yt_html_569,Node JS Full Course 2024 | Complete Backend Development Course | Part 1,Node.js,Basics|Modules|NPM|File System|Events|Streams|HTTP|REST APIs|Authentication|Middleware|Security|Projects,Beginner,English,81.98,Sangam Mukherjee,https://www.youtube.com/watch?v=MIJt9H69QVc
Authentication,yt_html_260,Git and GitHub for Beginners - Crash Course,Git & GitHub,Git Basics|Repositories|Branches|Merge & Rebase|Remote Repositories|Pull Requests|Collaboration,Beginner,English,81.8,freeCodeCamp.org,https://www.youtube.com/watch?v=RGOj5yH7evk
Authentication,yt_html_529,NodeJS Full Course in Hindi | Projects + Interview Preparation | 2026,Node.js,Basics|Modules|NPM|File System|Events|Streams|HTTP|REST APIs|Authentication|Middleware|Security|Projects,Beginner,Hindi,81.73,Mohit Decodes,https://www.youtube.com/watch?v=pdk60AyhMNM
Authentication,yt_html_1463,How Senior Engineers Actually Build With AI in 2026 | Build a Full Stack Systems Architecture App,Full Stack Projects,Full Stack Applications,Advanced,English,81.67,JavaScript Mastery,https://www.youtube.com/watch?v=14RP8liACqo
Authentication,yt_html_555,Node Js Tutorial in Hindi 🔥🔥,Node.js,Basics|Modules|NPM|File System|Events|Streams|HTTP|REST APIs|Authentication|Middleware|Security|Projects,Beginner,Hindi,81.64,CodeWithHarry,https://www.youtube.com/watch?v=BLl32FvcdVM
Authentication,yt_html_1373,Docker Crash Course for Absolute Beginners [NEW],Docker,Basics|Images|Containers|Dockerfile|Docker Compose|Networking|Volumes|Deployment,Beginner,English,81.64,TechWorld with Nana,https://www.youtube.com/watch?v=pg19Z8LL06w
Authentication,yt_html_606,Ultimate Backend Course 🔥 | Part 1 | Learn From Scratch,Express.js,Basics|Routing|Middleware|REST APIs|Projects,Beginner,English,81.55,VIRTUAL CODE,https://www.youtube.com/watch?v=Ef2RtAxOb1Y
Authentication,yt_html_705,What is a REST API?,REST APIs,API Basics|REST Architecture,Beginner,English,81.52,IBM Technology,https://www.youtube.com/watch?v=lsMQRaeKNDk
Authentication,yt_html_560,What is Node.js? JavaScript Back-End Tutorial,Node.js,Basics,Beginner,English,81.49,Coding2GO,https://www.youtube.com/watch?v=P-fDVxjSXEw
Authentication,yt_html_721,APIs for Beginners - How to use an API (Full Course / Tutorial),REST APIs,API Basics|HTTP Methods|Status Codes|Request & Response|REST Architecture|Authentication,Beginner,English,81.45,freeCodeCamp.org,https://www.youtube.com/watch?v=GZvSYJDk-us
Authentication,yt_html_581,Node.js Tutorial in Hindi (2026) | Complete Backend Development Course with 5 Projects,Node.js,Basics|Modules|NPM|File System|Events|Streams|HTTP|REST APIs|Authentication|Middleware|Security|Projects,Intermediate,Hindi,81.41,Web Dev Mastery,https://www.youtube.com/watch?v=EfWlJ9-1fVw
Authentication,yt_html_735,9 Must-Know REST API Design Principles for Developers,REST APIs,REST Architecture|HTTP Methods|Status Codes|Request & Response|Authentication|API Security|API Documentation,Intermediate,English,81.41,ByteMonk,https://www.youtube.com/watch?v=pJ83mmqcvoQ
Authentication,yt_html_1428,"Gen AI + Full Stack Web Development Project | React, Node, JWT, Gemini",Full Stack Projects,Full Stack Applications|Authentication Projects,Intermediate,English,81.38,Sheryians Coding School,https://www.youtube.com/watch?v=zG3hNL08Dro
Authentication,yt_html_464,React Full Course for free ⚛️,React,Basics|Components|JSX|Props|State|Hooks|Events & Forms|Conditional Rendering|Lists & Keys|Context API|Routing|API Integration|State Management|Performance|Authentication|Projects,Beginner,English,81.28,Bro Code,https://www.youtube.com/watch?v=CgkZ7MvWUAA
Authentication,yt_html_452,Complete React course with projects | part 1,React,Basics|Components|JSX|Props|State|Hooks|Events & Forms|Conditional Rendering|Lists & Keys|Context API|Routing|API Integration|State Management|Performance|Authentication|Projects,Beginner,Hindi,81.2,Chai aur Code,https://www.youtube.com/watch?v=FxgM9k1rg0Q
Authentication,yt_html_322,Git and GitHub Hands-On Training for Beginners | Raghav Pal,Git & GitHub,Git Basics|Repositories|Branches|Remote Repositories|Pull Requests,Beginner,English,81.18,Automation Step by Step,https://www.youtube.com/watch?v=B8NurikxEo8
Authentication,yt_html_1370,Docker Tutorial for Beginners [FULL COURSE in 3 Hours],Docker,Basics|Images|Containers|Dockerfile|Docker Compose|Networking|Volumes|Deployment,Beginner,English,81.16,TechWorld with Nana,https://www.youtube.com/watch?v=3c-iBn73dDE
Authentication,yt_html_267,Git Tutorial for Beginners,Git & GitHub,Git Basics,Beginner,English,81.03,Telusko,https://www.youtube.com/watch?v=WbwIoQYP6no
Authentication,yt_html_512,Top 10 React Interview Questions and Answers 2025🔹 ReactJS Interview Questions for Experienced Devs,React,Basics|Components|JSX|Props|State|Hooks|Context API|Routing|API Integration|State Management|Performance|Authentication,Advanced,English,80.94,Shubham Kulkarni | Coding and Interviews,https://www.youtube.com/watch?v=dAHTXKDsrZ8
Authentication,yt_html_1473,Build and Deploy a Full Stack Movie Ticket Booking App using React js | MERN Stack Project,Full Stack Projects,MERN Projects|Full Stack Applications|Deployment Projects,Intermediate,English,80.93,GreatStack,https://www.youtube.com/watch?v=Pez37wmUaQM
Authentication,yt_html_483,Top 20 React JS Interview Questions For 2025 | React Interviewer Questions & Answers | Intellipaat,React,Basics|Components|JSX|Props|State|Hooks|Events & Forms|Conditional Rendering|Lists & Keys|Context API|Routing|API Integration|State Management|Performance|Authentication,Advanced,English,80.91,Intellipaat,https://www.youtube.com/watch?v=NkWOzTEEcco
Authentication,yt_html_586,"Node JS Full Course 2025 | Microservices, Redis, CI CD, Docker, VPS Hosting | Hostinger | Part 2",Node.js,Basics|Modules|NPM|File System|Events|Streams|HTTP|REST APIs|Authentication|Middleware|Security|Projects,Intermediate,English,80.86,Sangam Mukherjee,https://www.youtube.com/watch?v=_f7h6xQXiLA
Authentication,yt_html_435,React 19 Crash Course for Beginners 2026 (Learn in 90 Minutes),React,Basics|Components|JSX|Props|State|Hooks|Events & Forms|Conditional Rendering|Lists & Keys,Beginner,English,80.84,Code with Ahsan,https://www.youtube.com/watch?v=tqjJrXd27m4
Authentication,yt_html_474,Every React Concept Explained in 12 Minutes,React,Basics|Components|JSX|Props|State|Hooks|Events & Forms|Conditional Rendering|Lists & Keys|Context API|Routing|API Integration|State Management|Performance|Authentication,Beginner,English,80.75,Code Bootcamp,https://www.youtube.com/watch?v=wIyHSOugGGw
Authentication,yt_html_722,API Development with Django REST Framework - Master DRF In Just 4 Hours,REST APIs,API Basics|HTTP Methods|Status Codes|Request & Response|REST Architecture|Authentication|Authorization|API Security|API Testing|API Documentation,Intermediate,English,80.63,Tech With Rathan,https://www.youtube.com/watch?v=8d1HgJTEGe8
Authentication,yt_html_655,Node.JS Full Course (THREE HOUR All-in-One Tutorial for Beginners),Express.js,Basics|Routing|Middleware|REST APIs|Error Handling|Authentication|Authorization|Validation|Security|Projects,Beginner,English,80.62,Caleb Curry,https://www.youtube.com/watch?v=pkg0J6lpKT4
Authentication,yt_html_695,APIs for Beginners - How to use an API (Full Course / Tutorial),REST APIs,API Basics|HTTP Methods|Status Codes|Request & Response|REST Architecture|Authentication,Beginner,English,80.59,freeCodeCamp.org,https://www.youtube.com/watch?v=WXsD0ZgxjRw
Authentication,yt_html_533,Node JS Tutorial for Beginners in 2026 | Build APIs & Backend Applications,Node.js,Basics|Modules|NPM|HTTP|REST APIs|Projects,Beginner,English,80.53,HeroDev,https://www.youtube.com/watch?v=BuGUn4J3Jvw
Authentication,yt_html_574,All the Express.js You Need — Explained in 24 Minutes,Node.js,HTTP|REST APIs|Middleware|Authentication|Security|Projects|NPM,Beginner,English,80.53,Coding2GO,https://www.youtube.com/watch?v=ha_leEpnT30
Authentication,yt_html_670,Setting Up Node.js + Express + TypeScript the Right Way,Express.js,Basics,Beginner,English,80.52,AgileCoder,https://www.youtube.com/watch?v=oODlPLfnTIk
Authentication,yt_html_677,FastAPI for Beginners - Python Web Framework,REST APIs,API Basics|HTTP Methods|Status Codes|Request & Response|REST Architecture|API Documentation|Authentication,Beginner,English,80.51,Telusko,https://www.youtube.com/watch?v=Lu8lXXlstvM
Authentication,yt_html_1445,"MERN Stack Event Booking Web App (OTP + Admin Panel + JWT Auth) with Code | React, MongoDB, Node JS",Full Stack Projects,MERN Projects|Full Stack Applications|Authentication Projects,Intermediate,English,80.47,Dev. Shivansh Vasu,https://www.youtube.com/watch?v=n7ii3Zcs6k0
Authentication,yt_html_460,React JS Full Course with Project: Beginner to PRO Tutorial in 9 HOURS,React,Basics|Components|JSX|Props|State|Hooks|Events & Forms|Conditional Rendering|Lists & Keys|Context API|Routing|API Integration|State Management|Performance|Authentication|Projects,Intermediate,English,80.38,WsCube Tech,https://www.youtube.com/watch?v=ZaC6oCIpjR0
Authentication,yt_html_325,Git MERGE vs REBASE: Everything You Need to Know,Git & GitHub,Merge & Rebase,Beginner,English,80.37,ByteByteGo,https://www.youtube.com/watch?v=0chZFIZLR_0
Authentication,yt_html_485,React JS 19 Full Course in Hindi | Learn React from Scratch (2025) in One Video,React,Basics|Components|JSX|Props|State|Hooks|Events & Forms|Conditional Rendering|Lists & Keys|Context API|Routing|API Integration|State Management|Performance|Authentication|Projects,Beginner,Hindi,80.37,Code Step By Step,https://www.youtube.com/watch?v=LuNPCSNr-nE
Authentication,yt_html_223,Advanced JavaScript Crash Course,JavaScript,ES6+|Modules|Asynchronous JavaScript|Promises & Async/Await|Fetch API|Web APIs|Error Handling|Functions|Objects|Arrays|Strings & Numbers|DOM|Events,Advanced,English,80.31,Codevolution,https://www.youtube.com/watch?v=R9I85RhI7Cg
Authentication,yt_html_508,50+ HOURS REACT.JS 19 MONSTER CLASS,React,Basics|Components|JSX|Props|State|Hooks|Events & Forms|Conditional Rendering|Lists & Keys|Context API|Routing|API Integration|State Management|Performance|Authentication|Projects,Intermediate,English,80.29,HuXn WebDev,https://www.youtube.com/watch?v=M9O5AjEFzKw
Authentication,yt_html_1460,Full Stack Web Development Full Course (2025) | Web Development Full Course FREE | Intellipaat,Full Stack Projects,Full Stack Applications|Authentication Projects|Deployment Projects,Beginner,English,80.29,Intellipaat,https://www.youtube.com/watch?v=F4zr1aMevB4
Authentication,yt_html_985,MongoDB Full Course 2026 | MongoDB Tutorial | MongoDB | MongoDB For Beginners | Simplilearn,MongoDB,Basics|CRUD Operations|Queries|Indexes|Aggregation|Schema Design|Data Modeling|Relationships|Transactions|MongoDB Atlas|Projects,Beginner,English,80.27,Simplilearn,https://www.youtube.com/watch?v=8eJJe4Slnik
Authentication,yt_html_523,Node.js Full Course for Beginners | Complete All-in-One Tutorial | 7 Hours,Node.js,Basics|Modules|NPM|File System|Events|Streams|HTTP|REST APIs|Authentication|Middleware|Security|Projects,Beginner,English,80.25,Dave Gray,https://www.youtube.com/watch?v=f2EqECiTBL8
Authentication,yt_html_571,Learn Node.js & Express with Project in 2 Hours,Node.js,Basics|NPM|HTTP|REST APIs|Middleware|Projects,Beginner,English,80.25,Dipesh Malvia,https://www.youtube.com/watch?v=H9M02of22z4
Authentication,yt_html_287,Git Tutorial for Beginners: A Quick Start Guide,Git & GitHub,Git Basics|Repositories|Remote Repositories,Beginner,English,80.2,IAmTimCorey,https://www.youtube.com/watch?v=ugN-IYV1NTM
Authentication,yt_html_1454,Build & Deploy Full Stack E-commerce Website | Redux | MERN Stack Project,Full Stack Projects,Full Stack Applications|E-commerce Projects|MERN Projects|Deployment Projects,Advanced,English,80.19,compiletab,https://www.youtube.com/watch?v=hpgh2BTtac8
Authentication,yt_html_1371,Docker Tutorial for Beginners | Full Course [2021],Docker,Basics|Images|Containers|Dockerfile|Docker Compose|Networking|Volumes|Deployment,Beginner,English,80.17,Amigoscode,https://www.youtube.com/watch?v=p28piYY_wv8
Authentication,yt_html_526,Node.js Tutorial for Beginners | CRASH COURSE,Node.js,Basics|Modules|NPM|File System|HTTP|REST APIs|Projects,Beginner,English,80.1,Envato Tuts+,https://www.youtube.com/watch?v=gyQyk80_upM
Authentication,yt_html_201,JavaScript Crash Course - Tutorial for Complete Beginners,JavaScript,Basics|Variables & Data Types|Operators|Control Flow|Functions|Arrays|Objects|Strings & Numbers|DOM|Events|Error Handling|ES6+,Beginner,English,80.09,Codevolution,https://www.youtube.com/watch?v=XIOLqoPHCJ4
Authentication,yt_html_725,API Full Course for Beginners (2026) | REST APIs | Vishwa Sir | upGrad,REST APIs,API Basics|HTTP Methods|Status Codes|Request & Response|REST Architecture,Beginner,English,80.05,upGrad,https://www.youtube.com/watch?v=-58TX3yCHI4
Authentication,yt_html_1346,🔥Complete Docker Tutorial in one video for Beginners in Hindi,Docker,Basics|Images|Containers|Dockerfile|Docker Compose|Networking|Volumes|Deployment,Beginner,Hindi,79.99,Learn Code With Durgesh,https://www.youtube.com/watch?v=X3Wtjwu0vBI
Authentication,yt_html_174,JavaScript for Beginners - How I Wish I was Taught,JavaScript,Basics|Variables & Data Types|Operators|Control Flow|Functions,Beginner,English,79.88,Sajjaad Khader,https://www.youtube.com/watch?v=GxW1Ei8yvSQ
Authentication,yt_html_681,REST API Interview Questions (Beginner Level),REST APIs,API Basics|HTTP Methods|Status Codes|Request & Response|REST Architecture|Authentication,Beginner,English,79.82,Aced (formerly Exponent),https://www.youtube.com/watch?v=faMdrSCVDzc
Authentication,yt_html_1464,MERN Finance Tracker App with User Management - Build A Fullstack React Intermediate Project,Full Stack Projects,MERN Projects|Authentication Projects|Full Stack Applications,Intermediate,English,79.79,PedroTech,https://www.youtube.com/watch?v=4NZx9OF07qY
Authentication,yt_html_292,Git And GitHub Full Course 2026 | Complete Git and GitHub Tutorial For Beginners | Simplilearn,Git & GitHub,Git Basics|Repositories|Branches|Merge & Rebase|Remote Repositories|Pull Requests|Collaboration,Beginner,English,79.69,Simplilearn,https://www.youtube.com/watch?v=FuyrbysTJ_o
Authentication,yt_html_573,Node JS Full Course - Complete Backend | Web Development 2026,Node.js,Basics|Modules|NPM|File System|Events|Streams|HTTP|REST APIs|Authentication|Middleware|Security|Projects,Beginner,English,79.66,Learn Coding,https://www.youtube.com/watch?v=51PdLHoWeVA
Authentication,yt_html_658,Express.js Mastery: Unleash the Power of Node.js Frameworks for Lightning-Fast Web Development!,Express.js,Basics|Routing|Middleware|REST APIs|Error Handling|Authentication|Authorization|Validation|Security|Projects,Advanced,English,79.65,HuXn WebDev,https://www.youtube.com/watch?v=jn5MRu5ybH4
Authentication,yt_html_607,Learn Express.js & Node.js from Scratch | Complete Beginner-Friendly Course 2025,Express.js,Basics|Routing|Middleware|REST APIs|Projects,Beginner,English,79.64,Codynn,https://www.youtube.com/watch?v=IGUDsbTglk4
Authentication,yt_html_712,"API - Step by Step - Build, Secure and Deploy | Full Practical Guide",REST APIs,API Basics|REST Architecture|HTTP Methods|Request & Response|Status Codes|Authentication|Authorization|API Security,Beginner,English,79.64,Applied with AI - Sanjay Kumar,https://www.youtube.com/watch?v=Z8zEtb7hHAY
Authentication,yt_html_570,Top 25 Node.js Interview Questions to Ace Your BackEnd Interview | NodeJS Interview | Intellipaat,Node.js,Basics|Modules|NPM|File System|Events|Streams|HTTP|REST APIs|Authentication|Middleware|Security,Intermediate,English,79.45,Intellipaat,https://www.youtube.com/watch?v=ruwx8R2nXyI
Authentication,yt_html_511,React JS Full Course 2026 | Advanced Concepts for Beginners,React,Basics|Components|JSX|Props|State|Hooks|Events & Forms|Conditional Rendering|Lists & Keys|Context API|Routing|API Integration|State Management|Performance|Authentication|Projects,Beginner,English,79.4,WsCube AI & Tech School,https://www.youtube.com/watch?v=lzF9GxGn7Bs
Authentication,yt_html_715,"Master REST APIs - The Beginner's Guide | NodeJS, Express, MongoDB, Mongoose | Hindi",REST APIs,API Basics|HTTP Methods|Status Codes|Request & Response|REST Architecture,Beginner,Hindi,79.17,Coder's Gyan,https://www.youtube.com/watch?v=6SJQ5eOChrA
Authentication,yt_html_499,🚀 Mastering React/Next.js in 90 Minutes! Advanced Techniques👩‍💻,React,Hooks|Context API|Routing|API Integration|State Management|Performance|Authentication|Projects,Advanced,English,79.15,Sheryians Coding School,https://www.youtube.com/watch?v=HxxN6AdEop0
Authentication,yt_html_566,"Complete Backend One Shot | Beginners to Advanced  | Learn Node.js, Express, MongoDB from Scratch",Node.js,Basics|Modules|NPM|File System|Events|Streams|HTTP|REST APIs|Authentication|Middleware|Security|Projects,Intermediate,English,79.12,Sheryians Coding School,https://www.youtube.com/watch?v=0IciwnJ6PJI
Authentication,yt_html_731,How to Design Production Grade APIs?,REST APIs,REST Architecture|Authentication|Authorization|API Security|API Testing|API Documentation,Advanced,English,79.05,Piyush Garg,https://www.youtube.com/watch?v=B43Bljf4vSk
Authentication,yt_html_620,"Backend Development FULL  Course - In 6 Hours (Mongo DB, Express JS, Node JS) | 2026 Edition",Express.js,Basics|Routing|Middleware|REST APIs|Error Handling|Authentication|Authorization|Validation|Security|Projects,Intermediate,English,79.04,WsCube Tech,https://www.youtube.com/watch?v=vfaRzV3P92o
Authentication,yt_html_724,Python API Development - Comprehensive Course for Beginners,REST APIs,API Basics|HTTP Methods|Status Codes|Request & Response|REST Architecture|Authentication|Authorization|API Security|API Testing|API Documentation,Beginner,English,79.04,freeCodeCamp.org,https://www.youtube.com/watch?v=0sOvCWFmrtA
Authentication,yt_html_600,Node JS Advanced Concepts - Part 01 #nodejs #nodejsadvanced,Node.js,Modules|NPM|HTTP|REST APIs|Authentication|Middleware|Security|Projects,Advanced,English,79.03,Best Tutorial,https://www.youtube.com/watch?v=gq6gIz3-wuw
Authentication,yt_html_653,Node JS Express Tutorial | Express JS Tutorial For Beginners | Node.js +  ExpressJS | Edureka,Express.js,Basics|Routing|Middleware,Beginner,English,79.01,edureka!,https://www.youtube.com/watch?v=ofDqVjP4JRI
Authentication,yt_html_1369,Docker Tutorial for Beginners [FULL COURSE in 45 Minutes],Docker,Basics|Images|Containers|Dockerfile,Beginner,English,78.99,DevOps Genius Zone,https://www.youtube.com/watch?v=M43-6ZSYufg
Authentication,yt_html_473,React JS Full Course - Learn Everything | Web Development | #reactjs ,React,Basics|Components|JSX|Props|State|Hooks|Events & Forms|Conditional Rendering|Lists & Keys|Context API|Routing|API Integration|State Management|Performance|Authentication|Projects,Beginner,English,78.76,Learn Coding,https://www.youtube.com/watch?v=f0zxJz5oR6U
Authentication,yt_html_723,Deep Dive into REST API Design and Implementation Best Practices,REST APIs,REST Architecture|HTTP Methods|Status Codes|Request & Response|Authentication|Authorization|API Security|API Testing|API Documentation,Advanced,English,78.68,Software Developer Diaries,https://www.youtube.com/watch?v=7nm1pYuKAhY
Authentication,yt_html_207,JavaScript for Beginners | Learn JavaScript in one hour!,JavaScript,Basics|Variables & Data Types|Operators|Control Flow|Functions|Arrays|Objects|Strings & Numbers|DOM|Events,Beginner,English,78.58,Keerti Purswani,https://www.youtube.com/watch?v=e2fKYP_7B_Y
Authentication,yt_html_675,APIs Explained in 6 Minutes!,REST APIs,API Basics|HTTP Methods|Status Codes|Request & Response|REST Architecture,Beginner,English,78.56,ByteByteGo,https://www.youtube.com/watch?v=hltLrjabkiY
Authentication,yt_html_664,Express JS Mistakes Every Junior Developer should Avoid | clean-code,Express.js,Routing|Middleware|Error Handling|Security,Beginner,English,78.23,CoderOne,https://www.youtube.com/watch?v=RtLAwnYJOyQ
Authentication,yt_html_708,What Is REST API? Examples And How To Use It: Crash Course System Design #3,REST APIs,API Basics|REST Architecture|HTTP Methods,Beginner,English,78.1,ByteByteGo,https://www.youtube.com/watch?v=-mN3VyJuCjM
Authentication,yt_html_719,🔥 Ultimate Django Rest API Course in Hindi |  Rest APIS using Django in one shot,REST APIs,API Basics|HTTP Methods|Status Codes|Request & Response|REST Architecture|Authentication|Authorization|API Security|API Testing|API Documentation,Beginner,Hindi,78.06,Learn Code With Durgesh,https://www.youtube.com/watch?v=DNFTUtZf1Zc
Authentication,yt_html_1441,"Build a full stack project with NextJS, NextAuth, Imagekit and Mongodb",Full Stack Projects,Full Stack Applications|Authentication Projects,Intermediate,Hindi,78.03,Chai aur Code,https://www.youtube.com/watch?v=c8Z73cVl6x4
Authentication,yt_html_033,HTML Tutorial For Beginners 2026 | Learn HTML In 5 Hours | HTML Full Course | Simplilearn,HTML,Basics|Elements & Attributes|Text & Formatting|Links & Navigation|Images|Lists|Tables|Forms|Semantic HTML|Multimedia|HTML5|Accessibility,Beginner,English,77.9,Simplilearn,https://www.youtube.com/watch?v=OUjU--gVylE
Authentication,yt_html_627,Node.js & Express.js Full Course 2025 - Beginner to Pro,Express.js,Basics|Routing|Middleware|REST APIs|Error Handling|Authentication|Authorization|Validation|Security|Projects,Intermediate,English,77.7,Patel MernStack,https://www.youtube.com/watch?v=PCcMF1xTQO0
Authentication,yt_html_488,REACT JS is Super Easy | Full Tutorial from Beginner to Advanced [Moye-Moye Edition],React,Basics|Components|JSX|Props|State|Hooks|Events & Forms|Conditional Rendering|Lists & Keys|Context API|Routing|API Integration|State Management|Performance|Authentication|Projects,Intermediate,English,77.6,Tanish Garg,https://www.youtube.com/watch?v=M2u6AS0Mx8A
Authentication,yt_html_102,CSS Tutorial for Beginners in [Hindi] | HTML & CSS | by Rahul Chaudhary,CSS,Basics,Beginner,Hindi,77.27,Programming GuruJi,https://www.youtube.com/watch?v=KRXsAGEYrwo
Authentication,yt_html_676,COMPLETE APIs Crash Course In 14 Minutes [w/ FREE Project] | Vishakha Sadhwani,REST APIs,API Basics|HTTP Methods|Status Codes|Request & Response|REST Architecture,Beginner,English,77.09,Vishakha Sadhwani,https://www.youtube.com/watch?v=UXA8MJUWUqU
Authentication,yt_html_510,[ Live ] React JS Interview 🤯 | Frontend UI Questions 🤒,React,Basics|Components|JSX|Props|State|Hooks|Events & Forms|Conditional Rendering|Lists & Keys|Context API|Routing|API Integration|State Management|Performance|Authentication,Intermediate,English,76.85,Akshay Saini,https://www.youtube.com/watch?v=U9sDK8zTJ8Y
Authentication,yt_html_590,"Full NGINX Tutorial - Demo Project with Node.js, Docker",Node.js,HTTP|Projects,Intermediate,English,76.83,TechWorld with Nana,https://www.youtube.com/watch?v=q8OleYuqntY
Authentication,yt_html_484,Complete React JS Course | MERN Stack Development,React,Basics|Components|JSX|Props|State|Hooks|Events & Forms|Conditional Rendering|Lists & Keys|Context API|Routing|API Integration|State Management|Performance|Authentication|Projects,Beginner,English,76.71,Sheryians Coding School,https://www.youtube.com/watch?v=E6tAtRi82QY
Authentication,yt_html_544,🔥Node Js Tutorial in one video | Master Node JS in one video in Hindi,Node.js,Basics|Modules|NPM|File System|Events|Streams|HTTP|REST APIs|Authentication|Middleware|Security|Projects,Beginner,Hindi,76.33,Learn Code With Durgesh,https://www.youtube.com/watch?v=o3sAZFveLW4
Authentication,yt_html_563,Node.js Crash Course,Node.js,Basics|Modules|NPM|File System|Events|Streams|HTTP|REST APIs|Authentication|Middleware|Security|Projects,Beginner,English,76.22,Traversy Media,https://www.youtube.com/watch?v=32M1al-Y6Ag
Authentication,yt_html_577,Node JS Backend Developer Roadmap 2025 ft. Namaste Node.js (from Zero to Hero),Node.js,Basics|Modules|NPM|File System|Events|Streams|HTTP|REST APIs|Authentication|Middleware|Security|Projects,Beginner,English,76.19,Akshay Saini,https://www.youtube.com/watch?v=iRUkfCzJEgM
Authentication,yt_html_1475,"Full Stack Web Development Roadmap for Beginners | Skills, Projects and AI Tools You Need",Full Stack Projects,Beginner Projects|Full Stack Applications|Authentication Projects|Deployment Projects,Beginner,English,76.06,College Wallah,https://www.youtube.com/watch?v=3f8cnztbt3s
Authentication,yt_html_504,React JS Full Course 2026 | Complete React Tutorial for Beginners to Advanced | 11 Hours,React,Basics|Components|JSX|Props|State|Hooks|Events & Forms|Conditional Rendering|Lists & Keys|Context API|Routing|API Integration|State Management|Performance|Authentication|Projects,Intermediate,English,76.01,CodingOtt,https://www.youtube.com/watch?v=guWM4Zs8QlU
Authentication,yt_html_576,Node.js Tutorial for Beginners - 15 - Connect,Node.js,Middleware,Beginner,English,74.91,thenewboston,https://www.youtube.com/watch?v=54aol-U_1es
Authentication,yt_html_1490,"React Native Full Course 2026 | Build, Publish and Monetize a Full Stack Mobile App to App Store",Full Stack Projects,Full Stack Applications|Backend Projects|Deployment Projects,Intermediate,English,74.91,JavaScript Mastery,https://www.youtube.com/watch?v=4nVoLX2taFg
Authentication,yt_html_521,Node js complete tutorial in Hindi -  Full Node course in one video,Node.js,Basics|Modules|NPM|File System|Events|Streams|HTTP|REST APIs|Authentication|Middleware|Security|Projects,Beginner,Hindi,74.87,Code Step By Step,https://www.youtube.com/watch?v=VrQgmNY96wo
Authentication,yt_html_672,API Course for Beginners 2026 | API Tutorial For Beginners Step By Step | API Tutorial | Simplilearn,REST APIs,API Basics|HTTP Methods|Status Codes|Request & Response|REST Architecture,Beginner,English,74.32,Simplilearn,https://www.youtube.com/watch?v=ukBCjzC_C6w
Authentication,yt_html_534,"Backend Complete Course | NodeJS, ExpressJS, JWT, PostgreSQL, Prisma...",Node.js,Basics|Modules|NPM|HTTP|REST APIs|Authentication|Middleware|Security|Projects,Intermediate,English,74.26,PedroTech,https://www.youtube.com/watch?v=g09PoiCob4Y
Authentication,yt_html_159,Advanced CSS Tutorial — Level Up Your CSS Skills,CSS,Advanced CSS,Advanced,English,73.41,CareerFoundry,https://www.youtube.com/watch?v=8MCjAktqZaM
Authentication,yt_html_679,Rest API | Web Service Tutorial,REST APIs,API Basics|HTTP Methods|Status Codes|Request & Response|REST Architecture|Authentication|Authorization|API Security|API Testing|API Documentation,Beginner,English,73.35,Telusko,https://www.youtube.com/watch?v=BZi44GOD8kY
Authentication,yt_html_502,Top 12 React Interview Questions 🔥 for Freshers & Experienced  | Preparation 2025 🚀,React,Basics|Components|JSX|Props|State|Hooks|Events & Forms|Conditional Rendering|Lists & Keys|Context API|Routing|API Integration|State Management|Performance|Authentication,Intermediate,English,72.9,Akshay Saini,https://www.youtube.com/watch?v=uE925hp9KDk
Authentication,yt_html_595,Advanced Node.js Crash Course | New Year Gift!,Node.js,Modules|NPM|File System|Events|Streams|HTTP|REST APIs|Authentication|Middleware|Security|Projects,Advanced,English,72.75,Mehul Mohan,https://www.youtube.com/watch?v=qG-PLm3APSs
Authentication,yt_html_720,REST API Interview Questions (Advanced Level),REST APIs,REST Architecture|Authentication|Authorization|API Security|API Testing|API Documentation,Advanced,English,72.74,Aced (formerly Exponent),https://www.youtube.com/watch?v=n2JQFFFEd0M
Authentication,yt_html_667,🚀 Backend - The EndGame (Part-1) | Mastering Advanced Concepts | Backend (Node JS) Series,Express.js,Routing|Middleware|Error Handling|Security|Authentication,Advanced,English,72.34,Sheryians Coding School,https://www.youtube.com/watch?v=ZpszSj3ziQk
Authentication,yt_html_736,Good APIs Vs Bad APIs: 7 Tips for API Design,REST APIs,API Basics|REST Architecture,Beginner,English,71.68,ByteByteGo,https://www.youtube.com/watch?v=_gQaygjm_hg
Authentication,yt_html_959,Roadmap for Learning SQL,SQL,Basics|SELECT Queries|Filtering & Sorting|Joins|Functions|Subqueries|Grouping|Indexes|Transactions|Database Design|Normalization,Beginner,English,67.55,ByteByteGo,https://www.youtube.com/watch?v=yMqldbY2AAg
Backend Development,yt_html_596,Node JS Full Course 2026 | Complete Backend Development Course | 17 Hours,Node.js,Basics|Modules|NPM|File System|Events|Streams|HTTP|REST APIs|Authentication|Middleware|Security|Projects,Intermediate,English,86.93,Sangam Mukherjee,https://www.youtube.com/watch?v=XdH3gpcwnoA
Backend Development,yt_html_562,Intro to Backend Web Development – Node.js & Express Tutorial for Beginners,Node.js,Basics|HTTP|REST APIs|Middleware|Projects,Beginner,English,85.71,freeCodeCamp.org,https://www.youtube.com/watch?v=KOutPbKc9UM
Backend Development,yt_html_1349,Docker Tutorial for Beginners,Docker,Basics|Images|Containers|Dockerfile,Beginner,English,85.61,mCoding,https://www.youtube.com/watch?v=b0HMimUb4f0
Backend Development,yt_html_442,"React Tutorial Full Course - Beginner to Pro (React 19, 2025)",React,Basics|Components|JSX|Props|State|Hooks|Events & Forms|Conditional Rendering|Lists & Keys|Context API|Routing|API Integration|State Management|Performance|Authentication|Projects,Intermediate,English,85.47,SuperSimpleDev,https://www.youtube.com/watch?v=TtPXvEcE11E
Backend Development,yt_html_1421,Docker Full Course for Beginners (2026) | Build & Deploy Real-World Projects,Docker,Basics|Images|Containers|Dockerfile|Docker Compose|Networking|Volumes|Deployment,Beginner,English,85.47,Sarvin Style Coding,https://www.youtube.com/watch?v=ekiGWd-Wark
Backend Development,yt_html_1012,MongoDB Zero to Hero in 83 Minutes | Complete course with Realtime Projects,MongoDB,Basics|CRUD Operations|Queries|Indexes|Aggregation|Schema Design|Data Modeling|Relationships|Transactions|MongoDB Atlas|Projects,Beginner,English,85.44,Abhishek.Veeramalla,https://www.youtube.com/watch?v=x1-naBN7e84
Backend Development,yt_html_520,"Learn Node JS in 40 Minutes (Crash Course) - Express, CRUD APIs, etc",Node.js,Basics|HTTP|REST APIs|Middleware|NPM,Beginner,English,85.27,RoadsideCoder,https://www.youtube.com/watch?v=bqy1Sa6Ha7o
Backend Development,yt_html_160,JavaScript Tutorial Full Course - Beginner to Pro,JavaScript,Basics|Variables & Data Types|Operators|Control Flow|Functions|Arrays|Objects|Strings & Numbers|DOM|Events|Error Handling|ES6+|Modules|Asynchronous JavaScript|Promises & Async/Await|Fetch API|Web APIs|Projects,Intermediate,English,85.12,SuperSimpleDev,https://www.youtube.com/watch?v=EerdGm-ehJQ
Backend Development,yt_html_1436,The Only Full Stack Roadmap You Need in 2026 (MERN + AI) | | Sagar Chouksey,Full Stack Projects,MERN Projects|Full Stack Applications,Intermediate,English,84.53,Coding With Sagar,https://www.youtube.com/watch?v=UmGnJ475EcU
Backend Development,yt_html_543,"Backend, Node.js & npm | Sigma Web Development Course - Tutorial #85",Node.js,Basics|NPM,Beginner,Hindi,84.37,CodeWithHarry,https://www.youtube.com/watch?v=NoWRBo3Uf8E
Backend Development,yt_html_074,HTML Tutorial For Beginners | Learn HTML In 30 Minutes | Designing A Web Page Using HTML | Edureka,HTML,Basics|Elements & Attributes|Text & Formatting|Links & Navigation|Images|Lists|Tables|Forms,Beginner,English,84.34,edureka!,https://www.youtube.com/watch?v=88PXJAA6szs
Backend Development,yt_html_733,API Design and Architecture  - Backend Engineering Intro (1 Hour),REST APIs,API Basics|REST Architecture|HTTP Methods|Status Codes|Request & Response,Beginner,English,84.32,Caleb Curry,https://www.youtube.com/watch?v=XvFmUE-36Kc
Backend Development,yt_html_640,JWT Authentication | Node JS and Express tutorials for Beginners,Express.js,Authentication,Beginner,English,84.27,Dave Gray,https://www.youtube.com/watch?v=favjC6EKFgw
Backend Development,yt_html_683,Build a REST API in Python | API Crash Course,REST APIs,API Basics|HTTP Methods|Status Codes|Request & Response|REST Architecture,Beginner,English,84.27,Code with Josh,https://www.youtube.com/watch?v=Ha3ls0EAtW8
Backend Development,yt_html_631,🚀 Express.js - Learn What Matters: Mastering the Framework |  Backend (Node JS) Series,Express.js,Basics|Routing|Middleware|REST APIs|Error Handling|Authentication|Authorization|Validation|Security|Projects,Intermediate,English,84.14,Sheryians Coding School,https://www.youtube.com/watch?v=pKJ4GGyDgJo
Backend Development,yt_html_556,Learn Node.js - Full Tutorial for Beginners,Node.js,Basics|Modules|NPM|File System|Events|Streams|HTTP|REST APIs|Authentication|Middleware|Security|Projects,Beginner,English,83.79,freeCodeCamp.org,https://www.youtube.com/watch?v=RLtyhwFtXQA
Backend Development,yt_html_284,Learn Git & GitHub for Beginners | (2026) Tutorial,Git & GitHub,Git Basics|Repositories|Branches|Remote Repositories|Pull Requests|Collaboration,Beginner,English,83.78,Coder Coder,https://www.youtube.com/watch?v=h2a3Kw-I_Ec
Backend Development,yt_html_175,Node.js Tutorial for Beginners: Learn Node in 1 Hour,JavaScript,Modules|Asynchronous JavaScript,Beginner,English,83.42,Programming with Mosh,https://www.youtube.com/watch?v=TlB_eWDSMt4
Backend Development,yt_html_609,"CRUD API Tutorial – Node, Express, MongoDB",Express.js,Basics|Routing|Middleware|REST APIs|Projects,Intermediate,English,83.41,freeCodeCamp.org,https://www.youtube.com/watch?v=_7UQPve99r4
Backend Development,yt_html_605,How to build a REST API with Node js & Express,Express.js,Basics|Routing|Middleware|REST APIs,Beginner,English,83.15,Programming with Mosh,https://www.youtube.com/watch?v=pKd0Rpw7O48
Backend Development,yt_html_531,Node.js and Express.js - Complete Course for Beginners | Learn Node.js in 6 Hours,Node.js,Basics|Modules|NPM|File System|HTTP|REST APIs|Middleware|Authentication|Security|Projects,Beginner,English,83.04,Dipesh Malvia,https://www.youtube.com/watch?v=ekRpc5YgVZU
Backend Development,yt_html_585,"Advanced Backend Project | Learn Bank Transaction System with Node.js, Express & MongoDB",Node.js,Projects|REST APIs|Authentication|Middleware|Security|HTTP|NPM,Advanced,English,83.03,Sheryians Coding School,https://www.youtube.com/watch?v=NQOAQP0mow0
Backend Development,yt_html_530,Node.js Full Course in Hindi 2025 | Learn Node.js with Projects | Complete Backend Tutorial,Node.js,Basics|Modules|NPM|File System|Events|Streams|HTTP|REST APIs|Authentication|Middleware|Security|Projects,Beginner,Hindi,82.93,Code Step By Step,https://www.youtube.com/watch?v=Eafgk0GbEUg
Backend Development,yt_html_1039,MongoDB Aggregation Pipeline Full Tutorial in 40 Minutes - Practical Guide,MongoDB,Aggregation,Beginner,English,82.92,Tanuj Malode,https://www.youtube.com/watch?v=p934Gm7kj_Q
Backend Development,yt_html_626,Backend Full Course | NodeJS ExpressJS PostgreSQL Prisma & Docker,Express.js,Basics|Routing|Middleware|REST APIs|Error Handling|Authentication|Authorization|Validation|Security|Projects,Intermediate,English,82.89,Smoljames,https://www.youtube.com/watch?v=9BD9eK9VqXA
Backend Development,yt_html_703,Python REST API Tutorial for Beginners | How to Build a Flask REST API,REST APIs,API Basics|HTTP Methods|Status Codes|Request & Response|REST Architecture,Beginner,English,82.74,Dave Gray,https://www.youtube.com/watch?v=z3YMz-Gocmw
Backend Development,yt_html_1414,Docker FULL Course 2026 🐳 (100 Concepts from Zero to Pro),Docker,Basics|Images|Containers|Dockerfile|Docker Compose|Networking|Volumes|Deployment,Intermediate,English,82.7,SoftsWeb,https://www.youtube.com/watch?v=EzUDAQGNUk8
Backend Development,yt_html_1472,Full Stack Developer Roadmap for Beginners in AI Era (2026 Guide),Full Stack Projects,,Beginner,English,82.66,Nishant Chahar,https://www.youtube.com/watch?v=sccnYlJTfyg
Backend Development,yt_html_536,Node.js Crash Course for Beginners Tutorial - Learn Node Basics in 30 Minutes!,Node.js,Basics,Beginner,English,82.54,codeSTACKr,https://www.youtube.com/watch?v=2LUdnb-mls0
Backend Development,yt_html_612,Building REST API's using Node and Express.js,Express.js,Routing|REST APIs,Beginner,English,82.49,Piyush Garg,https://www.youtube.com/watch?v=uNCrMvkPUAE
Backend Development,yt_html_1411,Docker In One Shot 2026 🔥 From Zero To Hero (Spring Boot + MySQL) ✅,Docker,Basics|Images|Containers|Dockerfile|Docker Compose|Networking|Volumes|Deployment,Intermediate,English,82.49,CodeSnippet,https://www.youtube.com/watch?v=kOryO5I_w14
Backend Development,yt_html_728,"How to Design APIs Like a Senior Engineer (REST, GraphQL, Auth, Security)",REST APIs,REST Architecture|Authentication|API Security,Advanced,English,82.44,Hayk Simonyan,https://www.youtube.com/watch?v=Rrd6xkyjPB8
Backend Development,yt_html_619,Express JS Full Course From Beginner to Pro 2025 | Complete Backend Tutorial in Just 4 Hours,Express.js,Basics|Routing|Middleware|REST APIs|Error Handling|Authentication|Authorization|Validation|Security|Projects,Beginner,English,82.38,GreatStack,https://www.youtube.com/watch?v=fBzm9zja2Y8
Backend Development,yt_html_633,Build a REST API with Node JS and Express | CRUD API Tutorial,Express.js,REST APIs|Routing|Projects,Beginner,English,82.37,JavaScript Mastery,https://www.youtube.com/watch?v=l8WPWK9mS5M
Backend Development,yt_html_328,Git and GitHub Explained in 12 Minutes (With Animations),Git & GitHub,Git Basics|Repositories|Remote Repositories,Beginner,English,82.3,Harshita Verma,https://www.youtube.com/watch?v=cv77l-Bwzsk
Backend Development,yt_html_1402,Docker Image BEST Practices - From 1.2GB to 10MB,Docker,Images|Dockerfile,Intermediate,English,82.28,Better Stack,https://www.youtube.com/watch?v=t779DVjCKCs
Backend Development,yt_html_628,Node.js / Express Course - Build 4 Projects,Express.js,Basics|Routing|Middleware|REST APIs|Error Handling|Authentication|Authorization|Validation|Security|Projects,Intermediate,English,82.25,freeCodeCamp.org,https://www.youtube.com/watch?v=qwfE7fSVaZM
Backend Development,yt_html_1000,MongoDB Tutorial In 6 haurs | Full MongoDB Course | MongoDB Tutorial for Beginners (2026),MongoDB,Basics|CRUD Operations|Queries|Indexes|Aggregation|Schema Design|Data Modeling|Relationships|Transactions|MongoDB Atlas|Projects,Beginner,English,82.07,ProgrammingKnowledge,https://www.youtube.com/watch?v=d2MnfyV20hk
Backend Development,yt_html_1036,MongoDB One Shot Crash Course | Complete MongoDB Tutorial for Beginners to Advanced (2026),MongoDB,Basics|CRUD Operations|Queries|Indexes|Aggregation|Schema Design|Data Modeling|Relationships|Transactions|MongoDB Atlas|Projects,Intermediate,English,82.05,RStudios Inc.,https://www.youtube.com/watch?v=b6Ah4qQpMWs
Backend Development,yt_html_569,Node JS Full Course 2024 | Complete Backend Development Course | Part 1,Node.js,Basics|Modules|NPM|File System|Events|Streams|HTTP|REST APIs|Authentication|Middleware|Security|Projects,Beginner,English,81.98,Sangam Mukherjee,https://www.youtube.com/watch?v=MIJt9H69QVc
Backend Development,yt_html_519,Create server in node js & callback function javascript | node js tutorial for beginners,Node.js,Basics|HTTP,Beginner,English,81.95,Hello World,https://www.youtube.com/watch?v=bflieVmJQeg
Backend Development,yt_html_671,REST API Crash Course - Introduction + Full Python API Tutorial,REST APIs,API Basics|HTTP Methods|Status Codes|Request & Response|REST Architecture,Beginner,English,81.94,Caleb Curry,https://www.youtube.com/watch?v=qbLc5a9jdXo
Backend Development,yt_html_624,Express JS Crash Course for Beginners [Easy Way],Express.js,Basics|Routing|Middleware|REST APIs,Beginner,English,81.76,Code Bless You,https://www.youtube.com/watch?v=NuyMcxiuaxE
Backend Development,yt_html_529,NodeJS Full Course in Hindi | Projects + Interview Preparation | 2026,Node.js,Basics|Modules|NPM|File System|Events|Streams|HTTP|REST APIs|Authentication|Middleware|Security|Projects,Beginner,Hindi,81.73,Mohit Decodes,https://www.youtube.com/watch?v=pdk60AyhMNM
Backend Development,yt_html_1407,Docker Full Course with Gitlab CI CD | Learn Docker in 2 hrs,Docker,Basics|Images|Containers|Dockerfile|Docker Compose|Networking|Volumes|Deployment,Beginner,English,81.71,Sangam Mukherjee,https://www.youtube.com/watch?v=-FHyCgiaxkc
Backend Development,yt_html_1486,How Senior Engineers Actually Build with AI in 2026 | Build a Full Stack Job Applications Platform,Full Stack Projects,Full Stack Applications,Advanced,English,81.7,JavaScript Mastery,https://www.youtube.com/watch?v=9dKA2hq4vf0
Backend Development,yt_html_332,Complete git and Github course in Hindi,Git & GitHub,Git Basics|Repositories|Branches|Merge & Rebase|Remote Repositories|Pull Requests|Collaboration,Beginner,Hindi,81.59,Chai aur Code,https://www.youtube.com/watch?v=q8EevlEpQ2A
Backend Development,yt_html_606,Ultimate Backend Course 🔥 | Part 1 | Learn From Scratch,Express.js,Basics|Routing|Middleware|REST APIs|Projects,Beginner,English,81.55,VIRTUAL CODE,https://www.youtube.com/watch?v=Ef2RtAxOb1Y
Backend Development,yt_html_666,"Master Express.js, Routing & Middleware | Backend Development Part 4",Express.js,Basics|Routing|Middleware,Intermediate,English,81.5,Sheryians Coding School,https://www.youtube.com/watch?v=3CkgSQWwNlk
Backend Development,yt_html_560,What is Node.js? JavaScript Back-End Tutorial,Node.js,Basics,Beginner,English,81.49,Coding2GO,https://www.youtube.com/watch?v=P-fDVxjSXEw
Backend Development,yt_html_1446,Python + JavaScript - Full Stack App Tutorial,Full Stack Projects,Backend Projects|Frontend Projects|Full Stack Applications,Intermediate,English,81.47,Tech With Tim,https://www.youtube.com/watch?v=PppslXOR7TA
Backend Development,yt_html_990,MongoDB Tutorial for Beginners 2026 | Full Course,MongoDB,Basics|CRUD Operations|Queries|Indexes|Aggregation|Schema Design|Data Modeling|Relationships|Transactions,Beginner,English,81.44,Codynn,https://www.youtube.com/watch?v=p1NEtNmO33s
Backend Development,yt_html_581,Node.js Tutorial in Hindi (2026) | Complete Backend Development Course with 5 Projects,Node.js,Basics|Modules|NPM|File System|Events|Streams|HTTP|REST APIs|Authentication|Middleware|Security|Projects,Intermediate,Hindi,81.41,Web Dev Mastery,https://www.youtube.com/watch?v=EfWlJ9-1fVw
Backend Development,yt_html_713,What is REST API?,REST APIs,API Basics|REST Architecture,Beginner,English,81.41,Piyush Garg,https://www.youtube.com/watch?v=cJAyEOZQUQY
Backend Development,yt_html_172,JavaScript Course for Beginners – Your First Step to Web Development,JavaScript,Basics|Variables & Data Types|Operators|Control Flow|Functions|Arrays|Objects|Strings & Numbers|DOM|Events|ES6+,Beginner,English,81.4,Programming with Mosh,https://www.youtube.com/watch?v=W6NZfCO5SIk
Backend Development,yt_html_684,Python FastAPI Tutorial: Build a REST API in 15 Minutes,REST APIs,API Basics|HTTP Methods|Status Codes|Request & Response|REST Architecture|API Documentation,Beginner,English,81.4,pixegami,https://www.youtube.com/watch?v=iWS9ogMPOI0
Backend Development,yt_html_1428,"Gen AI + Full Stack Web Development Project | React, Node, JWT, Gemini",Full Stack Projects,Full Stack Applications|Authentication Projects,Intermediate,English,81.38,Sheryians Coding School,https://www.youtube.com/watch?v=zG3hNL08Dro
Backend Development,yt_html_467,"React JS Tutorial for Beginners (2025) 🔥📝 | Learn Components, JSX, Props, Vite & Virtual DOM Quick",React,Basics|Components|JSX|Props,Beginner,English,81.24,Tech Jashwanth,https://www.youtube.com/watch?v=zUx56TYIE24
Backend Development,yt_html_616,Express JS Crash Course | Web Dev Tutorial for Beginners,Express.js,Basics|Routing|Middleware|REST APIs,Beginner,English,81.17,Sam Meech-Ward,https://www.youtube.com/watch?v=bssX9Ot9YOI
Backend Development,yt_html_168,JavaScript explained in just 7 Minutes!,JavaScript,Basics,Beginner,English,81.16,GeeksforGeeks,https://www.youtube.com/watch?v=VoKFyB1q4fc
Backend Development,yt_html_1370,Docker Tutorial for Beginners [FULL COURSE in 3 Hours],Docker,Basics|Images|Containers|Dockerfile|Docker Compose|Networking|Volumes|Deployment,Beginner,English,81.16,TechWorld with Nana,https://www.youtube.com/watch?v=3c-iBn73dDE
Backend Development,yt_html_1043,"MongoDB (NoSQL) + PostgreSQL (SQL) Complete Database Course | Queries, Code & Project | Advanced",MongoDB,Basics|CRUD Operations|Queries|Projects,Advanced,English,81.09,Dev. Shivansh Vasu,https://www.youtube.com/watch?v=ZEoNy2nbO6Q
Backend Development,yt_html_483,Top 20 React JS Interview Questions For 2025 | React Interviewer Questions & Answers | Intellipaat,React,Basics|Components|JSX|Props|State|Hooks|Events & Forms|Conditional Rendering|Lists & Keys|Context API|Routing|API Integration|State Management|Performance|Authentication,Advanced,English,80.91,Intellipaat,https://www.youtube.com/watch?v=NkWOzTEEcco
Backend Development,yt_html_022,HTML Tutorial For Beginners,HTML,Basics|Elements & Attributes|Text & Formatting|Links & Navigation|Images|Lists|Tables|Forms|Semantic HTML|HTML5,Beginner,English,80.9,The Coding Sloth,https://www.youtube.com/watch?v=vY2xUc4TVmY
Backend Development,yt_html_613,Getting Started with Express and NodeJS,Express.js,Basics,Beginner,English,80.89,Piyush Garg,https://www.youtube.com/watch?v=N2-FyBBxOZA
Backend Development,yt_html_558,What Is Node.js? | Introduction To Node.js | Node JS Tutorial For Beginners | Simplilearn,Node.js,Basics,Beginner,English,80.88,Simplilearn,https://www.youtube.com/watch?v=8u1o-OmOeGQ
Backend Development,yt_html_586,"Node JS Full Course 2025 | Microservices, Redis, CI CD, Docker, VPS Hosting | Hostinger | Part 2",Node.js,Basics|Modules|NPM|File System|Events|Streams|HTTP|REST APIs|Authentication|Middleware|Security|Projects,Intermediate,English,80.86,Sangam Mukherjee,https://www.youtube.com/watch?v=_f7h6xQXiLA
Backend Development,yt_html_197,JavaScript Tutorial for Beginners [JS Crash Course],JavaScript,Basics|Variables & Data Types|Operators|Control Flow|Functions|Arrays|Objects|Strings & Numbers|DOM|Events|ES6+,Beginner,English,80.83,TechWorld with Nana,https://www.youtube.com/watch?v=FtaQSdrl7YA
Backend Development,yt_html_1017,Introduction To MongoDB | MongoDB Tutorial For Beginners | Learn MongoDB | Simplilearn,MongoDB,Basics,Beginner,English,80.83,Simplilearn,https://www.youtube.com/watch?v=XnRS82MWFyc
Backend Development,yt_html_1042,Learn Mongodb aggregation pipelines,MongoDB,Aggregation,Intermediate,Hindi,80.77,Chai aur Code,https://www.youtube.com/watch?v=fDTf1mk-jQg
Backend Development,yt_html_1431,"Build a Full-Stack GenAI Project in 4 Hours (FastAPI, React, Supabase)",Full Stack Projects,Full Stack Applications|Backend Projects|Frontend Projects,Intermediate,English,80.75,Dave Ebbelaar,https://www.youtube.com/watch?v=qF5il_9IwME
Backend Development,yt_html_1396,Docker Full Course For .NET Developers,Docker,Basics|Images|Containers|Dockerfile|Docker Compose|Networking|Volumes|Deployment,Intermediate,English,80.73,Julio Casal,https://www.youtube.com/watch?v=cWMztQwIQNs
Backend Development,yt_html_694,What is REST API? | REST API Tutorial | REST API  Concepts and Examples | Edureka,REST APIs,API Basics|REST Architecture|HTTP Methods|Status Codes|Request & Response,Beginner,English,80.69,edureka!,https://www.youtube.com/watch?v=rtWH70_MMHM
Backend Development,yt_html_1049,MongoDB Aggregation Pipeline Masterclass | Fundamentals for Scalable & Performant Queries,MongoDB,Aggregation,Intermediate,English,80.69,Code With Soumyajeet,https://www.youtube.com/watch?v=QBfyB2cym38
Backend Development,yt_html_722,API Development with Django REST Framework - Master DRF In Just 4 Hours,REST APIs,API Basics|HTTP Methods|Status Codes|Request & Response|REST Architecture|Authentication|Authorization|API Security|API Testing|API Documentation,Intermediate,English,80.63,Tech With Rathan,https://www.youtube.com/watch?v=8d1HgJTEGe8
Backend Development,yt_html_655,Node.JS Full Course (THREE HOUR All-in-One Tutorial for Beginners),Express.js,Basics|Routing|Middleware|REST APIs|Error Handling|Authentication|Authorization|Validation|Security|Projects,Beginner,English,80.62,Caleb Curry,https://www.youtube.com/watch?v=pkg0J6lpKT4
Backend Development,yt_html_695,APIs for Beginners - How to use an API (Full Course / Tutorial),REST APIs,API Basics|HTTP Methods|Status Codes|Request & Response|REST Architecture|Authentication,Beginner,English,80.59,freeCodeCamp.org,https://www.youtube.com/watch?v=WXsD0ZgxjRw
Backend Development,yt_html_565,Node JS Tutorial for Beginners 2026 [Learn Node JS from Scratch],Node.js,Basics|Modules|NPM|File System|HTTP,Beginner,English,80.56,Code Bless You,https://www.youtube.com/watch?v=FPJzYFgexJA
Backend Development,yt_html_533,Node JS Tutorial for Beginners in 2026 | Build APIs & Backend Applications,Node.js,Basics|Modules|NPM|HTTP|REST APIs|Projects,Beginner,English,80.53,HeroDev,https://www.youtube.com/watch?v=BuGUn4J3Jvw
Backend Development,yt_html_574,All the Express.js You Need — Explained in 24 Minutes,Node.js,HTTP|REST APIs|Middleware|Authentication|Security|Projects|NPM,Beginner,English,80.53,Coding2GO,https://www.youtube.com/watch?v=ha_leEpnT30
Backend Development,yt_html_670,Setting Up Node.js + Express + TypeScript the Right Way,Express.js,Basics,Beginner,English,80.52,AgileCoder,https://www.youtube.com/watch?v=oODlPLfnTIk
Backend Development,yt_html_707,What is a REST API?,REST APIs,API Basics|REST Architecture,Beginner,English,80.51,Programming with Mosh,https://www.youtube.com/watch?v=SLwpqD8n3d0
Backend Development,yt_html_1445,"MERN Stack Event Booking Web App (OTP + Admin Panel + JWT Auth) with Code | React, MongoDB, Node JS",Full Stack Projects,MERN Projects|Full Stack Applications|Authentication Projects,Intermediate,English,80.47,Dev. Shivansh Vasu,https://www.youtube.com/watch?v=n7ii3Zcs6k0
Backend Development,yt_html_108,CSS Tutorial for Beginners,CSS,Basics|Selectors,Beginner,English,80.31,The Coding Sloth,https://www.youtube.com/watch?v=j6nOnIT-T1o
Backend Development,yt_html_1460,Full Stack Web Development Full Course (2025) | Web Development Full Course FREE | Intellipaat,Full Stack Projects,Full Stack Applications|Authentication Projects|Deployment Projects,Beginner,English,80.29,Intellipaat,https://www.youtube.com/watch?v=F4zr1aMevB4
Backend Development,yt_html_985,MongoDB Full Course 2026 | MongoDB Tutorial | MongoDB | MongoDB For Beginners | Simplilearn,MongoDB,Basics|CRUD Operations|Queries|Indexes|Aggregation|Schema Design|Data Modeling|Relationships|Transactions|MongoDB Atlas|Projects,Beginner,English,80.27,Simplilearn,https://www.youtube.com/watch?v=8eJJe4Slnik
Backend Development,yt_html_571,Learn Node.js & Express with Project in 2 Hours,Node.js,Basics|NPM|HTTP|REST APIs|Middleware|Projects,Beginner,English,80.25,Dipesh Malvia,https://www.youtube.com/watch?v=H9M02of22z4
Backend Development,yt_html_1483,Full Stack Developer Roadmap 2026: Become the top 1%,Full Stack Projects,,Beginner,English,80.23,Akber Shaikh,https://www.youtube.com/watch?v=4ZeaME2NEQI
Backend Development,yt_html_1454,Build & Deploy Full Stack E-commerce Website | Redux | MERN Stack Project,Full Stack Projects,Full Stack Applications|E-commerce Projects|MERN Projects|Deployment Projects,Advanced,English,80.19,compiletab,https://www.youtube.com/watch?v=hpgh2BTtac8
Backend Development,yt_html_1371,Docker Tutorial for Beginners | Full Course [2021],Docker,Basics|Images|Containers|Dockerfile|Docker Compose|Networking|Volumes|Deployment,Beginner,English,80.17,Amigoscode,https://www.youtube.com/watch?v=p28piYY_wv8
Backend Development,yt_html_995,MongoDB Course | MongoDB Tutorial | MongoDB For Beginners | MongoDB Full Course | Intellipaat,MongoDB,Basics|CRUD Operations|Queries|Indexes|Aggregation|Schema Design|Data Modeling|Relationships|Transactions|MongoDB Atlas|Projects,Beginner,English,80.14,Intellipaat,https://www.youtube.com/watch?v=aDd4HiGQSIU
Backend Development,yt_html_644,Angular - Node - MongoDB & Express (MEAN) Tutorial for Beginners - Getting Started,Express.js,Basics|Routing|Middleware|REST APIs|Projects,Beginner,English,80.12,Academind,https://www.youtube.com/watch?v=1tRLveSyNz8
Backend Development,yt_html_690,Spring Boot Tutorial – Build Your First REST API in 15 Minutes (Beginner Guide),REST APIs,API Basics|HTTP Methods|Status Codes|Request & Response|REST Architecture,Beginner,English,80.06,Alan Lands,https://www.youtube.com/watch?v=wfj-Z9OQpCA
Backend Development,yt_html_725,API Full Course for Beginners (2026) | REST APIs | Vishwa Sir | upGrad,REST APIs,API Basics|HTTP Methods|Status Codes|Request & Response|REST Architecture,Beginner,English,80.05,upGrad,https://www.youtube.com/watch?v=-58TX3yCHI4
Backend Development,yt_html_116,Tailwind CSS v4 for Beginners | Full Course 2026,CSS,Basics|Box Model|Colors & Backgrounds|Typography|Positioning|Flexbox|CSS Grid|Responsive Design|Animations & Transitions|Projects,Beginner,English,80.02,Coder Coder,https://www.youtube.com/watch?v=9I3JQ1q4IMk
Backend Development,yt_html_174,JavaScript for Beginners - How I Wish I was Taught,JavaScript,Basics|Variables & Data Types|Operators|Control Flow|Functions,Beginner,English,79.88,Sajjaad Khader,https://www.youtube.com/watch?v=GxW1Ei8yvSQ
Backend Development,yt_html_994,MongoDB with Node.js Tutorial for Beginners,MongoDB,Basics|CRUD Operations|Queries,Beginner,English,79.76,ProgrammingKnowledge,https://www.youtube.com/watch?v=WWujIKtJoOM
Backend Development,yt_html_119,A CSS learning guide for beginners,CSS,Basics,Beginner,Hindi,79.74,Chai aur Code,https://www.youtube.com/watch?v=aLzfFJb8rWo
Backend Development,yt_html_292,Git And GitHub Full Course 2026 | Complete Git and GitHub Tutorial For Beginners | Simplilearn,Git & GitHub,Git Basics|Repositories|Branches|Merge & Rebase|Remote Repositories|Pull Requests|Collaboration,Beginner,English,79.69,Simplilearn,https://www.youtube.com/watch?v=FuyrbysTJ_o
Backend Development,yt_html_573,Node JS Full Course - Complete Backend | Web Development 2026,Node.js,Basics|Modules|NPM|File System|Events|Streams|HTTP|REST APIs|Authentication|Middleware|Security|Projects,Beginner,English,79.66,Learn Coding,https://www.youtube.com/watch?v=51PdLHoWeVA
Backend Development,yt_html_658,Express.js Mastery: Unleash the Power of Node.js Frameworks for Lightning-Fast Web Development!,Express.js,Basics|Routing|Middleware|REST APIs|Error Handling|Authentication|Authorization|Validation|Security|Projects,Advanced,English,79.65,HuXn WebDev,https://www.youtube.com/watch?v=jn5MRu5ybH4
Backend Development,yt_html_607,Learn Express.js & Node.js from Scratch | Complete Beginner-Friendly Course 2025,Express.js,Basics|Routing|Middleware|REST APIs|Projects,Beginner,English,79.64,Codynn,https://www.youtube.com/watch?v=IGUDsbTglk4
Backend Development,yt_html_712,"API - Step by Step - Build, Secure and Deploy | Full Practical Guide",REST APIs,API Basics|REST Architecture|HTTP Methods|Request & Response|Status Codes|Authentication|Authorization|API Security,Beginner,English,79.64,Applied with AI - Sanjay Kumar,https://www.youtube.com/watch?v=Z8zEtb7hHAY
Backend Development,yt_html_579,Node.js Docker Tutorial For Beginners | Dockerizing Node.js Application | DevOps Training | Edureka,Node.js,Projects,Beginner,English,79.6,edureka!,https://www.youtube.com/watch?v=FCz10zapsI8
Backend Development,yt_html_185,Learn JavaScript: Tutorial for Beginners (Part 1),JavaScript,Basics|Variables & Data Types|Operators|Control Flow|Functions,Beginner,English,79.51,Codecademy,https://www.youtube.com/watch?v=uh4gG7LbDPQ
Backend Development,yt_html_570,Top 25 Node.js Interview Questions to Ace Your BackEnd Interview | NodeJS Interview | Intellipaat,Node.js,Basics|Modules|NPM|File System|Events|Streams|HTTP|REST APIs|Authentication|Middleware|Security,Intermediate,English,79.45,Intellipaat,https://www.youtube.com/watch?v=ruwx8R2nXyI
Backend Development,yt_html_1424,"MERN Stack Project: Build a Full Stack Restaurant Application with React, Node, MongoDB, Express",Full Stack Projects,MERN Projects|Full Stack Applications,Intermediate,English,79.3,CodeWithZeeshu,https://www.youtube.com/watch?v=MnUCy31BVYA
Backend Development,yt_html_977,SQL Full Course — Learn SQL From Beginner to Advanced (2026 Edition),SQL,Basics|SELECT Queries|Filtering & Sorting|Joins|Functions|Subqueries|Grouping|Indexes|Transactions|Database Design|Normalization,Intermediate,English,79.16,WsCube AI & Tech School,https://www.youtube.com/watch?v=1egh1UTNTdE
Backend Development,yt_html_566,"Complete Backend One Shot | Beginners to Advanced  | Learn Node.js, Express, MongoDB from Scratch",Node.js,Basics|Modules|NPM|File System|Events|Streams|HTTP|REST APIs|Authentication|Middleware|Security|Projects,Intermediate,English,79.12,Sheryians Coding School,https://www.youtube.com/watch?v=0IciwnJ6PJI
Backend Development,yt_html_1412,Docker Tutorial for Beginners to Advanced | Full Course 2026,Docker,Basics|Images|Containers|Dockerfile|Docker Compose|Networking|Volumes|Deployment,Intermediate,English,79.09,Step by Step,https://www.youtube.com/watch?v=Tw8i9p_GSpw
Backend Development,yt_html_537,Express js tutorial for beginners | REST api node js express | node js tutorial in hindi,Node.js,REST APIs,Beginner,Hindi,79.07,Hello World,https://www.youtube.com/watch?v=qthiEMUDCkU
Backend Development,yt_html_731,How to Design Production Grade APIs?,REST APIs,REST Architecture|Authentication|Authorization|API Security|API Testing|API Documentation,Advanced,English,79.05,Piyush Garg,https://www.youtube.com/watch?v=B43Bljf4vSk
Backend Development,yt_html_620,"Backend Development FULL  Course - In 6 Hours (Mongo DB, Express JS, Node JS) | 2026 Edition",Express.js,Basics|Routing|Middleware|REST APIs|Error Handling|Authentication|Authorization|Validation|Security|Projects,Intermediate,English,79.04,WsCube Tech,https://www.youtube.com/watch?v=vfaRzV3P92o
Backend Development,yt_html_652,Learn MVC Pattern with ExpressJS and NodeJS - Tutorial Beginner,Express.js,Basics|Routing|Projects,Beginner,English,79.03,PedroTech,https://www.youtube.com/watch?v=Cgvopu9zg8Y
Backend Development,yt_html_653,Node JS Express Tutorial | Express JS Tutorial For Beginners | Node.js +  ExpressJS | Edureka,Express.js,Basics|Routing|Middleware,Beginner,English,79.01,edureka!,https://www.youtube.com/watch?v=ofDqVjP4JRI
Backend Development,yt_html_1467,FREE Coding Bootcamp - Build 4 Full Stack Projects in 23 Hours,Full Stack Projects,Full Stack Applications|Frontend Projects|Backend Projects,Beginner,English,79.0,Codesistency,https://www.youtube.com/watch?v=MDZC8VDZnV8
Backend Development,yt_html_1369,Docker Tutorial for Beginners [FULL COURSE in 45 Minutes],Docker,Basics|Images|Containers|Dockerfile,Beginner,English,78.99,DevOps Genius Zone,https://www.youtube.com/watch?v=M43-6ZSYufg
Backend Development,yt_html_706,Python Django REST API In 30 Minutes - Django Tutorial,REST APIs,API Basics|HTTP Methods|Status Codes|Request & Response|REST Architecture,Beginner,English,78.92,PedroTech,https://www.youtube.com/watch?v=NoLF7Dlu5mc
Backend Development,yt_html_1468,"Build Your First Fullstack App in Under 2 Hours withm NodeJS, MongoDB, HTML, CSS & JavaScript",Full Stack Projects,Full Stack Applications,Beginner,English,78.81,ATO Tech,https://www.youtube.com/watch?v=-cvpNPRje-U
Backend Development,yt_html_635,How To Connect React To A Backend (Express.js) - React for beginners #7,Express.js,Basics|Routing|REST APIs|Projects,Beginner,English,78.68,Anthony Sistilli,https://www.youtube.com/watch?v=kJA9rDX7azM
Backend Development,yt_html_026,HTML Tutorial for Beginners | Complete HTML with Notes & Code,HTML,Basics|Elements & Attributes|Text & Formatting|Links & Navigation|Images|Lists|Tables|Forms|Semantic HTML|HTML5|Accessibility,Beginner,Hindi,78.63,Apna College,https://www.youtube.com/watch?v=HcOc7P5BMi4
Backend Development,yt_html_1004,MongoDB Tutorial ❤️ | MongoDB full playlist hindi | what is database & node js interview questions,MongoDB,Basics|CRUD Operations|Queries,Beginner,Hindi,78.48,Hello World,https://www.youtube.com/watch?v=IKpuBj8I3Qg
Backend Development,yt_html_987,MonogDB Tutorial For Beginners | What is MongoDB | MongoDB Installation On Linux | Simplilearn,MongoDB,Basics,Beginner,English,78.44,Simplilearn,https://www.youtube.com/watch?v=S3D5suhZ4bs
Backend Development,yt_html_638,Install Express JS | Express JS Setup | Express JS Tutorial for Beginners | Simplilearn,Express.js,Basics,Beginner,English,78.42,Simplilearn,https://www.youtube.com/watch?v=huc9RWb0yX4
Backend Development,yt_html_663,"🤯 Express.js 5 is here (since a month already, actually)",Express.js,Basics,Beginner,English,78.35,Academind,https://www.youtube.com/watch?v=-MMjFX5UfN4
Backend Development,yt_html_625,Express JS In 15 Minutes | Introduction To Express JS | Express JS Tutorial | Simplilearn,Express.js,Basics,Beginner,English,78.34,Simplilearn,https://www.youtube.com/watch?v=dyMCr2lD5k0
Backend Development,yt_html_1044,MongoDB Full Course in Hindi | Beginner to Advance Tutorial | Learn NoSQL Database Step-by-Step,MongoDB,Basics|CRUD Operations|Queries|Indexes|Aggregation|Schema Design|Data Modeling|Relationships|Transactions|MongoDB Atlas|Projects,Intermediate,Hindi,78.3,CodingHunger,https://www.youtube.com/watch?v=5AfUgOYEiwQ
Backend Development,yt_html_567,Node.js NPM Tutorial For Beginners | Learn Node.js Package Manager | Node.js Tutorial | Edureka,Node.js,Basics|NPM,Beginner,English,78.2,edureka!,https://www.youtube.com/watch?v=J2P7TN_-AeQ
Backend Development,yt_html_700,What is REST API and How Does it Work? | REST API Tutorial,REST APIs,API Basics|HTTP Methods|Status Codes|Request & Response|REST Architecture,Beginner,English,78.19,WsCube AI & Tech School,https://www.youtube.com/watch?v=T2hYvBShkh8
Backend Development,yt_html_013,HTML Tutorial For Beginners |HTML In 10 Minutes | HTML Basics For Beginners | Simplilearn,HTML,Basics|Elements & Attributes,Beginner,English,78.11,Simplilearn,https://www.youtube.com/watch?v=MDLn5-zSQQI
Backend Development,yt_html_522,Node JS tutorial in Hindi #1 Introduction | what is Node.JS,Node.js,Basics,Beginner,Hindi,78.06,Code Step By Step,https://www.youtube.com/watch?v=_P4hnzTnK64
Backend Development,yt_html_327,Master Git & GitHub in One Video! 🚀 Level Up Your Skills Now!,Git & GitHub,Git Basics|Repositories|Branches|Merge & Rebase|Remote Repositories|Pull Requests|Collaboration|GitHub Actions,Intermediate,English,78.05,Sheryians Coding School,https://www.youtube.com/watch?v=r8QQOAicu8Y
Backend Development,yt_html_1441,"Build a full stack project with NextJS, NextAuth, Imagekit and Mongodb",Full Stack Projects,Full Stack Applications|Authentication Projects,Intermediate,Hindi,78.03,Chai aur Code,https://www.youtube.com/watch?v=c8Z73cVl6x4
Backend Development,yt_html_163,JavaScript Tutorial for Beginners - Learn in 15 Minutes ( Crash Course 2026 ),JavaScript,Basics|Variables & Data Types|Operators|Control Flow|Functions|Arrays|Objects|Strings & Numbers,Beginner,English,78.02,ITower,https://www.youtube.com/watch?v=TioxU0wdMQg
Backend Development,yt_html_335,Git and GitHub - Full Course,Git & GitHub,Git Basics|Repositories|Branches|Merge & Rebase|Remote Repositories|Pull Requests|Collaboration,Beginner,English,77.97,Boot dev,https://www.youtube.com/watch?v=rH3zE7VlIMs
Backend Development,yt_html_202,JavaScript: The Complete Crash Course,JavaScript,Basics|Variables & Data Types|Operators|Control Flow|Functions|Arrays|Objects|Strings & Numbers|DOM|Events|Error Handling|ES6+|Modules|Asynchronous JavaScript|Promises & Async/Await|Fetch API|Web APIs|Projects,Beginner,English,77.94,Boot dev,https://www.youtube.com/watch?v=OOOfBC1grl0
Backend Development,yt_html_033,HTML Tutorial For Beginners 2026 | Learn HTML In 5 Hours | HTML Full Course | Simplilearn,HTML,Basics|Elements & Attributes|Text & Formatting|Links & Navigation|Images|Lists|Tables|Forms|Semantic HTML|Multimedia|HTML5|Accessibility,Beginner,English,77.9,Simplilearn,https://www.youtube.com/watch?v=OUjU--gVylE
Backend Development,yt_html_582,Top 5 MOST Difficult Node.js Interview Questions (With Answers & Explanations!) #nodejsinterview,Node.js,Modules|NPM|Events|Streams|HTTP|Security,Advanced,English,77.9,Shubham Kulkarni | Coding and Interviews,https://www.youtube.com/watch?v=Ofn1du_mzRg
Backend Development,yt_html_489,🚀🔥 React & Redux Complete Course (2024) with Projects | Notes | Free Certification,React,Basics|Components|JSX|Props|State|Hooks|Events & Forms|Conditional Rendering|Lists & Keys|Context API|Routing|API Integration|State Management|Projects,Advanced,Hindi,77.84,Complete Coding by Prashant Sir,https://www.youtube.com/watch?v=eILUmCJhl64
Backend Development,yt_html_1055,Master MongoDB Indexing in One Video: Boost Your Database Performance Instantly!,MongoDB,Indexes,Advanced,English,77.82,Engineering Digest,https://www.youtube.com/watch?v=yo6ZXsgsyBA
Backend Development,yt_html_627,Node.js & Express.js Full Course 2025 - Beginner to Pro,Express.js,Basics|Routing|Middleware|REST APIs|Error Handling|Authentication|Authorization|Validation|Security|Projects,Intermediate,English,77.7,Patel MernStack,https://www.youtube.com/watch?v=PCcMF1xTQO0
Backend Development,yt_html_233,JavaScript FULL Course for Beginner to PRO in 14 Hours (Projects + Questions),JavaScript,Basics|Variables & Data Types|Operators|Control Flow|Functions|Arrays|Objects|Strings & Numbers|DOM|Events|Error Handling|ES6+|Modules|Asynchronous JavaScript|Promises & Async/Await|Fetch API|Web APIs|Projects,Intermediate,English,77.56,WsCube AI & Tech School,https://www.youtube.com/watch?v=D_Zj9RKYXsE
Backend Development,yt_html_1002,What Is MongoDB? | What Is MongoDB And How It Works | MongoDB Tutorial For Beginners | Simplilearn,MongoDB,Basics,Beginner,English,77.28,Simplilearn,https://www.youtube.com/watch?v=SnqPyqRh4r4
Backend Development,yt_html_591,How NodeJS Works?,Node.js,Basics|Events,Beginner,English,77.17,Piyush Garg,https://www.youtube.com/watch?v=y0aTs56DJWk
Backend Development,yt_html_548,What is NodeJS?,Node.js,Basics,Beginner,English,77.15,Piyush Garg,https://www.youtube.com/watch?v=ohIAiuHMKMI
Backend Development,yt_html_676,COMPLETE APIs Crash Course In 14 Minutes [w/ FREE Project] | Vishakha Sadhwani,REST APIs,API Basics|HTTP Methods|Status Codes|Request & Response|REST Architecture,Beginner,English,77.09,Vishakha Sadhwani,https://www.youtube.com/watch?v=UXA8MJUWUqU
Backend Development,yt_html_124,"CSS Tutorial for Beginners | Complete CSS with Project, Notes & Code",CSS,Basics|Selectors|Box Model|Colors & Backgrounds|Typography|Positioning|Flexbox|CSS Grid|Responsive Design|Animations & Transitions|Projects,Beginner,Hindi,77.05,Apna College,https://www.youtube.com/watch?v=ESnrn1kAD4E
Backend Development,yt_html_641,React Server Side Rendering Introduction For Beginners - ReactJS ssr with Expressjs,Express.js,Basics,Beginner,English,76.87,Maksim Ivanov,https://www.youtube.com/watch?v=NwyQONeqRXA
Backend Development,yt_html_608,What Is Express JS? | Express JS Tutorial for Beginners 2026 | Express JS API | Simplilearn,Express.js,Basics,Beginner,English,76.86,Simplilearn,https://www.youtube.com/watch?v=0QRFOsrBtXw
Backend Development,yt_html_590,"Full NGINX Tutorial - Demo Project with Node.js, Docker",Node.js,HTTP|Projects,Intermediate,English,76.83,TechWorld with Nana,https://www.youtube.com/watch?v=q8OleYuqntY
Backend Development,yt_html_440,🔥 🔥 Complete React Js with Project tutorial in hindi 🔥 🔥 + Backend Spring boot,React,Basics|Components|JSX|Props|State|Hooks|Events & Forms|Conditional Rendering|Lists & Keys|Routing|API Integration|Projects,Beginner,Hindi,76.35,Learn Code With Durgesh,https://www.youtube.com/watch?v=TjnWtDWFZFc
Backend Development,yt_html_584,Master Node JS in an easy way,Node.js,Basics,Beginner,English,76.25,Nova Designs,https://www.youtube.com/watch?v=2YIgGdUtbXM
Backend Development,yt_html_577,Node JS Backend Developer Roadmap 2025 ft. Namaste Node.js (from Zero to Hero),Node.js,Basics|Modules|NPM|File System|Events|Streams|HTTP|REST APIs|Authentication|Middleware|Security|Projects,Beginner,English,76.19,Akshay Saini,https://www.youtube.com/watch?v=iRUkfCzJEgM
Backend Development,yt_html_1475,"Full Stack Web Development Roadmap for Beginners | Skills, Projects and AI Tools You Need",Full Stack Projects,Beginner Projects|Full Stack Applications|Authentication Projects|Deployment Projects,Beginner,English,76.06,College Wallah,https://www.youtube.com/watch?v=3f8cnztbt3s
Backend Development,yt_html_232,📌 Master Advanced JavaScript (ES6+) | Complete Tutorial for Modern Developers,JavaScript,ES6+,Advanced,English,75.93,w3runs,https://www.youtube.com/watch?v=yyrq_8-bk0s
Backend Development,yt_html_660,Node.js Express Tutorial | Build Restful APIs with Node.js and Express | Edureka,Express.js,Basics|Routing|Middleware|REST APIs,Beginner,English,75.47,edureka!,https://www.youtube.com/watch?v=7nulchT1Ruk
Backend Development,yt_html_1490,"React Native Full Course 2026 | Build, Publish and Monetize a Full Stack Mobile App to App Store",Full Stack Projects,Full Stack Applications|Backend Projects|Deployment Projects,Intermediate,English,74.91,JavaScript Mastery,https://www.youtube.com/watch?v=4nVoLX2taFg
Backend Development,yt_html_524,Node JS Tutorial For Beginners 2025 | Node JS Backend Tutorials Step by Step With Example,Node.js,Basics|Modules|NPM|File System|HTTP|REST APIs|Middleware,Beginner,English,74.44,GreatStack,https://www.youtube.com/watch?v=yGl3f0xTl_0
Backend Development,yt_html_534,"Backend Complete Course | NodeJS, ExpressJS, JWT, PostgreSQL, Prisma...",Node.js,Basics|Modules|NPM|HTTP|REST APIs|Authentication|Middleware|Security|Projects,Intermediate,English,74.26,PedroTech,https://www.youtube.com/watch?v=g09PoiCob4Y
Backend Development,yt_html_1474,11 CRAZY Backend Project Ideas That Pushes Your Limits,Full Stack Projects,Backend Projects,Advanced,English,73.93,Manware,https://www.youtube.com/watch?v=NULWyn8Hqs8
Backend Development,yt_html_667,🚀 Backend - The EndGame (Part-1) | Mastering Advanced Concepts | Backend (Node JS) Series,Express.js,Routing|Middleware|Error Handling|Security|Authentication,Advanced,English,72.34,Sheryians Coding School,https://www.youtube.com/watch?v=ZpszSj3ziQk
Backend Development,yt_html_242,Advanced JavaScript Tutorial | JavaScript Training | JavaScript Programming Tutorial | Edureka,JavaScript,ES6+|Modules|Asynchronous JavaScript|Promises & Async/Await|Fetch API|Web APIs,Advanced,English,71.44,edureka!,https://www.youtube.com/watch?v=IljVmcDDrOg
Backend Development,yt_html_157,CSS Advanced Tutorial | Advanced CSS Tutorial | Learn CSS Advanced 2026 | CSS Tutorial | Simplilearn,CSS,Advanced CSS,Advanced,English,70.52,Simplilearn,https://www.youtube.com/watch?v=G-YnvsCz_1g
CRUD,yt_html_596,Node JS Full Course 2026 | Complete Backend Development Course | 17 Hours,Node.js,Basics|Modules|NPM|File System|Events|Streams|HTTP|REST APIs|Authentication|Middleware|Security|Projects,Intermediate,English,86.93,Sangam Mukherjee,https://www.youtube.com/watch?v=XdH3gpcwnoA
CRUD,yt_html_562,Intro to Backend Web Development – Node.js & Express Tutorial for Beginners,Node.js,Basics|HTTP|REST APIs|Middleware|Projects,Beginner,English,85.71,freeCodeCamp.org,https://www.youtube.com/watch?v=KOutPbKc9UM
CRUD,yt_html_1012,MongoDB Zero to Hero in 83 Minutes | Complete course with Realtime Projects,MongoDB,Basics|CRUD Operations|Queries|Indexes|Aggregation|Schema Design|Data Modeling|Relationships|Transactions|MongoDB Atlas|Projects,Beginner,English,85.44,Abhishek.Veeramalla,https://www.youtube.com/watch?v=x1-naBN7e84
CRUD,yt_html_520,"Learn Node JS in 40 Minutes (Crash Course) - Express, CRUD APIs, etc",Node.js,Basics|HTTP|REST APIs|Middleware|NPM,Beginner,English,85.27,RoadsideCoder,https://www.youtube.com/watch?v=bqy1Sa6Ha7o
CRUD,yt_html_491,React JS Full Course for Beginners | Complete All-in-One Tutorial | 9 Hours,React,Basics|Components|JSX|Props|State|Hooks|Events & Forms|Conditional Rendering|Lists & Keys|Context API|Routing|API Integration|State Management|Projects,Beginner,English,84.02,Dave Gray,https://www.youtube.com/watch?v=RVFAyFWO4go
CRUD,yt_html_999,MongoDB Crash Course 2026 (with Handbook),MongoDB,Basics|CRUD Operations|Queries|Indexes|Aggregation|Schema Design|Data Modeling|Relationships,Beginner,Hindi,83.76,CodeWithHarry,https://www.youtube.com/watch?v=M1dKYQ7GsTg
CRUD,yt_html_609,"CRUD API Tutorial – Node, Express, MongoDB",Express.js,Basics|Routing|Middleware|REST APIs|Projects,Intermediate,English,83.41,freeCodeCamp.org,https://www.youtube.com/watch?v=_7UQPve99r4
CRUD,yt_html_1026,MongoDB Crash Course,MongoDB,Basics|CRUD Operations|Queries,Beginner,English,83.2,Web Dev Simplified,https://www.youtube.com/watch?v=ofme2o29ngU
CRUD,yt_html_531,Node.js and Express.js - Complete Course for Beginners | Learn Node.js in 6 Hours,Node.js,Basics|Modules|NPM|File System|HTTP|REST APIs|Middleware|Authentication|Security|Projects,Beginner,English,83.04,Dipesh Malvia,https://www.youtube.com/watch?v=ekRpc5YgVZU
CRUD,yt_html_1007,Learn MongoDB in 1 hour 🍃,MongoDB,Basics|CRUD Operations|Queries,Beginner,English,83.0,Bro Code,https://www.youtube.com/watch?v=c2M-rlkkT5o
CRUD,yt_html_530,Node.js Full Course in Hindi 2025 | Learn Node.js with Projects | Complete Backend Tutorial,Node.js,Basics|Modules|NPM|File System|Events|Streams|HTTP|REST APIs|Authentication|Middleware|Security|Projects,Beginner,Hindi,82.93,Code Step By Step,https://www.youtube.com/watch?v=Eafgk0GbEUg
CRUD,yt_html_626,Backend Full Course | NodeJS ExpressJS PostgreSQL Prisma & Docker,Express.js,Basics|Routing|Middleware|REST APIs|Error Handling|Authentication|Authorization|Validation|Security|Projects,Intermediate,English,82.89,Smoljames,https://www.youtube.com/watch?v=9BD9eK9VqXA
CRUD,yt_html_1003,MongoDb Tutorial For Beginners in Hindi 🔥🔥,MongoDB,Basics|CRUD Operations|Queries,Beginner,Hindi,82.39,CodeWithHarry,https://www.youtube.com/watch?v=oSIv-E60NiU
CRUD,yt_html_633,Build a REST API with Node JS and Express | CRUD API Tutorial,Express.js,REST APIs|Routing|Projects,Beginner,English,82.37,JavaScript Mastery,https://www.youtube.com/watch?v=l8WPWK9mS5M
CRUD,yt_html_980,MASTER SQL 🔥 | Beginners to Advance SQL Using MSSQL Server in ONE VIDEO [HINDI],SQL,Basics|SELECT Queries|Filtering & Sorting|Joins|Functions|Subqueries|Grouping|Indexes|Transactions|Database Design|Normalization,Intermediate,Hindi,82.25,MPrashant TECH,https://www.youtube.com/watch?v=4bTt1JbAp3M
CRUD,yt_html_1000,MongoDB Tutorial In 6 haurs | Full MongoDB Course | MongoDB Tutorial for Beginners (2026),MongoDB,Basics|CRUD Operations|Queries|Indexes|Aggregation|Schema Design|Data Modeling|Relationships|Transactions|MongoDB Atlas|Projects,Beginner,English,82.07,ProgrammingKnowledge,https://www.youtube.com/watch?v=d2MnfyV20hk
CRUD,yt_html_1036,MongoDB One Shot Crash Course | Complete MongoDB Tutorial for Beginners to Advanced (2026),MongoDB,Basics|CRUD Operations|Queries|Indexes|Aggregation|Schema Design|Data Modeling|Relationships|Transactions|MongoDB Atlas|Projects,Intermediate,English,82.05,RStudios Inc.,https://www.youtube.com/watch?v=b6Ah4qQpMWs
CRUD,yt_html_569,Node JS Full Course 2024 | Complete Backend Development Course | Part 1,Node.js,Basics|Modules|NPM|File System|Events|Streams|HTTP|REST APIs|Authentication|Middleware|Security|Projects,Beginner,English,81.98,Sangam Mukherjee,https://www.youtube.com/watch?v=MIJt9H69QVc
CRUD,yt_html_1463,How Senior Engineers Actually Build With AI in 2026 | Build a Full Stack Systems Architecture App,Full Stack Projects,Full Stack Applications,Advanced,English,81.67,JavaScript Mastery,https://www.youtube.com/watch?v=14RP8liACqo
CRUD,yt_html_636,MVC Model-View-Controller Example | CRUD REST API | Node.js & Express tutorials for Beginners,Express.js,Basics|Routing|REST APIs|Projects,Beginner,English,81.53,Dave Gray,https://www.youtube.com/watch?v=Dco1gzVZKVk
CRUD,yt_html_1025,Full MongoDB Tutorial for Beginners | Learn What is MongoDB from Scratch,MongoDB,Basics|CRUD Operations|Queries,Beginner,English,81.53,WsCube Tech,https://www.youtube.com/watch?v=_QAhJG5LuAc
CRUD,yt_html_990,MongoDB Tutorial for Beginners 2026 | Full Course,MongoDB,Basics|CRUD Operations|Queries|Indexes|Aggregation|Schema Design|Data Modeling|Relationships|Transactions,Beginner,English,81.44,Codynn,https://www.youtube.com/watch?v=p1NEtNmO33s
CRUD,yt_html_581,Node.js Tutorial in Hindi (2026) | Complete Backend Development Course with 5 Projects,Node.js,Basics|Modules|NPM|File System|Events|Streams|HTTP|REST APIs|Authentication|Middleware|Security|Projects,Intermediate,Hindi,81.41,Web Dev Mastery,https://www.youtube.com/watch?v=EfWlJ9-1fVw
CRUD,yt_html_710,Build REST APIs in Spring Boot | Spring MVC | Request Validation | In One Shot | Hindi,REST APIs,API Basics|HTTP Methods|Status Codes|Request & Response|REST Architecture,Intermediate,Hindi,81.37,Anuj Kumar Sharma,https://www.youtube.com/watch?v=Gzk9QiJQ140
CRUD,yt_html_650,"Node.js, Express & MySQL Tutorial - Build a Simple FullStack App",Express.js,Basics|Routing|Middleware|REST APIs|Projects,Intermediate,English,81.27,Nsquared Coding,https://www.youtube.com/watch?v=vrj9AohVhPA
CRUD,yt_html_1011,MongoDB Crash Course 2023,MongoDB,Basics|CRUD Operations|Queries|Indexes|Aggregation|Schema Design|Data Modeling,Beginner,English,81.2,NeetCodeIO,https://www.youtube.com/watch?v=QPFlGswpyJY
CRUD,yt_html_945,SQL Course | SQL Tutorial For Beginners | Learn SQL | Intellipaat,SQL,Basics|SELECT Queries|Filtering & Sorting|Joins|Functions|Grouping|Subqueries,Beginner,English,81.19,Intellipaat,https://www.youtube.com/watch?v=wkOD6mbXc2M
CRUD,yt_html_1043,"MongoDB (NoSQL) + PostgreSQL (SQL) Complete Database Course | Queries, Code & Project | Advanced",MongoDB,Basics|CRUD Operations|Queries|Projects,Advanced,English,81.09,Dev. Shivansh Vasu,https://www.youtube.com/watch?v=ZEoNy2nbO6Q
CRUD,yt_html_649,Socket.io Beginner Tutorial - NodeJS + ExpressJS,Express.js,Basics|Projects,Beginner,English,80.94,PedroTech,https://www.youtube.com/watch?v=zWSvb5t_zH4
CRUD,yt_html_1017,Introduction To MongoDB | MongoDB Tutorial For Beginners | Learn MongoDB | Simplilearn,MongoDB,Basics,Beginner,English,80.83,Simplilearn,https://www.youtube.com/watch?v=XnRS82MWFyc
CRUD,yt_html_514,All React Hooks Explained - React Hooks Tutorial 2025,React,Hooks,Intermediate,English,80.75,PedroTech,https://www.youtube.com/watch?v=xfKYYRE6-TQ
CRUD,yt_html_226,JavaScript Full Course 2026 | Master Javascript in 22 Hours,JavaScript,Basics|Variables & Data Types|Operators|Control Flow|Functions|Arrays|Objects|Strings & Numbers|DOM|Events|Error Handling|ES6+|Modules|Asynchronous JavaScript|Promises & Async/Await|Fetch API|Web APIs|Projects,Beginner,English,80.67,Coder Army,https://www.youtube.com/watch?v=6_NrgoEkjnE
CRUD,yt_html_722,API Development with Django REST Framework - Master DRF In Just 4 Hours,REST APIs,API Basics|HTTP Methods|Status Codes|Request & Response|REST Architecture|Authentication|Authorization|API Security|API Testing|API Documentation,Intermediate,English,80.63,Tech With Rathan,https://www.youtube.com/watch?v=8d1HgJTEGe8
CRUD,yt_html_533,Node JS Tutorial for Beginners in 2026 | Build APIs & Backend Applications,Node.js,Basics|Modules|NPM|HTTP|REST APIs|Projects,Beginner,English,80.53,HeroDev,https://www.youtube.com/watch?v=BuGUn4J3Jvw
CRUD,yt_html_985,MongoDB Full Course 2026 | MongoDB Tutorial | MongoDB | MongoDB For Beginners | Simplilearn,MongoDB,Basics|CRUD Operations|Queries|Indexes|Aggregation|Schema Design|Data Modeling|Relationships|Transactions|MongoDB Atlas|Projects,Beginner,English,80.27,Simplilearn,https://www.youtube.com/watch?v=8eJJe4Slnik
CRUD,yt_html_523,Node.js Full Course for Beginners | Complete All-in-One Tutorial | 7 Hours,Node.js,Basics|Modules|NPM|File System|Events|Streams|HTTP|REST APIs|Authentication|Middleware|Security|Projects,Beginner,English,80.25,Dave Gray,https://www.youtube.com/watch?v=f2EqECiTBL8
CRUD,yt_html_571,Learn Node.js & Express with Project in 2 Hours,Node.js,Basics|NPM|HTTP|REST APIs|Middleware|Projects,Beginner,English,80.25,Dipesh Malvia,https://www.youtube.com/watch?v=H9M02of22z4
CRUD,yt_html_995,MongoDB Course | MongoDB Tutorial | MongoDB For Beginners | MongoDB Full Course | Intellipaat,MongoDB,Basics|CRUD Operations|Queries|Indexes|Aggregation|Schema Design|Data Modeling|Relationships|Transactions|MongoDB Atlas|Projects,Beginner,English,80.14,Intellipaat,https://www.youtube.com/watch?v=aDd4HiGQSIU
CRUD,yt_html_998,Master MongoDB: The Ultimate Step-by-Step Guide | MongoDB Tutorial for Beginners,MongoDB,Basics|CRUD Operations|Queries|Indexes|Aggregation|Schema Design|Data Modeling|Relationships|Projects,Beginner,English,80.14,Amit Thinks,https://www.youtube.com/watch?v=cZ79avoq9UU
CRUD,yt_html_690,Spring Boot Tutorial – Build Your First REST API in 15 Minutes (Beginner Guide),REST APIs,API Basics|HTTP Methods|Status Codes|Request & Response|REST Architecture,Beginner,English,80.06,Alan Lands,https://www.youtube.com/watch?v=wfj-Z9OQpCA
CRUD,yt_html_725,API Full Course for Beginners (2026) | REST APIs | Vishwa Sir | upGrad,REST APIs,API Basics|HTTP Methods|Status Codes|Request & Response|REST Architecture,Beginner,English,80.05,upGrad,https://www.youtube.com/watch?v=-58TX3yCHI4
CRUD,yt_html_681,REST API Interview Questions (Beginner Level),REST APIs,API Basics|HTTP Methods|Status Codes|Request & Response|REST Architecture|Authentication,Beginner,English,79.82,Aced (formerly Exponent),https://www.youtube.com/watch?v=faMdrSCVDzc
CRUD,yt_html_1464,MERN Finance Tracker App with User Management - Build A Fullstack React Intermediate Project,Full Stack Projects,MERN Projects|Authentication Projects|Full Stack Applications,Intermediate,English,79.79,PedroTech,https://www.youtube.com/watch?v=4NZx9OF07qY
CRUD,yt_html_994,MongoDB with Node.js Tutorial for Beginners,MongoDB,Basics|CRUD Operations|Queries,Beginner,English,79.76,ProgrammingKnowledge,https://www.youtube.com/watch?v=WWujIKtJoOM
CRUD,yt_html_1009,MongoDB Tutorial in 1 Hour (2024) 🍃,MongoDB,Basics|CRUD Operations|Queries|Indexes|Aggregation|Schema Design|Relationships,Beginner,Hindi,79.68,CodeWithHarry,https://www.youtube.com/watch?v=J6mDkcqU_ZE
CRUD,yt_html_697,Learn Rest API Testing Fundamentals with real time Examples in 75Minutes,REST APIs,API Testing|Request & Response|HTTP Methods|Status Codes,Beginner,English,79.65,Rahul Shetty Academy,https://www.youtube.com/watch?v=bdHeDZPrYec
CRUD,yt_html_607,Learn Express.js & Node.js from Scratch | Complete Beginner-Friendly Course 2025,Express.js,Basics|Routing|Middleware|REST APIs|Projects,Beginner,English,79.64,Codynn,https://www.youtube.com/watch?v=IGUDsbTglk4
CRUD,yt_html_1014,Master MongoDB in One Video | Complete Beginner to Advanced Course [Hindi],MongoDB,Basics|CRUD Operations|Queries|Indexes|Aggregation|Schema Design|Data Modeling|Relationships|Transactions|MongoDB Atlas|Projects,Intermediate,Hindi,79.56,MPrashant TECH,https://www.youtube.com/watch?v=tww-gbNPOcA
CRUD,yt_html_989,MongoDB and Python Tutorial for Beginners: Getting Started with PyMongo,MongoDB,Basics|CRUD Operations,Beginner,English,79.49,CodeLucky,https://www.youtube.com/watch?v=XAQQL0-uToc
CRUD,yt_html_983,MongoDB Complete Course Tutorial in Hindi🔥Free Notes & Projects,MongoDB,Basics|CRUD Operations|Queries|Indexes|Aggregation|Schema Design|Data Modeling|Relationships|Transactions|MongoDB Atlas|Projects,Beginner,Hindi,79.41,Thapa Technical,https://www.youtube.com/watch?v=rU9ZODw5yvU
CRUD,yt_html_997,MongoDB Tutorial in 40 Min(2024),MongoDB,Basics|CRUD Operations|Queries,Beginner,English,79.25,CodeEase with Anu ,https://www.youtube.com/watch?v=XEj2KBEV0k4
CRUD,yt_html_620,"Backend Development FULL  Course - In 6 Hours (Mongo DB, Express JS, Node JS) | 2026 Edition",Express.js,Basics|Routing|Middleware|REST APIs|Error Handling|Authentication|Authorization|Validation|Security|Projects,Intermediate,English,79.04,WsCube Tech,https://www.youtube.com/watch?v=vfaRzV3P92o
CRUD,yt_html_724,Python API Development - Comprehensive Course for Beginners,REST APIs,API Basics|HTTP Methods|Status Codes|Request & Response|REST Architecture|Authentication|Authorization|API Security|API Testing|API Documentation,Beginner,English,79.04,freeCodeCamp.org,https://www.youtube.com/watch?v=0sOvCWFmrtA
CRUD,yt_html_652,Learn MVC Pattern with ExpressJS and NodeJS - Tutorial Beginner,Express.js,Basics|Routing|Projects,Beginner,English,79.03,PedroTech,https://www.youtube.com/watch?v=Cgvopu9zg8Y
CRUD,yt_html_706,Python Django REST API In 30 Minutes - Django Tutorial,REST APIs,API Basics|HTTP Methods|Status Codes|Request & Response|REST Architecture,Beginner,English,78.92,PedroTech,https://www.youtube.com/watch?v=NoLF7Dlu5mc
CRUD,yt_html_646,ExpressJS Routes Tutorial - Separating Routes into Different Files,Express.js,Routing,Intermediate,English,78.71,PedroTech,https://www.youtube.com/watch?v=0Hu27PoloYw
CRUD,yt_html_1051,Get More $out of Aggregation (MongoDB World 2022),MongoDB,Aggregation,Advanced,English,78.69,MongoDB,https://www.youtube.com/watch?v=_TGqaBUU_zw
CRUD,yt_html_986,MongoDB Tutorial for Beginners 1 - Introduction to MongoDB + Installing MongoDB,MongoDB,Basics,Beginner,English,78.65,ProgrammingKnowledge,https://www.youtube.com/watch?v=GtD93tVZDX4
CRUD,yt_html_1004,MongoDB Tutorial ❤️ | MongoDB full playlist hindi | what is database & node js interview questions,MongoDB,Basics|CRUD Operations|Queries,Beginner,Hindi,78.48,Hello World,https://www.youtube.com/watch?v=IKpuBj8I3Qg
CRUD,yt_html_939,SQL Course | SQL Training | SQL Tutorial For Beginners | Intellipaat,SQL,Basics|SELECT Queries|Filtering & Sorting|Joins|Functions|Grouping|Subqueries,Beginner,English,78.44,Intellipaat,https://www.youtube.com/watch?v=LGTbdjoEBVM
CRUD,yt_html_1044,MongoDB Full Course in Hindi | Beginner to Advance Tutorial | Learn NoSQL Database Step-by-Step,MongoDB,Basics|CRUD Operations|Queries|Indexes|Aggregation|Schema Design|Data Modeling|Relationships|Transactions|MongoDB Atlas|Projects,Intermediate,Hindi,78.3,CodingHunger,https://www.youtube.com/watch?v=5AfUgOYEiwQ
CRUD,yt_html_992,MongoDB Tutorial-1 | MongoDB Tutorial for Beginners-1 | Edureka,MongoDB,Basics|CRUD Operations|Queries,Beginner,English,78.13,edureka!,https://www.youtube.com/watch?v=i57Fr5CgN4k
CRUD,yt_html_717,Build REST APIs in .NET 9 – Full Course for Beginners,REST APIs,API Basics|HTTP Methods|Status Codes|Request & Response|REST Architecture,Beginner,English,78.03,freeCodeCamp.org,https://www.youtube.com/watch?v=38GNKtclDdE
CRUD,yt_html_651,Building A Rest API with NodeJS and ExpressJS | Beginners Tutorial,Express.js,Basics|Routing|Middleware|REST APIs|Projects,Beginner,English,77.87,PedroTech,https://www.youtube.com/watch?v=1I5Jn1MWzlI
CRUD,yt_html_1030,MongoDB Tutorial for Beginners - 15 - MongoDB NodeJS (1/5),MongoDB,Basics,Beginner,English,77.42,Codevolution,https://www.youtube.com/watch?v=ZahCKSO5i_Q
CRUD,yt_html_1041,MongoDB Tutorial For Beginners - #5. Update Data in MongoDB [2018],MongoDB,CRUD Operations,Beginner,English,76.61,The IT Guy,https://www.youtube.com/watch?v=W1vax27E7c4
CRUD,yt_html_504,React JS Full Course 2026 | Complete React Tutorial for Beginners to Advanced | 11 Hours,React,Basics|Components|JSX|Props|State|Hooks|Events & Forms|Conditional Rendering|Lists & Keys|Context API|Routing|API Integration|State Management|Performance|Authentication|Projects,Intermediate,English,76.01,CodingOtt,https://www.youtube.com/watch?v=guWM4Zs8QlU
CRUD,yt_html_1016,MongoDB Tutorial For Beginners | Full Course,MongoDB,Basics|CRUD Operations|Queries|Indexes|Aggregation|Schema Design|Data Modeling|Relationships,Beginner,English,75.49,Amigoscode,https://www.youtube.com/watch?v=Www6cTUymCY
CRUD,yt_html_521,Node js complete tutorial in Hindi -  Full Node course in one video,Node.js,Basics|Modules|NPM|File System|Events|Streams|HTTP|REST APIs|Authentication|Middleware|Security|Projects,Beginner,Hindi,74.87,Code Step By Step,https://www.youtube.com/watch?v=VrQgmNY96wo
CRUD,yt_html_169,All The JavaScript You Need To Know For React,JavaScript,Basics|ES6+|Functions|Objects|Arrays|Strings & Numbers|Modules|Promises & Async/Await|Fetch API,Intermediate,English,73.8,PedroTech,https://www.youtube.com/watch?v=m55PTVUrlnA
CRUD,yt_html_654,GraphQL Tutorial Beginner - Learn GraphQL in NodeJS / ExpressJS,Express.js,Basics,Beginner,English,72.63,PedroTech,https://www.youtube.com/watch?v=Dr2dDWzThK8
CRUD,yt_html_1050,Top 10 MongoDB Interview Questions and Answers | MongoDB Interview Preparation,MongoDB,Basics|CRUD Operations|Queries|Indexes|Aggregation|Schema Design|Data Modeling|Relationships|Transactions|MongoDB Atlas,Intermediate,English,71.69,Interview Happy,https://www.youtube.com/watch?v=477JliW7GKQ
Deployment,yt_html_323,Git & GitHub Crash Course 2025,Git & GitHub,Git Basics|Repositories|Branches|Merge & Rebase|Remote Repositories|Pull Requests|Collaboration,Beginner,English,87.18,Traversy Media,https://www.youtube.com/watch?v=vA5TTz6BXhY
Deployment,yt_html_250,Git and GitHub Tutorial for Beginners,Git & GitHub,Git Basics|Repositories|Branches|Remote Repositories,Beginner,English,86.09,Kevin Stratvert,https://www.youtube.com/watch?v=tRZGeaHPoaw
Deployment,yt_html_1349,Docker Tutorial for Beginners,Docker,Basics|Images|Containers|Dockerfile,Beginner,English,85.61,mCoding,https://www.youtube.com/watch?v=b0HMimUb4f0
Deployment,yt_html_442,"React Tutorial Full Course - Beginner to Pro (React 19, 2025)",React,Basics|Components|JSX|Props|State|Hooks|Events & Forms|Conditional Rendering|Lists & Keys|Context API|Routing|API Integration|State Management|Performance|Authentication|Projects,Intermediate,English,85.47,SuperSimpleDev,https://www.youtube.com/watch?v=TtPXvEcE11E
Deployment,yt_html_1421,Docker Full Course for Beginners (2026) | Build & Deploy Real-World Projects,Docker,Basics|Images|Containers|Dockerfile|Docker Compose|Networking|Volumes|Deployment,Beginner,English,85.47,Sarvin Style Coding,https://www.youtube.com/watch?v=ekiGWd-Wark
Deployment,yt_html_476,React JS - React Tutorial for Beginners,React,Basics|Components|JSX|Props|State|Hooks|Events & Forms|Conditional Rendering|Lists & Keys,Beginner,English,85.32,Programming with Mosh,https://www.youtube.com/watch?v=Ke90Tje7VS0
Deployment,yt_html_432,Learn React JS - Full Course for Beginners - Tutorial 2019,React,Basics|Components|JSX|Props|State|Hooks|Events & Forms|Conditional Rendering|Lists & Keys|Context API|Routing|API Integration|State Management|Performance|Authentication|Projects,Beginner,English,84.89,freeCodeCamp.org,https://www.youtube.com/watch?v=DLX62G4lc44
Deployment,yt_html_122,CSS Tutorial In Hindi (With Notes) 🔥,CSS,Basics|Selectors|Box Model|Colors & Backgrounds|Typography|Positioning|Flexbox|CSS Grid|Responsive Design|Animations & Transitions|Advanced CSS|Projects,Beginner,Hindi,84.76,CodeWithHarry,https://www.youtube.com/watch?v=Edsxf_NBFrw
Deployment,yt_html_433,Learn React JS - Full Beginner’s Tutorial & Practice Projects,React,Basics|Components|JSX|Props|State|Hooks|Events & Forms|Conditional Rendering|Lists & Keys|Context API|Routing|API Integration|State Management|Performance|Authentication|Projects,Beginner,English,84.66,freeCodeCamp.org,https://www.youtube.com/watch?v=x4rFhThSX04
Deployment,yt_html_505,React Performance Optimization Patterns Course,React,Performance,Advanced,English,84.65,freeCodeCamp.org,https://www.youtube.com/watch?v=keTcXT145CI
Deployment,yt_html_1423,Dockerfile creation Tutorial - Dockerfile Instructions Explained with example!,Docker,Dockerfile|Images,Beginner,English,84.64,Cloud Champ,https://www.youtube.com/watch?v=1ymi24PeF3M
Deployment,yt_html_1436,The Only Full Stack Roadmap You Need in 2026 (MERN + AI) | | Sagar Chouksey,Full Stack Projects,MERN Projects|Full Stack Applications,Intermediate,English,84.53,Coding With Sagar,https://www.youtube.com/watch?v=UmGnJ475EcU
Deployment,yt_html_683,Build a REST API in Python | API Crash Course,REST APIs,API Basics|HTTP Methods|Status Codes|Request & Response|REST Architecture,Beginner,English,84.27,Code with Josh,https://www.youtube.com/watch?v=Ha3ls0EAtW8
Deployment,yt_html_457,React Tutorial for Beginners,React,Basics|Components|JSX|Props|State|Hooks|Events & Forms|Conditional Rendering|Lists & Keys|Routing|API Integration,Beginner,English,84.22,Programming with Mosh,https://www.youtube.com/watch?v=SqcY0GlETPk
Deployment,yt_html_478,ReactJS Full Course | ReactJS - Learn Everything | Sheryians Coding School,React,Basics|Components|JSX|Props|State|Hooks|Events & Forms|Conditional Rendering|Lists & Keys|Context API|Routing|API Integration|State Management|Performance|Authentication|Projects,Intermediate,English,84.17,Sheryians Coding School,https://www.youtube.com/watch?v=3LRZRSIh_KE
Deployment,yt_html_491,React JS Full Course for Beginners | Complete All-in-One Tutorial | 9 Hours,React,Basics|Components|JSX|Props|State|Hooks|Events & Forms|Conditional Rendering|Lists & Keys|Context API|Routing|API Integration|State Management|Projects,Beginner,English,84.02,Dave Gray,https://www.youtube.com/watch?v=RVFAyFWO4go
Deployment,yt_html_447,React Course - Beginner's Tutorial for React JavaScript Library [2022],React,Basics|Components|JSX|Props|State|Hooks|Events & Forms|Conditional Rendering|Lists & Keys|Context API|Routing|API Integration|State Management|Performance|Authentication|Projects,Beginner,English,83.87,freeCodeCamp.org,https://www.youtube.com/watch?v=bMknfKXIFA8
Deployment,yt_html_1397,Complete Docker Course - From BEGINNER to PRO! (Learn Containers),Docker,Basics|Images|Containers|Dockerfile|Docker Compose|Networking|Volumes|Deployment,Beginner,English,83.84,DevOps Directive,https://www.youtube.com/watch?v=RqTEHSBrYFw
Deployment,yt_html_348,3 Git Workflows Every Developer Should Know (And When to Use Each),Git & GitHub,Branches|Collaboration|Pull Requests|Remote Repositories,Intermediate,English,83.77,TechWorld with Nana,https://www.youtube.com/watch?v=GQQqf-C2ha4
Deployment,yt_html_1408,Docker Tutorial 2026: The Complete Guide from Containers to Running AI Locally,Docker,Basics|Images|Containers|Dockerfile|Docker Compose|Networking|Volumes|Deployment,Beginner,English,83.59,ByteMonk,https://www.youtube.com/watch?v=aaIw2cXRjEc
Deployment,yt_html_024,HTML Tutorial - Website Crash Course for Beginners,HTML,Basics|Elements & Attributes|Text & Formatting|Links & Navigation|Images|Lists|Tables|Forms|Semantic HTML|HTML5,Beginner,English,83.09,freeCodeCamp.org,https://www.youtube.com/watch?v=916GWv2Qs08
Deployment,yt_html_1394,Docker Tutorial for Beginners (DATA DOMAIN EDITION),Docker,Basics|Images|Containers|Dockerfile|Docker Compose|Networking|Volumes|Deployment,Beginner,English,83.06,Ansh Lamba,https://www.youtube.com/watch?v=nAHx_uSBfTg
Deployment,yt_html_585,"Advanced Backend Project | Learn Bank Transaction System with Node.js, Express & MongoDB",Node.js,Projects|REST APIs|Authentication|Middleware|Security|HTTP|NPM,Advanced,English,83.03,Sheryians Coding School,https://www.youtube.com/watch?v=NQOAQP0mow0
Deployment,yt_html_1360,Docker Full Course in One Shot (12+ Hours) | Zero to Pro DevOps | Real Project + Docker Compose,Docker,Basics|Images|Containers|Dockerfile|Docker Compose|Networking|Volumes|Deployment,Intermediate,English,82.96,Shubham gour,https://www.youtube.com/watch?v=rhD12yd5VyI
Deployment,yt_html_1383,Complete Docker course in 30 mins | Docker Tutorial for Beginners 2025 [Updated],Docker,Basics|Images|Containers|Dockerfile|Docker Compose|Networking|Volumes,Beginner,English,82.96,Cloud Champ,https://www.youtube.com/watch?v=q5S14cfOWfE
Deployment,yt_html_530,Node.js Full Course in Hindi 2025 | Learn Node.js with Projects | Complete Backend Tutorial,Node.js,Basics|Modules|NPM|File System|Events|Streams|HTTP|REST APIs|Authentication|Middleware|Security|Projects,Beginner,Hindi,82.93,Code Step By Step,https://www.youtube.com/watch?v=Eafgk0GbEUg
Deployment,yt_html_1345,Docker Full Course 2026 | Docker Tutorial For Beginners | Docker Basics To Advanced | Simplilearn,Docker,Basics|Images|Containers|Dockerfile|Docker Compose|Networking|Volumes|Deployment,Beginner,English,82.73,Simplilearn,https://www.youtube.com/watch?v=wGBugMjRfvg
Deployment,yt_html_1414,Docker FULL Course 2026 🐳 (100 Concepts from Zero to Pro),Docker,Basics|Images|Containers|Dockerfile|Docker Compose|Networking|Volumes|Deployment,Intermediate,English,82.7,SoftsWeb,https://www.youtube.com/watch?v=EzUDAQGNUk8
Deployment,yt_html_1472,Full Stack Developer Roadmap for Beginners in AI Era (2026 Guide),Full Stack Projects,,Beginner,English,82.66,Nishant Chahar,https://www.youtube.com/watch?v=sccnYlJTfyg
Deployment,yt_html_1378,Learn Docker – Full DevOps Course for Deploying Containerized Apps,Docker,Basics|Images|Containers|Dockerfile|Docker Compose|Networking|Volumes|Deployment,Intermediate,English,82.6,freeCodeCamp.org,https://www.youtube.com/watch?v=rjjES5IsPdg
Deployment,yt_html_536,Node.js Crash Course for Beginners Tutorial - Learn Node Basics in 30 Minutes!,Node.js,Basics,Beginner,English,82.54,codeSTACKr,https://www.youtube.com/watch?v=2LUdnb-mls0
Deployment,yt_html_629,Express JS Tutorial in Hindi 🔥✌,Express.js,Basics|Routing|Middleware|REST APIs|Error Handling,Beginner,Hindi,82.5,CodeWithHarry,https://www.youtube.com/watch?v=7H_QH9nipNs
Deployment,yt_html_1411,Docker In One Shot 2026 🔥 From Zero To Hero (Spring Boot + MySQL) ✅,Docker,Basics|Images|Containers|Dockerfile|Docker Compose|Networking|Volumes|Deployment,Intermediate,English,82.49,CodeSnippet,https://www.youtube.com/watch?v=kOryO5I_w14
Deployment,yt_html_1358,Learn Docker in 2026 - Complete Roadmap Beginner to Pro,Docker,Basics|Images|Containers|Dockerfile|Docker Compose|Networking|Volumes|Deployment,Beginner,English,82.46,TechWorld with Nana,https://www.youtube.com/watch?v=zFa9_K8BS8I
Deployment,yt_html_155,Tailwind CSS v4 Full Course 2026 | Master Tailwind in One Hour,CSS,Basics|Box Model|Colors & Backgrounds|Typography|Positioning|Flexbox|CSS Grid|Responsive Design|Animations & Transitions|Projects,Beginner,English,82.45,JavaScript Mastery,https://www.youtube.com/watch?v=6biMWgD6_JY
Deployment,yt_html_1003,MongoDb Tutorial For Beginners in Hindi 🔥🔥,MongoDB,Basics|CRUD Operations|Queries,Beginner,Hindi,82.39,CodeWithHarry,https://www.youtube.com/watch?v=oSIv-E60NiU
Deployment,yt_html_633,Build a REST API with Node JS and Express | CRUD API Tutorial,Express.js,REST APIs|Routing|Projects,Beginner,English,82.37,JavaScript Mastery,https://www.youtube.com/watch?v=l8WPWK9mS5M
Deployment,yt_html_1409,Docker Containers and Kubernetes Fundamentals – Full Hands-On Course,Docker,Basics|Images|Containers|Dockerfile|Docker Compose|Networking|Volumes|Deployment,Intermediate,English,82.36,freeCodeCamp.org,https://www.youtube.com/watch?v=kTp5xUtcalw
Deployment,yt_html_1341,DOCKER In ONE VIDEO For Beginners: Basic to Advance Tutorial 🔥 [HINDI] | MPrashant,Docker,Basics|Images|Containers|Dockerfile|Docker Compose|Networking|Volumes|Deployment,Beginner,Hindi,82.3,M Prashant,https://www.youtube.com/watch?v=OhnTMWmfTBE
Deployment,yt_html_1402,Docker Image BEST Practices - From 1.2GB to 10MB,Docker,Images|Dockerfile,Intermediate,English,82.28,Better Stack,https://www.youtube.com/watch?v=t779DVjCKCs
Deployment,yt_html_1354,Docker Full Course - Learn Docker in 5 Hours | Docker Tutorial For Beginners | Edureka,Docker,Basics|Images|Containers|Dockerfile|Docker Compose|Networking|Volumes|Deployment,Beginner,English,82.23,edureka!,https://www.youtube.com/watch?v=RSIstPUiEjY
Deployment,yt_html_1036,MongoDB One Shot Crash Course | Complete MongoDB Tutorial for Beginners to Advanced (2026),MongoDB,Basics|CRUD Operations|Queries|Indexes|Aggregation|Schema Design|Data Modeling|Relationships|Transactions|MongoDB Atlas|Projects,Intermediate,English,82.05,RStudios Inc.,https://www.youtube.com/watch?v=b6Ah4qQpMWs
Deployment,yt_html_016,HTML Complete Tutorial for Beginners in Hindi🔥Free Notes + Codes,HTML,Basics|Elements & Attributes|Text & Formatting|Links & Navigation|Images|Lists|Tables|Forms|Semantic HTML|HTML5,Beginner,Hindi,82.04,Thapa Technical,https://www.youtube.com/watch?v=5ccq_nLHneE
Deployment,yt_html_1417,Docker & Kubernetes Full Course in 5 Hours | Complete Beginner to Advanced Tutorial | Ashok IT,Docker,Basics|Images|Containers|Dockerfile|Docker Compose|Networking|Volumes|Deployment,Intermediate,English,82.03,Ashok IT,https://www.youtube.com/watch?v=2bg9MAtiHwo
Deployment,yt_html_569,Node JS Full Course 2024 | Complete Backend Development Course | Part 1,Node.js,Basics|Modules|NPM|File System|Events|Streams|HTTP|REST APIs|Authentication|Middleware|Security|Projects,Beginner,English,81.98,Sangam Mukherjee,https://www.youtube.com/watch?v=MIJt9H69QVc
Deployment,yt_html_1374,Docker Tutorial for Beginners,Docker,Basics|Images|Containers|Dockerfile|Docker Compose|Networking|Volumes,Beginner,English,81.93,Programming with Mosh,https://www.youtube.com/watch?v=pTFZFxd4hOI
Deployment,yt_html_302,Git & GitHub Tutorial For Beginners In Hindi - हिंदी में,Git & GitHub,Git Basics|Repositories|Branches|Remote Repositories|Pull Requests,Beginner,Hindi,81.9,CodeWithHarry,https://www.youtube.com/watch?v=gwWKnnCMQ5c
Deployment,yt_html_551,Learn Express JS In 35 Minutes,Node.js,HTTP|REST APIs|Middleware|Projects,Beginner,English,81.83,Web Dev Simplified,https://www.youtube.com/watch?v=SccSCuHhOw0
Deployment,yt_html_208,All The JavaScript You Need BEFORE React,JavaScript,Basics|Variables & Data Types|Functions|Arrays|Objects|ES6+,Beginner,English,81.81,Coding2GO,https://www.youtube.com/watch?v=bCkfU_wHPcY
Deployment,yt_html_1344,Docker In One Shot with 2 Live DevOps Projects (Hindi),Docker,Basics|Images|Containers|Dockerfile|Docker Compose|Networking|Volumes|Deployment,Intermediate,Hindi,81.8,TrainWithShubham,https://www.youtube.com/watch?v=9bSbNNH4Nqw
Deployment,yt_html_445,Learn React With This One Project,React,Basics|Components|JSX|Props|State|Hooks|Events & Forms|Conditional Rendering|Lists & Keys|Context API|Routing|API Integration|Projects,Beginner,English,81.75,Web Dev Simplified,https://www.youtube.com/watch?v=9aTRnV6g0eQ
Deployment,yt_html_529,NodeJS Full Course in Hindi | Projects + Interview Preparation | 2026,Node.js,Basics|Modules|NPM|File System|Events|Streams|HTTP|REST APIs|Authentication|Middleware|Security|Projects,Beginner,Hindi,81.73,Mohit Decodes,https://www.youtube.com/watch?v=pdk60AyhMNM
Deployment,yt_html_1407,Docker Full Course with Gitlab CI CD | Learn Docker in 2 hrs,Docker,Basics|Images|Containers|Dockerfile|Docker Compose|Networking|Volumes|Deployment,Beginner,English,81.71,Sangam Mukherjee,https://www.youtube.com/watch?v=-FHyCgiaxkc
Deployment,yt_html_553,Node.js Ultimate Beginner’s Guide in 7 Easy Steps,Node.js,Basics,Beginner,English,81.67,Fireship,https://www.youtube.com/watch?v=ENrzD9HAZK4
Deployment,yt_html_1463,How Senior Engineers Actually Build With AI in 2026 | Build a Full Stack Systems Architecture App,Full Stack Projects,Full Stack Applications,Advanced,English,81.67,JavaScript Mastery,https://www.youtube.com/watch?v=14RP8liACqo
Deployment,yt_html_443,React JS 19 Full Course 2025 | Build an App and Master React in 2 Hours,React,Basics|Components|JSX|Props|State|Hooks|Events & Forms|Conditional Rendering|Lists & Keys|Context API|Routing|API Integration|State Management|Projects,Intermediate,English,81.66,JavaScript Mastery,https://www.youtube.com/watch?v=dCLhUialKPQ
Deployment,yt_html_555,Node Js Tutorial in Hindi 🔥🔥,Node.js,Basics|Modules|NPM|File System|Events|Streams|HTTP|REST APIs|Authentication|Middleware|Security|Projects,Beginner,Hindi,81.64,CodeWithHarry,https://www.youtube.com/watch?v=BLl32FvcdVM
Deployment,yt_html_1373,Docker Crash Course for Absolute Beginners [NEW],Docker,Basics|Images|Containers|Dockerfile|Docker Compose|Networking|Volumes|Deployment,Beginner,English,81.64,TechWorld with Nana,https://www.youtube.com/watch?v=pg19Z8LL06w
Deployment,yt_html_446,ReactJs Crash Course: Master the Basics in One Video! Ignite Your Front-End Mastery Series!,React,Basics|Components|JSX|Props|State|Hooks|Events & Forms|Conditional Rendering|Lists & Keys,Beginner,English,81.6,Sheryians Coding School,https://www.youtube.com/watch?v=Xe8CkYZvCig
Deployment,yt_html_1446,Python + JavaScript - Full Stack App Tutorial,Full Stack Projects,Backend Projects|Frontend Projects|Full Stack Applications,Intermediate,English,81.47,Tech With Tim,https://www.youtube.com/watch?v=PppslXOR7TA
Deployment,yt_html_458,React Tutorial in Hindi 🔥🔥,React,Basics|Components|JSX|Props|State|Hooks|Events & Forms|Conditional Rendering|Lists & Keys|Context API|Routing|API Integration,Beginner,Hindi,81.43,CodeWithHarry,https://www.youtube.com/watch?v=RGKi6LSPDLU
Deployment,yt_html_581,Node.js Tutorial in Hindi (2026) | Complete Backend Development Course with 5 Projects,Node.js,Basics|Modules|NPM|File System|Events|Streams|HTTP|REST APIs|Authentication|Middleware|Security|Projects,Intermediate,Hindi,81.41,Web Dev Mastery,https://www.youtube.com/watch?v=EfWlJ9-1fVw
Deployment,yt_html_295,Git and GitHub Tutorial for Beginners [11 Hours],Git & GitHub,Git Basics|Repositories|Branches|Merge & Rebase|Remote Repositories|Pull Requests|Collaboration,Beginner,English,81.33,Bogdan Stashchuk,https://www.youtube.com/watch?v=3FKrszHcIsA
Deployment,yt_html_464,React Full Course for free ⚛️,React,Basics|Components|JSX|Props|State|Hooks|Events & Forms|Conditional Rendering|Lists & Keys|Context API|Routing|API Integration|State Management|Performance|Authentication|Projects,Beginner,English,81.28,Bro Code,https://www.youtube.com/watch?v=CgkZ7MvWUAA
Deployment,yt_html_452,Complete React course with projects | part 1,React,Basics|Components|JSX|Props|State|Hooks|Events & Forms|Conditional Rendering|Lists & Keys|Context API|Routing|API Integration|State Management|Performance|Authentication|Projects,Beginner,Hindi,81.2,Chai aur Code,https://www.youtube.com/watch?v=FxgM9k1rg0Q
Deployment,yt_html_294,How to use GitHub | What is GitHub | Git and GitHub Tutorial | DevOps Training | Edureka,Git & GitHub,Git Basics|Remote Repositories,Beginner,English,81.18,edureka!,https://www.youtube.com/watch?v=PQsJR8ci3J0
Deployment,yt_html_1370,Docker Tutorial for Beginners [FULL COURSE in 3 Hours],Docker,Basics|Images|Containers|Dockerfile|Docker Compose|Networking|Volumes|Deployment,Beginner,English,81.16,TechWorld with Nana,https://www.youtube.com/watch?v=3c-iBn73dDE
Deployment,yt_html_178,JavaScript Tutorial In Hindi,JavaScript,Basics|Variables & Data Types|Operators|Control Flow|Functions|Arrays|Objects|Strings & Numbers|DOM|Events|Error Handling|ES6+|Modules|Asynchronous JavaScript|Promises & Async/Await|Fetch API|Web APIs|Projects,Beginner,Hindi,81.01,CodeWithHarry,https://www.youtube.com/watch?v=hKB-YGF14SY
Deployment,yt_html_512,Top 10 React Interview Questions and Answers 2025🔹 ReactJS Interview Questions for Experienced Devs,React,Basics|Components|JSX|Props|State|Hooks|Context API|Routing|API Integration|State Management|Performance|Authentication,Advanced,English,80.94,Shubham Kulkarni | Coding and Interviews,https://www.youtube.com/watch?v=dAHTXKDsrZ8
Deployment,yt_html_1473,Build and Deploy a Full Stack Movie Ticket Booking App using React js | MERN Stack Project,Full Stack Projects,MERN Projects|Full Stack Applications|Deployment Projects,Intermediate,English,80.93,GreatStack,https://www.youtube.com/watch?v=Pez37wmUaQM
Deployment,yt_html_483,Top 20 React JS Interview Questions For 2025 | React Interviewer Questions & Answers | Intellipaat,React,Basics|Components|JSX|Props|State|Hooks|Events & Forms|Conditional Rendering|Lists & Keys|Context API|Routing|API Integration|State Management|Performance|Authentication,Advanced,English,80.91,Intellipaat,https://www.youtube.com/watch?v=NkWOzTEEcco
Deployment,yt_html_462,React Tutorial 2026 | Complete React Course for Beginners,React,Basics|Components|JSX|Props|State|Hooks|Events & Forms|Conditional Rendering|Lists & Keys|Context API|Routing|API Integration|Projects,Beginner,English,80.89,Codynn,https://www.youtube.com/watch?v=SoVF8hTzHb8
Deployment,yt_html_558,What Is Node.js? | Introduction To Node.js | Node JS Tutorial For Beginners | Simplilearn,Node.js,Basics,Beginner,English,80.88,Simplilearn,https://www.youtube.com/watch?v=8u1o-OmOeGQ
Deployment,yt_html_586,"Node JS Full Course 2025 | Microservices, Redis, CI CD, Docker, VPS Hosting | Hostinger | Part 2",Node.js,Basics|Modules|NPM|File System|Events|Streams|HTTP|REST APIs|Authentication|Middleware|Security|Projects,Intermediate,English,80.86,Sangam Mukherjee,https://www.youtube.com/watch?v=_f7h6xQXiLA
Deployment,yt_html_435,React 19 Crash Course for Beginners 2026 (Learn in 90 Minutes),React,Basics|Components|JSX|Props|State|Hooks|Events & Forms|Conditional Rendering|Lists & Keys,Beginner,English,80.84,Code with Ahsan,https://www.youtube.com/watch?v=tqjJrXd27m4
Deployment,yt_html_002,HTML Tutorial For Beginners In Hindi (With Notes) 🔥,HTML,Basics|Elements & Attributes|Text & Formatting|Links & Navigation|Images|Lists|Tables|Forms|Semantic HTML|HTML5,Beginner,Hindi,80.83,CodeWithHarry,https://www.youtube.com/watch?v=BsDoLVMnmZs
Deployment,yt_html_197,JavaScript Tutorial for Beginners [JS Crash Course],JavaScript,Basics|Variables & Data Types|Operators|Control Flow|Functions|Arrays|Objects|Strings & Numbers|DOM|Events|ES6+,Beginner,English,80.83,TechWorld with Nana,https://www.youtube.com/watch?v=FtaQSdrl7YA
Deployment,yt_html_1017,Introduction To MongoDB | MongoDB Tutorial For Beginners | Learn MongoDB | Simplilearn,MongoDB,Basics,Beginner,English,80.83,Simplilearn,https://www.youtube.com/watch?v=XnRS82MWFyc
Deployment,yt_html_1392,Docker Guide,Docker,Basics,Beginner,English,80.8,Chris Titus Tech,https://www.youtube.com/watch?v=94VQvRpjfO8
Deployment,yt_html_129,CSS 3 Tutorial For Beginners: Learn CSS In One Video In Hindi,CSS,Basics|Selectors|Box Model|Colors & Backgrounds|Typography|Positioning|Flexbox|CSS Grid|Responsive Design|Animations & Transitions,Beginner,Hindi,80.75,CodeWithHarry,https://www.youtube.com/watch?v=u5-K_ua9sOw
Deployment,yt_html_474,Every React Concept Explained in 12 Minutes,React,Basics|Components|JSX|Props|State|Hooks|Events & Forms|Conditional Rendering|Lists & Keys|Context API|Routing|API Integration|State Management|Performance|Authentication,Beginner,English,80.75,Code Bootcamp,https://www.youtube.com/watch?v=wIyHSOugGGw
Deployment,yt_html_1431,"Build a Full-Stack GenAI Project in 4 Hours (FastAPI, React, Supabase)",Full Stack Projects,Full Stack Applications|Backend Projects|Frontend Projects,Intermediate,English,80.75,Dave Ebbelaar,https://www.youtube.com/watch?v=qF5il_9IwME
Deployment,yt_html_1396,Docker Full Course For .NET Developers,Docker,Basics|Images|Containers|Dockerfile|Docker Compose|Networking|Volumes|Deployment,Intermediate,English,80.73,Julio Casal,https://www.youtube.com/watch?v=cWMztQwIQNs
Deployment,yt_html_241,JavaScript Advanced full Course Tutorial🔥15+ Projects + Free Notes,JavaScript,Basics|Variables & Data Types|Operators|Control Flow|Functions|Arrays|Objects|Strings & Numbers|DOM|Events|Error Handling|ES6+|Modules|Asynchronous JavaScript|Promises & Async/Await|Fetch API|Web APIs|Projects,Advanced,English,80.69,Thapa Technical,https://www.youtube.com/watch?v=YwsOCN8woA8
Deployment,yt_html_226,JavaScript Full Course 2026 | Master Javascript in 22 Hours,JavaScript,Basics|Variables & Data Types|Operators|Control Flow|Functions|Arrays|Objects|Strings & Numbers|DOM|Events|Error Handling|ES6+|Modules|Asynchronous JavaScript|Promises & Async/Await|Fetch API|Web APIs|Projects,Beginner,English,80.67,Coder Army,https://www.youtube.com/watch?v=6_NrgoEkjnE
Deployment,yt_html_722,API Development with Django REST Framework - Master DRF In Just 4 Hours,REST APIs,API Basics|HTTP Methods|Status Codes|Request & Response|REST Architecture|Authentication|Authorization|API Security|API Testing|API Documentation,Intermediate,English,80.63,Tech With Rathan,https://www.youtube.com/watch?v=8d1HgJTEGe8
Deployment,yt_html_1381,Docker Tutorial For Beginners in Hindi,Docker,Basics,Beginner,Hindi,80.63,Piyush Garg,https://www.youtube.com/watch?v=zCsbp_iBTq8
Deployment,yt_html_1387,Docker Tutorial for Beginners - A Full DevOps Course on How to Run Applications in Containers,Docker,Basics|Images|Containers|Dockerfile|Docker Compose|Networking|Volumes|Deployment,Beginner,English,80.62,freeCodeCamp.org,https://www.youtube.com/watch?v=fqMOX6JJhGo
Deployment,yt_html_1363,Docker Tutorial For Beginners | What Is Docker and How It Works | Docker Introduction | Simplilearn,Docker,Basics,Beginner,English,80.61,Simplilearn,https://www.youtube.com/watch?v=E1KpX-_l2mE
Deployment,yt_html_533,Node JS Tutorial for Beginners in 2026 | Build APIs & Backend Applications,Node.js,Basics|Modules|NPM|HTTP|REST APIs|Projects,Beginner,English,80.53,HeroDev,https://www.youtube.com/watch?v=BuGUn4J3Jvw
Deployment,yt_html_670,Setting Up Node.js + Express + TypeScript the Right Way,Express.js,Basics,Beginner,English,80.52,AgileCoder,https://www.youtube.com/watch?v=oODlPLfnTIk
Deployment,yt_html_450,React Crash Course,React,Basics|Components|JSX|Props|State|Hooks|Events & Forms|Conditional Rendering|Lists & Keys|Context API|Routing|API Integration|Projects,Beginner,English,80.51,Traversy Media,https://www.youtube.com/watch?v=LDB4uaJ87e0
Deployment,yt_html_677,FastAPI for Beginners - Python Web Framework,REST APIs,API Basics|HTTP Methods|Status Codes|Request & Response|REST Architecture|API Documentation|Authentication,Beginner,English,80.51,Telusko,https://www.youtube.com/watch?v=Lu8lXXlstvM
Deployment,yt_html_299,Git Tutorial For Dummies,Git & GitHub,Git Basics,Beginner,English,80.42,Nick White,https://www.youtube.com/watch?v=mJ-qvsxPHpY
Deployment,yt_html_460,React JS Full Course with Project: Beginner to PRO Tutorial in 9 HOURS,React,Basics|Components|JSX|Props|State|Hooks|Events & Forms|Conditional Rendering|Lists & Keys|Context API|Routing|API Integration|State Management|Performance|Authentication|Projects,Intermediate,English,80.38,WsCube Tech,https://www.youtube.com/watch?v=ZaC6oCIpjR0
Deployment,yt_html_485,React JS 19 Full Course in Hindi | Learn React from Scratch (2025) in One Video,React,Basics|Components|JSX|Props|State|Hooks|Events & Forms|Conditional Rendering|Lists & Keys|Context API|Routing|API Integration|State Management|Performance|Authentication|Projects,Beginner,Hindi,80.37,Code Step By Step,https://www.youtube.com/watch?v=LuNPCSNr-nE
Deployment,yt_html_1006,What is MongoDB | MongoDB Tutorial For Beginners | Learn MongoDB | Edureka,MongoDB,Basics,Beginner,English,80.3,edureka!,https://www.youtube.com/watch?v=1VM6AvRgmfY
Deployment,yt_html_508,50+ HOURS REACT.JS 19 MONSTER CLASS,React,Basics|Components|JSX|Props|State|Hooks|Events & Forms|Conditional Rendering|Lists & Keys|Context API|Routing|API Integration|State Management|Performance|Authentication|Projects,Intermediate,English,80.29,HuXn WebDev,https://www.youtube.com/watch?v=M9O5AjEFzKw
Deployment,yt_html_1460,Full Stack Web Development Full Course (2025) | Web Development Full Course FREE | Intellipaat,Full Stack Projects,Full Stack Applications|Authentication Projects|Deployment Projects,Beginner,English,80.29,Intellipaat,https://www.youtube.com/watch?v=F4zr1aMevB4
Deployment,yt_html_1390,Learn Docker in 2 Hours - A Full Tutorial (2025),Docker,Basics|Images|Containers|Dockerfile|Docker Compose|Networking|Volumes|Deployment,Beginner,English,80.28,KodeKloud,https://www.youtube.com/watch?v=zJ6WbK9zFpI
Deployment,yt_html_550,Node.js Tutorial For Absolute Beginners,Node.js,Basics,Beginner,English,80.27,Traversy Media,https://www.youtube.com/watch?v=U8XF6AFGqlc
Deployment,yt_html_985,MongoDB Full Course 2026 | MongoDB Tutorial | MongoDB | MongoDB For Beginners | Simplilearn,MongoDB,Basics|CRUD Operations|Queries|Indexes|Aggregation|Schema Design|Data Modeling|Relationships|Transactions|MongoDB Atlas|Projects,Beginner,English,80.27,Simplilearn,https://www.youtube.com/watch?v=8eJJe4Slnik
Deployment,yt_html_272,Git and GitHub Tutorial For Beginners | Full Course [2021] [NEW],Git & GitHub,Git Basics|Repositories|Branches|Merge & Rebase|Remote Repositories|Pull Requests|Collaboration,Beginner,English,80.21,Amigoscode,https://www.youtube.com/watch?v=3fUbBnN_H2c
Deployment,yt_html_461,React JS Tutorial For Beginners With React JS Project Step By Step Tutorial 2024,React,Basics|Components|JSX|Props|State|Hooks|Events & Forms,Beginner,English,80.19,GreatStack,https://www.youtube.com/watch?v=gbAdFfSdtQ4
Deployment,yt_html_1454,Build & Deploy Full Stack E-commerce Website | Redux | MERN Stack Project,Full Stack Projects,Full Stack Applications|E-commerce Projects|MERN Projects|Deployment Projects,Advanced,English,80.19,compiletab,https://www.youtube.com/watch?v=hpgh2BTtac8
Deployment,yt_html_1371,Docker Tutorial for Beginners | Full Course [2021],Docker,Basics|Images|Containers|Dockerfile|Docker Compose|Networking|Volumes|Deployment,Beginner,English,80.17,Amigoscode,https://www.youtube.com/watch?v=p28piYY_wv8
Deployment,yt_html_475,React Native Tutorial for Beginners - Build a React Native App,React,Basics|Components|JSX|Props|State|Hooks|Events & Forms|Conditional Rendering|Lists & Keys|Context API|API Integration|State Management|Projects,Beginner,English,80.15,Programming with Mosh,https://www.youtube.com/watch?v=0-S5a0eXPoc
Deployment,yt_html_438,ReactJS Tutorial for Beginners | Learn React in 2.5 Hours | Part 1,React,Basics|Components|JSX|Props|State|Hooks,Beginner,Hindi,80.13,Apna College,https://www.youtube.com/watch?v=gY5sGvq-8h8
Deployment,yt_html_017,HTML Tutorial for Beginners | HTML Full Course in Hindi | How to create a Website using HTML and CSS,HTML,Basics|Elements & Attributes|Text & Formatting|Links & Navigation|Images|Lists|Tables|Forms|Semantic HTML|HTML5|Accessibility,Beginner,Hindi,80.05,Tech Gun,https://www.youtube.com/watch?v=QXPWs00RD3A
Deployment,yt_html_1400,Top 8 Docker Best Practices for using Docker in Production,Docker,Dockerfile|Images|Containers|Networking|Volumes|Deployment,Intermediate,English,80.01,TechWorld with Nana,https://www.youtube.com/watch?v=8vXoMqWgbQQ
Deployment,yt_html_1346,🔥Complete Docker Tutorial in one video for Beginners in Hindi,Docker,Basics|Images|Containers|Dockerfile|Docker Compose|Networking|Volumes|Deployment,Beginner,Hindi,79.99,Learn Code With Durgesh,https://www.youtube.com/watch?v=X3Wtjwu0vBI
Deployment,yt_html_174,JavaScript for Beginners - How I Wish I was Taught,JavaScript,Basics|Variables & Data Types|Operators|Control Flow|Functions,Beginner,English,79.88,Sajjaad Khader,https://www.youtube.com/watch?v=GxW1Ei8yvSQ
Deployment,yt_html_285,Git Push Command | Git Bash Tutorial | Git Commands | Git Tutorial For Beginners | Simplilearn,Git & GitHub,Git Basics|Remote Repositories,Beginner,English,79.79,Simplilearn,https://www.youtube.com/watch?v=QJ0iUNe27c8
Deployment,yt_html_292,Git And GitHub Full Course 2026 | Complete Git and GitHub Tutorial For Beginners | Simplilearn,Git & GitHub,Git Basics|Repositories|Branches|Merge & Rebase|Remote Repositories|Pull Requests|Collaboration,Beginner,English,79.69,Simplilearn,https://www.youtube.com/watch?v=FuyrbysTJ_o
Deployment,yt_html_573,Node JS Full Course - Complete Backend | Web Development 2026,Node.js,Basics|Modules|NPM|File System|Events|Streams|HTTP|REST APIs|Authentication|Middleware|Security|Projects,Beginner,English,79.66,Learn Coding,https://www.youtube.com/watch?v=51PdLHoWeVA
Deployment,yt_html_607,Learn Express.js & Node.js from Scratch | Complete Beginner-Friendly Course 2025,Express.js,Basics|Routing|Middleware|REST APIs|Projects,Beginner,English,79.64,Codynn,https://www.youtube.com/watch?v=IGUDsbTglk4
Deployment,yt_html_712,"API - Step by Step - Build, Secure and Deploy | Full Practical Guide",REST APIs,API Basics|REST Architecture|HTTP Methods|Request & Response|Status Codes|Authentication|Authorization|API Security,Beginner,English,79.64,Applied with AI - Sanjay Kumar,https://www.youtube.com/watch?v=Z8zEtb7hHAY
Deployment,yt_html_262,Git And GitHub Full Course | Complete Git And GitHub Tutorial For Beginners,Git & GitHub,Git Basics|Repositories|Branches|Remote Repositories|Pull Requests|Collaboration,Beginner,English,79.63,GreatStack,https://www.youtube.com/watch?v=b_glcE0SOoE
Deployment,yt_html_1347,What is Docker in 5 minutes,Docker,Basics,Beginner,English,79.47,TechSquidTV,https://www.youtube.com/watch?v=_dfLOzuIg2o
Deployment,yt_html_1403,Docker Compose will BLOW your MIND!! (a tutorial),Docker,Docker Compose,Intermediate,English,79.47,NetworkChuck,https://www.youtube.com/watch?v=DM65_JyGxCo
Deployment,yt_html_983,MongoDB Complete Course Tutorial in Hindi🔥Free Notes & Projects,MongoDB,Basics|CRUD Operations|Queries|Indexes|Aggregation|Schema Design|Data Modeling|Relationships|Transactions|MongoDB Atlas|Projects,Beginner,Hindi,79.41,Thapa Technical,https://www.youtube.com/watch?v=rU9ZODw5yvU
Deployment,yt_html_511,React JS Full Course 2026 | Advanced Concepts for Beginners,React,Basics|Components|JSX|Props|State|Hooks|Events & Forms|Conditional Rendering|Lists & Keys|Context API|Routing|API Integration|State Management|Performance|Authentication|Projects,Beginner,English,79.4,WsCube AI & Tech School,https://www.youtube.com/watch?v=lzF9GxGn7Bs
Deployment,yt_html_1342,"Part-1| SDET Essentials|Docker Introduction|What is Docker,Docker Container,Docker Image& Docker Hub",Docker,Basics|Containers|Images,Beginner,English,79.37,SDET- QA,https://www.youtube.com/watch?v=AQbSmki24Xw
Deployment,yt_html_095,Complete CSS Tutorial for Beginners in Hindi 🎓 Free Notes & Codes | Part 1,CSS,Basics|Selectors|Box Model|Colors & Backgrounds|Typography|Positioning|Flexbox|CSS Grid|Responsive Design|Animations & Transitions,Beginner,Hindi,79.29,Thapa Technical,https://www.youtube.com/watch?v=MSICFljRcb4
Deployment,yt_html_503,"Build a Responsive Multi-Page React 19 Website | Dynamic Routes, Search Filters, Axios API & Deploy",React,Routing|API Integration|State|Hooks|Components|Lists & Keys,Advanced,English,79.26,Thapa Technical,https://www.youtube.com/watch?v=zr7idkZiC-s
Deployment,yt_html_286,Git Commands - Git Tutorial | Git Commands With Examples | Git Tutorial For Beginners | Simplilearn,Git & GitHub,Git Basics|Repositories|Branches,Beginner,English,79.24,Simplilearn,https://www.youtube.com/watch?v=AzfVDEBn9hw
Deployment,yt_html_688,What is REST API ? | REST API Explained in 9 mins in Hindi | REST API Tutorial | Great Learning,REST APIs,API Basics|REST Architecture,Beginner,Hindi,79.17,Great Learning,https://www.youtube.com/watch?v=o7ePQ_M_jsc
Deployment,yt_html_451,React Tutorial For Beginners,React,Basics|Components|JSX|Props|State|Hooks|Events & Forms|Conditional Rendering|Lists & Keys,Beginner,English,79.09,LearnWebCode,https://www.youtube.com/watch?v=xxRAA0v2lvM
Deployment,yt_html_1412,Docker Tutorial for Beginners to Advanced | Full Course 2026,Docker,Basics|Images|Containers|Dockerfile|Docker Compose|Networking|Volumes|Deployment,Intermediate,English,79.09,Step by Step,https://www.youtube.com/watch?v=Tw8i9p_GSpw
Deployment,yt_html_724,Python API Development - Comprehensive Course for Beginners,REST APIs,API Basics|HTTP Methods|Status Codes|Request & Response|REST Architecture|Authentication|Authorization|API Security|API Testing|API Documentation,Beginner,English,79.04,freeCodeCamp.org,https://www.youtube.com/watch?v=0sOvCWFmrtA
Deployment,yt_html_653,Node JS Express Tutorial | Express JS Tutorial For Beginners | Node.js +  ExpressJS | Edureka,Express.js,Basics|Routing|Middleware,Beginner,English,79.01,edureka!,https://www.youtube.com/watch?v=ofDqVjP4JRI
Deployment,yt_html_1369,Docker Tutorial for Beginners [FULL COURSE in 45 Minutes],Docker,Basics|Images|Containers|Dockerfile,Beginner,English,78.99,DevOps Genius Zone,https://www.youtube.com/watch?v=M43-6ZSYufg
Deployment,yt_html_727,Creating a Rest API Using Flask and Jsonify in Python,REST APIs,API Basics|HTTP Methods|Request & Response|REST Architecture|Status Codes,Beginner,English,78.92,CodeWithHarry,https://www.youtube.com/watch?v=Jzv3G5iDLvw
Deployment,yt_html_448,Learn React With This ONE Project,React,Basics|Components|JSX|Props|State|Hooks|Events & Forms|Conditional Rendering|Lists & Keys|Routing|API Integration|State Management|Projects,Intermediate,English,78.9,Tech With Tim,https://www.youtube.com/watch?v=G6D9cBaLViA
Deployment,yt_html_1468,"Build Your First Fullstack App in Under 2 Hours withm NodeJS, MongoDB, HTML, CSS & JavaScript",Full Stack Projects,Full Stack Applications,Beginner,English,78.81,ATO Tech,https://www.youtube.com/watch?v=-cvpNPRje-U
Deployment,yt_html_501,React JS Full Course | Build an App and Master React in 1 Hour,React,Basics|Components|JSX|Props|State|Hooks|Events & Forms|Conditional Rendering|Lists & Keys|Routing|API Integration|Context API|State Management|Projects,Beginner,English,78.78,JavaScript Mastery,https://www.youtube.com/watch?v=b9eMGE7QtTk
Deployment,yt_html_273,Git Tutorial For Beginners 2026 | Git & Github Complete Tutorial | Learn Git in 2 hrs | Simplilearn,Git & GitHub,Git Basics|Repositories|Branches|Merge & Rebase|Remote Repositories|Pull Requests|Collaboration,Beginner,English,78.76,Simplilearn,https://www.youtube.com/watch?v=eeuNAIZoWRU
Deployment,yt_html_473,React JS Full Course - Learn Everything | Web Development | #reactjs ,React,Basics|Components|JSX|Props|State|Hooks|Events & Forms|Conditional Rendering|Lists & Keys|Context API|Routing|API Integration|State Management|Performance|Authentication|Projects,Beginner,English,78.76,Learn Coding,https://www.youtube.com/watch?v=f0zxJz5oR6U
Deployment,yt_html_1404,100+ Docker Concepts you Need to Know,Docker,Basics|Images|Containers|Dockerfile|Docker Compose|Networking|Volumes|Deployment,Beginner,English,78.76,Fireship,https://www.youtube.com/watch?v=rIrNIzy6U_g
Deployment,yt_html_1419,Docker Image Optimisation - Production-Ready Docker Guide,Docker,Images|Dockerfile|Deployment,Intermediate,English,78.72,Piyush Garg,https://www.youtube.com/watch?v=hX2UAHhX8E8
Deployment,yt_html_986,MongoDB Tutorial for Beginners 1 - Introduction to MongoDB + Installing MongoDB,MongoDB,Basics,Beginner,English,78.65,ProgrammingKnowledge,https://www.youtube.com/watch?v=GtD93tVZDX4
Deployment,yt_html_259,What is Git | What is GitHub | Git Tutorial | GitHub Tutorial | Devops Tutorial | Edureka,Git & GitHub,Git Basics|Repositories|Branches|Merge & Rebase|Remote Repositories|Pull Requests,Beginner,English,78.58,edureka!,https://www.youtube.com/watch?v=xuB1Id2Wxak
Deployment,yt_html_128,CSS Full Course 2026 - Beginner to Pro | WEB DEVELOPMENT | #css ,CSS,Basics|Selectors|Box Model|Colors & Backgrounds|Typography|Positioning|Flexbox|CSS Grid|Responsive Design|Animations & Transitions|Advanced CSS|Projects,Intermediate,English,78.46,Learn Coding,https://www.youtube.com/watch?v=2rDXik56cxo
Deployment,yt_html_263,Git & GitHub Full Course in 5 Hours | Git GitHub Tutorial for Beginners | DevOps Training | Edureka,Git & GitHub,Git Basics|Repositories|Branches|Merge & Rebase|Remote Repositories|Pull Requests|Collaboration,Beginner,English,78.44,edureka!,https://www.youtube.com/watch?v=KMOmw19ZCGs
Deployment,yt_html_987,MonogDB Tutorial For Beginners | What is MongoDB | MongoDB Installation On Linux | Simplilearn,MongoDB,Basics,Beginner,English,78.44,Simplilearn,https://www.youtube.com/watch?v=S3D5suhZ4bs
Deployment,yt_html_638,Install Express JS | Express JS Setup | Express JS Tutorial for Beginners | Simplilearn,Express.js,Basics,Beginner,English,78.42,Simplilearn,https://www.youtube.com/watch?v=huc9RWb0yX4
Deployment,yt_html_625,Express JS In 15 Minutes | Introduction To Express JS | Express JS Tutorial | Simplilearn,Express.js,Basics,Beginner,English,78.34,Simplilearn,https://www.youtube.com/watch?v=dyMCr2lD5k0
Deployment,yt_html_268,Git Tutorial | Git and GitHub Tutorial | Learn Git | Git for Beginners | DevOps Tutorial | Edureka,Git & GitHub,Git Basics|Repositories|Branches|Merge & Rebase|Remote Repositories|Pull Requests|Collaboration,Beginner,English,78.3,edureka!,https://www.youtube.com/watch?v=A1_Ni6Eje6Y
Deployment,yt_html_1379,Docker Explained in 6 Minutes (for beginners),Docker,Basics,Beginner,English,78.17,corbin,https://www.youtube.com/watch?v=S5vV6VMpiSU
Deployment,yt_html_013,HTML Tutorial For Beginners |HTML In 10 Minutes | HTML Basics For Beginners | Simplilearn,HTML,Basics|Elements & Attributes,Beginner,English,78.11,Simplilearn,https://www.youtube.com/watch?v=MDLn5-zSQQI
Deployment,yt_html_010,HTML Full Course 2026 | WEB DEVELOPMENT | #html ,HTML,Basics|Elements & Attributes|Text & Formatting|Links & Navigation|Images|Lists|Tables|Forms|Semantic HTML|Multimedia|HTML5|Accessibility,Beginner,English,78.09,Learn Coding,https://www.youtube.com/watch?v=JALD2mKIPlE
Deployment,yt_html_719,🔥 Ultimate Django Rest API Course in Hindi |  Rest APIS using Django in one shot,REST APIs,API Basics|HTTP Methods|Status Codes|Request & Response|REST Architecture|Authentication|Authorization|API Security|API Testing|API Documentation,Beginner,Hindi,78.06,Learn Code With Durgesh,https://www.youtube.com/watch?v=DNFTUtZf1Zc
Deployment,yt_html_033,HTML Tutorial For Beginners 2026 | Learn HTML In 5 Hours | HTML Full Course | Simplilearn,HTML,Basics|Elements & Attributes|Text & Formatting|Links & Navigation|Images|Lists|Tables|Forms|Semantic HTML|Multimedia|HTML5|Accessibility,Beginner,English,77.9,Simplilearn,https://www.youtube.com/watch?v=OUjU--gVylE
Deployment,yt_html_651,Building A Rest API with NodeJS and ExpressJS | Beginners Tutorial,Express.js,Basics|Routing|Middleware|REST APIs|Projects,Beginner,English,77.87,PedroTech,https://www.youtube.com/watch?v=1I5Jn1MWzlI
Deployment,yt_html_489,🚀🔥 React & Redux Complete Course (2024) with Projects | Notes | Free Certification,React,Basics|Components|JSX|Props|State|Hooks|Events & Forms|Conditional Rendering|Lists & Keys|Context API|Routing|API Integration|State Management|Projects,Advanced,Hindi,77.84,Complete Coding by Prashant Sir,https://www.youtube.com/watch?v=eILUmCJhl64
Deployment,yt_html_488,REACT JS is Super Easy | Full Tutorial from Beginner to Advanced [Moye-Moye Edition],React,Basics|Components|JSX|Props|State|Hooks|Events & Forms|Conditional Rendering|Lists & Keys|Context API|Routing|API Integration|State Management|Performance|Authentication|Projects,Intermediate,English,77.6,Tanish Garg,https://www.youtube.com/watch?v=M2u6AS0Mx8A
Deployment,yt_html_1449,E-Commerce Project for Resume | Live Project Building 2,Full Stack Projects,E-commerce Projects|Full Stack Applications,Intermediate,English,77.55,Swaroop Talks,https://www.youtube.com/watch?v=nXf_JS5N1NE
Deployment,yt_html_716,Creating REST API using Spring Boot in Hindi | A Step-by-Step Tutorial,REST APIs,API Basics|HTTP Methods|Status Codes|Request & Response|REST Architecture,Beginner,Hindi,77.45,Engineering Digest,https://www.youtube.com/watch?v=rxT5RFYxjSg
Deployment,yt_html_1395,A practical guide on Docker with projects | Docker Course,Docker,Basics|Images|Containers|Dockerfile|Docker Compose|Networking|Volumes|Deployment,Intermediate,English,77.4,Hitesh Choudhary,https://www.youtube.com/watch?v=rr9cI4u1_88
Deployment,yt_html_1002,What Is MongoDB? | What Is MongoDB And How It Works | MongoDB Tutorial For Beginners | Simplilearn,MongoDB,Basics,Beginner,English,77.28,Simplilearn,https://www.youtube.com/watch?v=SnqPyqRh4r4
Deployment,yt_html_1384,Docker for Java Developers,Docker,Basics|Images|Containers|Dockerfile|Docker Compose|Networking|Volumes|Deployment,Intermediate,English,77.17,Telusko,https://www.youtube.com/watch?v=lpKwgOpxpqg
Deployment,yt_html_456,React.js Complete Tutorial for Beginners in Hindi | 5 Projects + Free Notes,React,Basics|Components|JSX|Props|State|Hooks|Events & Forms|Conditional Rendering|Lists & Keys|Context API|Routing|API Integration|State Management|Projects,Beginner,Hindi,77.15,Thapa Technical,https://www.youtube.com/watch?v=EHTWMpD6S_0
Deployment,yt_html_199,JavaScript Full Course Tutorial for Beginners in Hindi🔥Free Notes with 10+ Projects | P-1,JavaScript,Basics|Variables & Data Types|Operators|Control Flow|Functions|Arrays|Objects|Strings & Numbers|DOM|Events|Error Handling|ES6+|Modules|Asynchronous JavaScript|Promises & Async/Await|Fetch API|Web APIs|Projects,Beginner,Hindi,77.07,Thapa Technical,https://www.youtube.com/watch?v=13gLB6hDHR8
Deployment,yt_html_696,Difference Between REST API vs Web API vs SOAP API Explained,REST APIs,API Basics|REST Architecture,Beginner,English,76.99,Learn with Whiteboard,https://www.youtube.com/watch?v=2mqN7ZhDsUA
Deployment,yt_html_479,ReactJS Full Course | What is ReactJS | React JS Tutorial for Beginners | ReactJS Full Course #1,React,Basics|Components|JSX|Props|State|Hooks|Events & Forms|Conditional Rendering|Lists & Keys|Context API|Routing|API Integration|Projects,Beginner,English,76.93,Coder Army,https://www.youtube.com/watch?v=TkHH-IHsEKQ
Deployment,yt_html_641,React Server Side Rendering Introduction For Beginners - ReactJS ssr with Expressjs,Express.js,Basics,Beginner,English,76.87,Maksim Ivanov,https://www.youtube.com/watch?v=NwyQONeqRXA
Deployment,yt_html_608,What Is Express JS? | Express JS Tutorial for Beginners 2026 | Express JS API | Simplilearn,Express.js,Basics,Beginner,English,76.86,Simplilearn,https://www.youtube.com/watch?v=0QRFOsrBtXw
Deployment,yt_html_510,[ Live ] React JS Interview 🤯 | Frontend UI Questions 🤒,React,Basics|Components|JSX|Props|State|Hooks|Events & Forms|Conditional Rendering|Lists & Keys|Context API|Routing|API Integration|State Management|Performance|Authentication,Intermediate,English,76.85,Akshay Saini,https://www.youtube.com/watch?v=U9sDK8zTJ8Y
Deployment,yt_html_590,"Full NGINX Tutorial - Demo Project with Node.js, Docker",Node.js,HTTP|Projects,Intermediate,English,76.83,TechWorld with Nana,https://www.youtube.com/watch?v=q8OleYuqntY
Deployment,yt_html_484,Complete React JS Course | MERN Stack Development,React,Basics|Components|JSX|Props|State|Hooks|Events & Forms|Conditional Rendering|Lists & Keys|Context API|Routing|API Integration|State Management|Performance|Authentication|Projects,Beginner,English,76.71,Sheryians Coding School,https://www.youtube.com/watch?v=E6tAtRi82QY
Deployment,yt_html_1351,Docker Beginner Tutorial 1 - What is DOCKER (step by step) | Docker Introduction | Docker basics,Docker,Basics,Beginner,English,76.5,Automation Step by Step,https://www.youtube.com/watch?v=wi-MGFhrad0
Deployment,yt_html_440,🔥 🔥 Complete React Js with Project tutorial in hindi 🔥 🔥 + Backend Spring boot,React,Basics|Components|JSX|Props|State|Hooks|Events & Forms|Conditional Rendering|Lists & Keys|Routing|API Integration|Projects,Beginner,Hindi,76.35,Learn Code With Durgesh,https://www.youtube.com/watch?v=TjnWtDWFZFc
Deployment,yt_html_544,🔥Node Js Tutorial in one video | Master Node JS in one video in Hindi,Node.js,Basics|Modules|NPM|File System|Events|Streams|HTTP|REST APIs|Authentication|Middleware|Security|Projects,Beginner,Hindi,76.33,Learn Code With Durgesh,https://www.youtube.com/watch?v=o3sAZFveLW4
Deployment,yt_html_1475,"Full Stack Web Development Roadmap for Beginners | Skills, Projects and AI Tools You Need",Full Stack Projects,Beginner Projects|Full Stack Applications|Authentication Projects|Deployment Projects,Beginner,English,76.06,College Wallah,https://www.youtube.com/watch?v=3f8cnztbt3s
Deployment,yt_html_504,React JS Full Course 2026 | Complete React Tutorial for Beginners to Advanced | 11 Hours,React,Basics|Components|JSX|Props|State|Hooks|Events & Forms|Conditional Rendering|Lists & Keys|Context API|Routing|API Integration|State Management|Performance|Authentication|Projects,Intermediate,English,76.01,CodingOtt,https://www.youtube.com/watch?v=guWM4Zs8QlU
Deployment,yt_html_113,The Only CSS Course You Need to Master CSS | Learn By Building Apps,CSS,Basics|Selectors|Box Model|Colors & Backgrounds|Typography|Positioning|Flexbox|CSS Grid|Responsive Design|Animations & Transitions|Advanced CSS|Projects,Intermediate,English,75.75,EdRoh,https://www.youtube.com/watch?v=0hrJGWrCux0
Deployment,yt_html_492,ReactJS Beginner Course 2025 | Become a React Pro in 1.5 Hours,React,Basics|Components|JSX|Props|State|Hooks|Events & Forms|Conditional Rendering|Lists & Keys|Routing|API Integration|Context API|Projects,Beginner,English,75.62,PedroTech,https://www.youtube.com/watch?v=3OqiKTyH4r0
Deployment,yt_html_1368,Docker vs. Kubernetes: The ONLY Video You Need to Finally Understand Containers!,Docker,Basics|Containers|Deployment,Beginner,English,75.51,The Coding Gopher,https://www.youtube.com/watch?v=oGPjzCBZGzg
Deployment,yt_html_1023,MongoDB Tutorial for Beginners 13 - MongoDB Aggregation,MongoDB,Aggregation,Beginner,English,75.0,ProgrammingKnowledge,https://www.youtube.com/watch?v=J_L6r_v3hss
Deployment,yt_html_1490,"React Native Full Course 2026 | Build, Publish and Monetize a Full Stack Mobile App to App Store",Full Stack Projects,Full Stack Applications|Backend Projects|Deployment Projects,Intermediate,English,74.91,JavaScript Mastery,https://www.youtube.com/watch?v=4nVoLX2taFg
Deployment,yt_html_521,Node js complete tutorial in Hindi -  Full Node course in one video,Node.js,Basics|Modules|NPM|File System|Events|Streams|HTTP|REST APIs|Authentication|Middleware|Security|Projects,Beginner,Hindi,74.87,Code Step By Step,https://www.youtube.com/watch?v=VrQgmNY96wo
Deployment,yt_html_1013,MongoDB Tutorial for Beginners 12 - MongoDB Indexing,MongoDB,Indexes,Beginner,English,74.59,ProgrammingKnowledge,https://www.youtube.com/watch?v=vj_YkHxzF2s
Deployment,yt_html_672,API Course for Beginners 2026 | API Tutorial For Beginners Step By Step | API Tutorial | Simplilearn,REST APIs,API Basics|HTTP Methods|Status Codes|Request & Response|REST Architecture,Beginner,English,74.32,Simplilearn,https://www.youtube.com/watch?v=ukBCjzC_C6w
Deployment,yt_html_534,"Backend Complete Course | NodeJS, ExpressJS, JWT, PostgreSQL, Prisma...",Node.js,Basics|Modules|NPM|HTTP|REST APIs|Authentication|Middleware|Security|Projects,Intermediate,English,74.26,PedroTech,https://www.youtube.com/watch?v=g09PoiCob4Y
Deployment,yt_html_1413,Docker Advanced Networking - The Secret to Optimizing Your Container Logging,Docker,Networking,Advanced,English,73.76,KodeKloud,https://www.youtube.com/watch?v=Xxhhdo2e-DA
Deployment,yt_html_466,React Tutorial For Beginners: React Crash Course (2026),React,Basics|Components|JSX|Props|State|Hooks|Events & Forms|Conditional Rendering|Lists & Keys|Context API|Routing|API Integration|Projects,Beginner,English,73.54,Iman Musa,https://www.youtube.com/watch?v=pBFWFswUK2c
Deployment,yt_html_502,Top 12 React Interview Questions 🔥 for Freshers & Experienced  | Preparation 2025 🚀,React,Basics|Components|JSX|Props|State|Hooks|Events & Forms|Conditional Rendering|Lists & Keys|Context API|Routing|API Integration|State Management|Performance|Authentication,Intermediate,English,72.9,Akshay Saini,https://www.youtube.com/watch?v=uE925hp9KDk
Deployment,yt_html_157,CSS Advanced Tutorial | Advanced CSS Tutorial | Learn CSS Advanced 2026 | CSS Tutorial | Simplilearn,CSS,Advanced CSS,Advanced,English,70.52,Simplilearn,https://www.youtube.com/watch?v=G-YnvsCz_1g
Frontend Development,yt_html_562,Intro to Backend Web Development – Node.js & Express Tutorial for Beginners,Node.js,Basics|HTTP|REST APIs|Middleware|Projects,Beginner,English,85.71,freeCodeCamp.org,https://www.youtube.com/watch?v=KOutPbKc9UM
Frontend Development,yt_html_1349,Docker Tutorial for Beginners,Docker,Basics|Images|Containers|Dockerfile,Beginner,English,85.61,mCoding,https://www.youtube.com/watch?v=b0HMimUb4f0
Frontend Development,yt_html_442,"React Tutorial Full Course - Beginner to Pro (React 19, 2025)",React,Basics|Components|JSX|Props|State|Hooks|Events & Forms|Conditional Rendering|Lists & Keys|Context API|Routing|API Integration|State Management|Performance|Authentication|Projects,Intermediate,English,85.47,SuperSimpleDev,https://www.youtube.com/watch?v=TtPXvEcE11E
Frontend Development,yt_html_1421,Docker Full Course for Beginners (2026) | Build & Deploy Real-World Projects,Docker,Basics|Images|Containers|Dockerfile|Docker Compose|Networking|Volumes|Deployment,Beginner,English,85.47,Sarvin Style Coding,https://www.youtube.com/watch?v=ekiGWd-Wark
Frontend Development,yt_html_171,JavaScript Tutorial for Beginners – Build Your First App in 27 Minutes,JavaScript,Basics|Variables & Data Types|Functions|DOM|Events,Beginner,English,85.32,JavaScript King,https://www.youtube.com/watch?v=-zLEofFa9_I
Frontend Development,yt_html_476,React JS - React Tutorial for Beginners,React,Basics|Components|JSX|Props|State|Hooks|Events & Forms|Conditional Rendering|Lists & Keys,Beginner,English,85.32,Programming with Mosh,https://www.youtube.com/watch?v=Ke90Tje7VS0
Frontend Development,yt_html_520,"Learn Node JS in 40 Minutes (Crash Course) - Express, CRUD APIs, etc",Node.js,Basics|HTTP|REST APIs|Middleware|NPM,Beginner,English,85.27,RoadsideCoder,https://www.youtube.com/watch?v=bqy1Sa6Ha7o
Frontend Development,yt_html_623,Express Crash Course,Express.js,Basics|Routing|Middleware|REST APIs|Error Handling,Beginner,English,85.21,Traversy Media,https://www.youtube.com/watch?v=CnH3kAXSrmU
Frontend Development,yt_html_160,JavaScript Tutorial Full Course - Beginner to Pro,JavaScript,Basics|Variables & Data Types|Operators|Control Flow|Functions|Arrays|Objects|Strings & Numbers|DOM|Events|Error Handling|ES6+|Modules|Asynchronous JavaScript|Promises & Async/Await|Fetch API|Web APIs|Projects,Intermediate,English,85.12,SuperSimpleDev,https://www.youtube.com/watch?v=EerdGm-ehJQ
Frontend Development,yt_html_019,Learn HTML – Full Tutorial for Beginners,HTML,Basics|Elements & Attributes|Text & Formatting|Links & Navigation|Images|Lists|Tables|Forms|Semantic HTML|HTML5|Accessibility,Beginner,English,84.92,freeCodeCamp.org,https://www.youtube.com/watch?v=kUMe1FH4CHE
Frontend Development,yt_html_615,🚀🔥  Lecture 9: Introduction to express.js | NodeJS Complete Course ❤️ in Hindi | Notes Certification,Express.js,Basics,Beginner,Hindi,84.85,Complete Coding by Prashant Sir,https://www.youtube.com/watch?v=J-QgmSzyA_A
Frontend Development,yt_html_1029,Getting Started with MongoDB Atlas - A Modern Database!,MongoDB,MongoDB Atlas,Beginner,English,84.73,MongoDB,https://www.youtube.com/watch?v=bBA9rUdqmgY
Frontend Development,yt_html_1436,The Only Full Stack Roadmap You Need in 2026 (MERN + AI) | | Sagar Chouksey,Full Stack Projects,MERN Projects|Full Stack Applications,Intermediate,English,84.53,Coding With Sagar,https://www.youtube.com/watch?v=UmGnJ475EcU
Frontend Development,yt_html_543,"Backend, Node.js & npm | Sigma Web Development Course - Tutorial #85",Node.js,Basics|NPM,Beginner,Hindi,84.37,CodeWithHarry,https://www.youtube.com/watch?v=NoWRBo3Uf8E
Frontend Development,yt_html_038,HTML Full Course Tutorial for Beginners - Learn EVERYTHING You Need to Know in Detail 🔍,HTML,Basics|Elements & Attributes|Text & Formatting|Links & Navigation|Images|Lists|Tables|Forms|Semantic HTML|Multimedia|HTML5|Accessibility,Beginner,English,84.36,Future Fullstack,https://www.youtube.com/watch?v=zutb5Clb_0Y
Frontend Development,yt_html_074,HTML Tutorial For Beginners | Learn HTML In 30 Minutes | Designing A Web Page Using HTML | Edureka,HTML,Basics|Elements & Attributes|Text & Formatting|Links & Navigation|Images|Lists|Tables|Forms,Beginner,English,84.34,edureka!,https://www.youtube.com/watch?v=88PXJAA6szs
Frontend Development,yt_html_318,Git and Github Tutorial For Beginners (Full Course),Git & GitHub,Git Basics|Repositories|Branches|Merge & Rebase|Remote Repositories|Pull Requests|Collaboration,Beginner,Hindi,84.31,CodeWithHarry,https://www.youtube.com/watch?v=AB3J8ufDYHQ
Frontend Development,yt_html_640,JWT Authentication | Node JS and Express tutorials for Beginners,Express.js,Authentication,Beginner,English,84.27,Dave Gray,https://www.youtube.com/watch?v=favjC6EKFgw
Frontend Development,yt_html_683,Build a REST API in Python | API Crash Course,REST APIs,API Basics|HTTP Methods|Status Codes|Request & Response|REST Architecture,Beginner,English,84.27,Code with Josh,https://www.youtube.com/watch?v=Ha3ls0EAtW8
Frontend Development,yt_html_457,React Tutorial for Beginners,React,Basics|Components|JSX|Props|State|Hooks|Events & Forms|Conditional Rendering|Lists & Keys|Routing|API Integration,Beginner,English,84.22,Programming with Mosh,https://www.youtube.com/watch?v=SqcY0GlETPk
Frontend Development,yt_html_478,ReactJS Full Course | ReactJS - Learn Everything | Sheryians Coding School,React,Basics|Components|JSX|Props|State|Hooks|Events & Forms|Conditional Rendering|Lists & Keys|Context API|Routing|API Integration|State Management|Performance|Authentication|Projects,Intermediate,English,84.17,Sheryians Coding School,https://www.youtube.com/watch?v=3LRZRSIh_KE
Frontend Development,yt_html_631,🚀 Express.js - Learn What Matters: Mastering the Framework |  Backend (Node JS) Series,Express.js,Basics|Routing|Middleware|REST APIs|Error Handling|Authentication|Authorization|Validation|Security|Projects,Intermediate,English,84.14,Sheryians Coding School,https://www.youtube.com/watch?v=pKJ4GGyDgJo
Frontend Development,yt_html_447,React Course - Beginner's Tutorial for React JavaScript Library [2022],React,Basics|Components|JSX|Props|State|Hooks|Events & Forms|Conditional Rendering|Lists & Keys|Context API|Routing|API Integration|State Management|Performance|Authentication|Projects,Beginner,English,83.87,freeCodeCamp.org,https://www.youtube.com/watch?v=bMknfKXIFA8
Frontend Development,yt_html_556,Learn Node.js - Full Tutorial for Beginners,Node.js,Basics|Modules|NPM|File System|Events|Streams|HTTP|REST APIs|Authentication|Middleware|Security|Projects,Beginner,English,83.79,freeCodeCamp.org,https://www.youtube.com/watch?v=RLtyhwFtXQA
Frontend Development,yt_html_284,Learn Git & GitHub for Beginners | (2026) Tutorial,Git & GitHub,Git Basics|Repositories|Branches|Remote Repositories|Pull Requests|Collaboration,Beginner,English,83.78,Coder Coder,https://www.youtube.com/watch?v=h2a3Kw-I_Ec
Frontend Development,yt_html_621,Introduction to Express Js | Sigma Web Development Course - Tutorial #88,Express.js,Basics,Beginner,Hindi,83.7,CodeWithHarry,https://www.youtube.com/watch?v=R11tvGM3nDY
Frontend Development,yt_html_070,HTML Full Course | Learn HTML in 5 Hours | Sagar Chouksey,HTML,Basics|Elements & Attributes|Text & Formatting|Links & Navigation|Images|Lists|Tables|Forms|Semantic HTML|Multimedia|HTML5|Accessibility,Beginner,English,83.67,Coding With Sagar,https://www.youtube.com/watch?v=zysUIv0-xak
Frontend Development,yt_html_175,Node.js Tutorial for Beginners: Learn Node in 1 Hour,JavaScript,Modules|Asynchronous JavaScript,Beginner,English,83.42,Programming with Mosh,https://www.youtube.com/watch?v=TlB_eWDSMt4
Frontend Development,yt_html_112,CSS Tutorial - Zero to Hero (Complete Course),CSS,Basics|Selectors|Box Model|Colors & Backgrounds|Typography|Positioning|Flexbox|CSS Grid|Responsive Design|Animations & Transitions|Advanced CSS|Projects,Intermediate,English,83.33,freeCodeCamp.org,https://www.youtube.com/watch?v=1Rs2ND1ryYc
Frontend Development,yt_html_049,HTML & CSS Full Course - Beginner to Pro,HTML,Basics|Elements & Attributes|Text & Formatting|Links & Navigation|Images|Lists|Tables|Forms|Semantic HTML|HTML5|Accessibility,Intermediate,English,83.31,SuperSimpleDev,https://www.youtube.com/watch?v=G3e-cpL7ofc
Frontend Development,yt_html_153,CSS Selectors MasterClass | Sigma Web Development Course - Tutorial #17,CSS,Selectors,Intermediate,English,83.3,CodeWithHarry,https://www.youtube.com/watch?v=1cEG1T8beO4
Frontend Development,yt_html_594,This is how the Node.js Event Loop really works,Node.js,Events,Intermediate,English,83.25,Software Developer Diaries,https://www.youtube.com/watch?v=paI6J8my3Yw
Frontend Development,yt_html_186,JavaScript Full Course for Beginners | Complete All-in-One Tutorial | 8 Hours,JavaScript,Basics|Variables & Data Types|Operators|Control Flow|Functions|Arrays|Objects|Strings & Numbers|DOM|Events|Error Handling|ES6+|Modules|Asynchronous JavaScript|Promises & Async/Await|Fetch API|Web APIs|Projects,Beginner,English,83.22,Dave Gray,https://www.youtube.com/watch?v=EfAl9bwzVZk
Frontend Development,yt_html_1026,MongoDB Crash Course,MongoDB,Basics|CRUD Operations|Queries,Beginner,English,83.2,Web Dev Simplified,https://www.youtube.com/watch?v=ofme2o29ngU
Frontend Development,yt_html_107,CSS Full Course Tutorial for Beginners - Learn EVERYTHING You Need to Know in Detail 🔍,CSS,Basics|Selectors|Box Model|Colors & Backgrounds|Typography|Positioning|Flexbox|CSS Grid|Responsive Design|Animations & Transitions|Advanced CSS|Projects,Beginner,English,83.15,Future Fullstack,https://www.youtube.com/watch?v=-G-zic_LS0A
Frontend Development,yt_html_605,How to build a REST API with Node js & Express,Express.js,Basics|Routing|Middleware|REST APIs,Beginner,English,83.15,Programming with Mosh,https://www.youtube.com/watch?v=pKd0Rpw7O48
Frontend Development,yt_html_585,"Advanced Backend Project | Learn Bank Transaction System with Node.js, Express & MongoDB",Node.js,Projects|REST APIs|Authentication|Middleware|Security|HTTP|NPM,Advanced,English,83.03,Sheryians Coding School,https://www.youtube.com/watch?v=NQOAQP0mow0
Frontend Development,yt_html_143,CSS Full Course | Learn CSS From Basic to Advanced | Sagar Chouksey,CSS,Basics|Selectors|Box Model|Colors & Backgrounds|Typography|Positioning|Flexbox|CSS Grid|Responsive Design|Animations & Transitions|Advanced CSS|Projects,Intermediate,English,82.97,Coding With Sagar,https://www.youtube.com/watch?v=ksD9g8cT8lI
Frontend Development,yt_html_626,Backend Full Course | NodeJS ExpressJS PostgreSQL Prisma & Docker,Express.js,Basics|Routing|Middleware|REST APIs|Error Handling|Authentication|Authorization|Validation|Security|Projects,Intermediate,English,82.89,Smoljames,https://www.youtube.com/watch?v=9BD9eK9VqXA
Frontend Development,yt_html_023,HTML Tutorial for Beginners: HTML Crash Course,HTML,Basics|Elements & Attributes|Text & Formatting|Links & Navigation|Images|Lists|Tables|Forms|Semantic HTML|HTML5,Beginner,English,82.79,Programming with Mosh,https://www.youtube.com/watch?v=qz0aGYrrlhU
Frontend Development,yt_html_703,Python REST API Tutorial for Beginners | How to Build a Flask REST API,REST APIs,API Basics|HTTP Methods|Status Codes|Request & Response|REST Architecture,Beginner,English,82.74,Dave Gray,https://www.youtube.com/watch?v=z3YMz-Gocmw
Frontend Development,yt_html_1472,Full Stack Developer Roadmap for Beginners in AI Era (2026 Guide),Full Stack Projects,,Beginner,English,82.66,Nishant Chahar,https://www.youtube.com/watch?v=sccnYlJTfyg
Frontend Development,yt_html_726,"How to Design APIs Like a Senior Engineer (REST, GraphQL, Auth, Security)",REST APIs,REST Architecture|Authentication|API Security,Advanced,English,82.63,Hayk Simonyan,https://www.youtube.com/watch?v=7iHl71nt49o
Frontend Development,yt_html_536,Node.js Crash Course for Beginners Tutorial - Learn Node Basics in 30 Minutes!,Node.js,Basics,Beginner,English,82.54,codeSTACKr,https://www.youtube.com/watch?v=2LUdnb-mls0
Frontend Development,yt_html_293,Git Full Course - 6 Hours | Git Tutorial for Beginners [2024] | DevOps Git Tutorial | Edureka,Git & GitHub,Git Basics|Repositories|Branches|Merge & Rebase|Remote Repositories|Pull Requests|Collaboration,Beginner,English,82.46,edureka!,https://www.youtube.com/watch?v=akD-DpolilE
Frontend Development,yt_html_728,"How to Design APIs Like a Senior Engineer (REST, GraphQL, Auth, Security)",REST APIs,REST Architecture|Authentication|API Security,Advanced,English,82.44,Hayk Simonyan,https://www.youtube.com/watch?v=Rrd6xkyjPB8
Frontend Development,yt_html_619,Express JS Full Course From Beginner to Pro 2025 | Complete Backend Tutorial in Just 4 Hours,Express.js,Basics|Routing|Middleware|REST APIs|Error Handling|Authentication|Authorization|Validation|Security|Projects,Beginner,English,82.38,GreatStack,https://www.youtube.com/watch?v=fBzm9zja2Y8
Frontend Development,yt_html_633,Build a REST API with Node JS and Express | CRUD API Tutorial,Express.js,REST APIs|Routing|Projects,Beginner,English,82.37,JavaScript Mastery,https://www.youtube.com/watch?v=l8WPWK9mS5M
Frontend Development,yt_html_328,Git and GitHub Explained in 12 Minutes (With Animations),Git & GitHub,Git Basics|Repositories|Remote Repositories,Beginner,English,82.3,Harshita Verma,https://www.youtube.com/watch?v=cv77l-Bwzsk
Frontend Development,yt_html_1402,Docker Image BEST Practices - From 1.2GB to 10MB,Docker,Images|Dockerfile,Intermediate,English,82.28,Better Stack,https://www.youtube.com/watch?v=t779DVjCKCs
Frontend Development,yt_html_628,Node.js / Express Course - Build 4 Projects,Express.js,Basics|Routing|Middleware|REST APIs|Error Handling|Authentication|Authorization|Validation|Security|Projects,Intermediate,English,82.25,freeCodeCamp.org,https://www.youtube.com/watch?v=qwfE7fSVaZM
Frontend Development,yt_html_1036,MongoDB One Shot Crash Course | Complete MongoDB Tutorial for Beginners to Advanced (2026),MongoDB,Basics|CRUD Operations|Queries|Indexes|Aggregation|Schema Design|Data Modeling|Relationships|Transactions|MongoDB Atlas|Projects,Intermediate,English,82.05,RStudios Inc.,https://www.youtube.com/watch?v=b6Ah4qQpMWs
Frontend Development,yt_html_016,HTML Complete Tutorial for Beginners in Hindi🔥Free Notes + Codes,HTML,Basics|Elements & Attributes|Text & Formatting|Links & Navigation|Images|Lists|Tables|Forms|Semantic HTML|HTML5,Beginner,Hindi,82.04,Thapa Technical,https://www.youtube.com/watch?v=5ccq_nLHneE
Frontend Development,yt_html_535,Node.js Tutorial for Beginners in Hindi #1: Introduction to Node JS,Node.js,Basics,Beginner,Hindi,81.98,Thapa Technical,https://www.youtube.com/watch?v=CKgDta5ACWA
Frontend Development,yt_html_519,Create server in node js & callback function javascript | node js tutorial for beginners,Node.js,Basics|HTTP,Beginner,English,81.95,Hello World,https://www.youtube.com/watch?v=bflieVmJQeg
Frontend Development,yt_html_1374,Docker Tutorial for Beginners,Docker,Basics|Images|Containers|Dockerfile|Docker Compose|Networking|Volumes,Beginner,English,81.93,Programming with Mosh,https://www.youtube.com/watch?v=pTFZFxd4hOI
Frontend Development,yt_html_551,Learn Express JS In 35 Minutes,Node.js,HTTP|REST APIs|Middleware|Projects,Beginner,English,81.83,Web Dev Simplified,https://www.youtube.com/watch?v=SccSCuHhOw0
Frontend Development,yt_html_208,All The JavaScript You Need BEFORE React,JavaScript,Basics|Variables & Data Types|Functions|Arrays|Objects|ES6+,Beginner,English,81.81,Coding2GO,https://www.youtube.com/watch?v=bCkfU_wHPcY
Frontend Development,yt_html_618,Express JS Tutorial for Beginners in Hindi 🔥 Build Your First Express JS Server from Scratch,Express.js,Basics,Beginner,Hindi,81.78,Thapa Technical,https://www.youtube.com/watch?v=i3egAedcKf0
Frontend Development,yt_html_662,Express JS in One Lesson: A Complete Hindi Tutorial to Master Express JS,Express.js,Basics|Routing|Middleware|REST APIs|Error Handling|Security,Beginner,Hindi,81.77,6 Pack Programmer,https://www.youtube.com/watch?v=teipbke8c4A
Frontend Development,yt_html_624,Express JS Crash Course for Beginners [Easy Way],Express.js,Basics|Routing|Middleware|REST APIs,Beginner,English,81.76,Code Bless You,https://www.youtube.com/watch?v=NuyMcxiuaxE
Frontend Development,yt_html_446,ReactJs Crash Course: Master the Basics in One Video! Ignite Your Front-End Mastery Series!,React,Basics|Components|JSX|Props|State|Hooks|Events & Forms|Conditional Rendering|Lists & Keys,Beginner,English,81.6,Sheryians Coding School,https://www.youtube.com/watch?v=Xe8CkYZvCig
Frontend Development,yt_html_606,Ultimate Backend Course 🔥 | Part 1 | Learn From Scratch,Express.js,Basics|Routing|Middleware|REST APIs|Projects,Beginner,English,81.55,VIRTUAL CODE,https://www.youtube.com/watch?v=Ef2RtAxOb1Y
Frontend Development,yt_html_1025,Full MongoDB Tutorial for Beginners | Learn What is MongoDB from Scratch,MongoDB,Basics|CRUD Operations|Queries,Beginner,English,81.53,WsCube Tech,https://www.youtube.com/watch?v=_QAhJG5LuAc
Frontend Development,yt_html_666,"Master Express.js, Routing & Middleware | Backend Development Part 4",Express.js,Basics|Routing|Middleware,Intermediate,English,81.5,Sheryians Coding School,https://www.youtube.com/watch?v=3CkgSQWwNlk
Frontend Development,yt_html_560,What is Node.js? JavaScript Back-End Tutorial,Node.js,Basics,Beginner,English,81.49,Coding2GO,https://www.youtube.com/watch?v=P-fDVxjSXEw
Frontend Development,yt_html_152,10 NEW CSS Features You Need To Know For 2026,CSS,Advanced CSS,Intermediate,English,81.47,Better Stack,https://www.youtube.com/watch?v=svqu6FDiMAs
Frontend Development,yt_html_1446,Python + JavaScript - Full Stack App Tutorial,Full Stack Projects,Backend Projects|Frontend Projects|Full Stack Applications,Intermediate,English,81.47,Tech With Tim,https://www.youtube.com/watch?v=PppslXOR7TA
Frontend Development,yt_html_721,APIs for Beginners - How to use an API (Full Course / Tutorial),REST APIs,API Basics|HTTP Methods|Status Codes|Request & Response|REST Architecture|Authentication,Beginner,English,81.45,freeCodeCamp.org,https://www.youtube.com/watch?v=GZvSYJDk-us
Frontend Development,yt_html_458,React Tutorial in Hindi 🔥🔥,React,Basics|Components|JSX|Props|State|Hooks|Events & Forms|Conditional Rendering|Lists & Keys|Context API|Routing|API Integration,Beginner,Hindi,81.43,CodeWithHarry,https://www.youtube.com/watch?v=RGKi6LSPDLU
Frontend Development,yt_html_172,JavaScript Course for Beginners – Your First Step to Web Development,JavaScript,Basics|Variables & Data Types|Operators|Control Flow|Functions|Arrays|Objects|Strings & Numbers|DOM|Events|ES6+,Beginner,English,81.4,Programming with Mosh,https://www.youtube.com/watch?v=W6NZfCO5SIk
Frontend Development,yt_html_684,Python FastAPI Tutorial: Build a REST API in 15 Minutes,REST APIs,API Basics|HTTP Methods|Status Codes|Request & Response|REST Architecture|API Documentation,Beginner,English,81.4,pixegami,https://www.youtube.com/watch?v=iWS9ogMPOI0
Frontend Development,yt_html_1428,"Gen AI + Full Stack Web Development Project | React, Node, JWT, Gemini",Full Stack Projects,Full Stack Applications|Authentication Projects,Intermediate,English,81.38,Sheryians Coding School,https://www.youtube.com/watch?v=zG3hNL08Dro
Frontend Development,yt_html_464,React Full Course for free ⚛️,React,Basics|Components|JSX|Props|State|Hooks|Events & Forms|Conditional Rendering|Lists & Keys|Context API|Routing|API Integration|State Management|Performance|Authentication|Projects,Beginner,English,81.28,Bro Code,https://www.youtube.com/watch?v=CgkZ7MvWUAA
Frontend Development,yt_html_212,Modern JavaScript From The Beginning | First 12 Hours,JavaScript,Basics|Variables & Data Types|Operators|Control Flow|Functions|Arrays|Objects|Strings & Numbers|DOM|Events|Error Handling|ES6+|Modules|Asynchronous JavaScript|Promises & Async/Await|Fetch API|Web APIs|Projects,Beginner,English,81.26,Traversy Media,https://www.youtube.com/watch?v=BI1o2H9z9fo
Frontend Development,yt_html_276,Git Tutorial for Beginners: Command-Line Fundamentals,Git & GitHub,Git Basics,Beginner,English,81.24,Corey Schafer,https://www.youtube.com/watch?v=HVsySz-h9r4
Frontend Development,yt_html_467,"React JS Tutorial for Beginners (2025) 🔥📝 | Learn Components, JSX, Props, Vite & Virtual DOM Quick",React,Basics|Components|JSX|Props,Beginner,English,81.24,Tech Jashwanth,https://www.youtube.com/watch?v=zUx56TYIE24
Frontend Development,yt_html_168,JavaScript explained in just 7 Minutes!,JavaScript,Basics,Beginner,English,81.16,GeeksforGeeks,https://www.youtube.com/watch?v=VoKFyB1q4fc
Frontend Development,yt_html_1370,Docker Tutorial for Beginners [FULL COURSE in 3 Hours],Docker,Basics|Images|Containers|Dockerfile|Docker Compose|Networking|Volumes|Deployment,Beginner,English,81.16,TechWorld with Nana,https://www.youtube.com/watch?v=3c-iBn73dDE
Frontend Development,yt_html_178,JavaScript Tutorial In Hindi,JavaScript,Basics|Variables & Data Types|Operators|Control Flow|Functions|Arrays|Objects|Strings & Numbers|DOM|Events|Error Handling|ES6+|Modules|Asynchronous JavaScript|Promises & Async/Await|Fetch API|Web APIs|Projects,Beginner,Hindi,81.01,CodeWithHarry,https://www.youtube.com/watch?v=hKB-YGF14SY
Frontend Development,yt_html_240,Advanced JavaScript | Sigma Web Development Course - Tutorial #82,JavaScript,ES6+,Advanced,English,81.01,CodeWithHarry,https://www.youtube.com/watch?v=tcQDnqRakxk
Frontend Development,yt_html_512,Top 10 React Interview Questions and Answers 2025🔹 ReactJS Interview Questions for Experienced Devs,React,Basics|Components|JSX|Props|State|Hooks|Context API|Routing|API Integration|State Management|Performance|Authentication,Advanced,English,80.94,Shubham Kulkarni | Coding and Interviews,https://www.youtube.com/watch?v=dAHTXKDsrZ8
Frontend Development,yt_html_151,Master CSS Animation Property in 11 Minutes [Full Tutorial] 🚀,CSS,Animations & Transitions,Beginner,English,80.92,CSSnippets,https://www.youtube.com/watch?v=Bhj4miRkSOc
Frontend Development,yt_html_183,Learn JavaScript in 60 Minutes: The Ultimate Beginner Course!,JavaScript,Basics|Variables & Data Types|Operators|Control Flow|Functions|Arrays|Objects|Strings & Numbers|DOM|Events,Beginner,English,80.91,Coding2GO,https://www.youtube.com/watch?v=voLJ3CmaM1s
Frontend Development,yt_html_483,Top 20 React JS Interview Questions For 2025 | React Interviewer Questions & Answers | Intellipaat,React,Basics|Components|JSX|Props|State|Hooks|Events & Forms|Conditional Rendering|Lists & Keys|Context API|Routing|API Integration|State Management|Performance|Authentication,Advanced,English,80.91,Intellipaat,https://www.youtube.com/watch?v=NkWOzTEEcco
Frontend Development,yt_html_022,HTML Tutorial For Beginners,HTML,Basics|Elements & Attributes|Text & Formatting|Links & Navigation|Images|Lists|Tables|Forms|Semantic HTML|HTML5,Beginner,English,80.9,The Coding Sloth,https://www.youtube.com/watch?v=vY2xUc4TVmY
Frontend Development,yt_html_462,React Tutorial 2026 | Complete React Course for Beginners,React,Basics|Components|JSX|Props|State|Hooks|Events & Forms|Conditional Rendering|Lists & Keys|Context API|Routing|API Integration|Projects,Beginner,English,80.89,Codynn,https://www.youtube.com/watch?v=SoVF8hTzHb8
Frontend Development,yt_html_558,What Is Node.js? | Introduction To Node.js | Node JS Tutorial For Beginners | Simplilearn,Node.js,Basics,Beginner,English,80.88,Simplilearn,https://www.youtube.com/watch?v=8u1o-OmOeGQ
Frontend Development,yt_html_021,HTML Tutorial for Beginners - Crash Course,HTML,Basics|Elements & Attributes|Text & Formatting|Links & Navigation|Images|Lists|Tables|Forms|Semantic HTML|HTML5,Beginner,English,80.86,Coding with Estefania,https://www.youtube.com/watch?v=TRjvcOfnSGE
Frontend Development,yt_html_434,React Explained in 8 Minutes,React,Basics,Beginner,English,80.86,Coding2GO,https://www.youtube.com/watch?v=V1PxgjIhTw0
Frontend Development,yt_html_1357,Ultimate Docker Crash Course: Learn Docker within 30 Minutes!,Docker,Basics|Images|Containers|Dockerfile|Networking|Volumes,Beginner,Hindi,80.86,CodeWithHarry,https://www.youtube.com/watch?v=WNUCAPKa44Y
Frontend Development,yt_html_435,React 19 Crash Course for Beginners 2026 (Learn in 90 Minutes),React,Basics|Components|JSX|Props|State|Hooks|Events & Forms|Conditional Rendering|Lists & Keys,Beginner,English,80.84,Code with Ahsan,https://www.youtube.com/watch?v=tqjJrXd27m4
Frontend Development,yt_html_081,Top 6 HTML Features You’re Not Using (But Should Be),HTML,Elements & Attributes|HTML5,Intermediate,English,80.83,camelCase,https://www.youtube.com/watch?v=HgNDii20FG4
Frontend Development,yt_html_197,JavaScript Tutorial for Beginners [JS Crash Course],JavaScript,Basics|Variables & Data Types|Operators|Control Flow|Functions|Arrays|Objects|Strings & Numbers|DOM|Events|ES6+,Beginner,English,80.83,TechWorld with Nana,https://www.youtube.com/watch?v=FtaQSdrl7YA
Frontend Development,yt_html_1017,Introduction To MongoDB | MongoDB Tutorial For Beginners | Learn MongoDB | Simplilearn,MongoDB,Basics,Beginner,English,80.83,Simplilearn,https://www.youtube.com/watch?v=XnRS82MWFyc
Frontend Development,yt_html_105,Learn CSS in 20 Minutes,CSS,Basics|Selectors|Box Model|Colors & Backgrounds|Typography|Positioning|Flexbox,Beginner,English,80.8,Web Dev Simplified,https://www.youtube.com/watch?v=1PnVor36_40
Frontend Development,yt_html_043,HTML & CSS for Absolute Beginners: What is HTML?,HTML,Basics,Beginner,English,80.78,Kevin Powell,https://www.youtube.com/watch?v=X4sClFRMJ00
Frontend Development,yt_html_129,CSS 3 Tutorial For Beginners: Learn CSS In One Video In Hindi,CSS,Basics|Selectors|Box Model|Colors & Backgrounds|Typography|Positioning|Flexbox|CSS Grid|Responsive Design|Animations & Transitions,Beginner,Hindi,80.75,CodeWithHarry,https://www.youtube.com/watch?v=u5-K_ua9sOw
Frontend Development,yt_html_1431,"Build a Full-Stack GenAI Project in 4 Hours (FastAPI, React, Supabase)",Full Stack Projects,Full Stack Applications|Backend Projects|Frontend Projects,Intermediate,English,80.75,Dave Ebbelaar,https://www.youtube.com/watch?v=qF5il_9IwME
Frontend Development,yt_html_096,The 6 most important CSS concepts for beginners,CSS,Basics|Selectors|Box Model|Colors & Backgrounds|Typography|Positioning,Beginner,English,80.68,Kevin Powell,https://www.youtube.com/watch?v=JnTPd9G6hoY
Frontend Development,yt_html_226,JavaScript Full Course 2026 | Master Javascript in 22 Hours,JavaScript,Basics|Variables & Data Types|Operators|Control Flow|Functions|Arrays|Objects|Strings & Numbers|DOM|Events|Error Handling|ES6+|Modules|Asynchronous JavaScript|Promises & Async/Await|Fetch API|Web APIs|Projects,Beginner,English,80.67,Coder Army,https://www.youtube.com/watch?v=6_NrgoEkjnE
Frontend Development,yt_html_655,Node.JS Full Course (THREE HOUR All-in-One Tutorial for Beginners),Express.js,Basics|Routing|Middleware|REST APIs|Error Handling|Authentication|Authorization|Validation|Security|Projects,Beginner,English,80.62,Caleb Curry,https://www.youtube.com/watch?v=pkg0J6lpKT4
Frontend Development,yt_html_695,APIs for Beginners - How to use an API (Full Course / Tutorial),REST APIs,API Basics|HTTP Methods|Status Codes|Request & Response|REST Architecture|Authentication,Beginner,English,80.59,freeCodeCamp.org,https://www.youtube.com/watch?v=WXsD0ZgxjRw
Frontend Development,yt_html_265,Git & GitHub Tutorial for Beginners #11 - Collaborating on GitHub,Git & GitHub,Pull Requests|Collaboration,Beginner,English,80.57,Net Ninja,https://www.youtube.com/watch?v=MnUd31TvBoU
Frontend Development,yt_html_565,Node JS Tutorial for Beginners 2026 [Learn Node JS from Scratch],Node.js,Basics|Modules|NPM|File System|HTTP,Beginner,English,80.56,Code Bless You,https://www.youtube.com/watch?v=FPJzYFgexJA
Frontend Development,yt_html_533,Node JS Tutorial for Beginners in 2026 | Build APIs & Backend Applications,Node.js,Basics|Modules|NPM|HTTP|REST APIs|Projects,Beginner,English,80.53,HeroDev,https://www.youtube.com/watch?v=BuGUn4J3Jvw
Frontend Development,yt_html_574,All the Express.js You Need — Explained in 24 Minutes,Node.js,HTTP|REST APIs|Middleware|Authentication|Security|Projects|NPM,Beginner,English,80.53,Coding2GO,https://www.youtube.com/watch?v=ha_leEpnT30
Frontend Development,yt_html_080,HTML Full Course - Build a Website Tutorial,HTML,Basics|Elements & Attributes|Text & Formatting|Links & Navigation|Images|Lists|Tables|Forms|Semantic HTML|Multimedia|HTML5|Accessibility,Beginner,English,80.51,freeCodeCamp.org,https://www.youtube.com/watch?v=pQN-pnXPaVg
Frontend Development,yt_html_450,React Crash Course,React,Basics|Components|JSX|Props|State|Hooks|Events & Forms|Conditional Rendering|Lists & Keys|Context API|Routing|API Integration|Projects,Beginner,English,80.51,Traversy Media,https://www.youtube.com/watch?v=LDB4uaJ87e0
Frontend Development,yt_html_707,What is a REST API?,REST APIs,API Basics|REST Architecture,Beginner,English,80.51,Programming with Mosh,https://www.youtube.com/watch?v=SLwpqD8n3d0
Frontend Development,yt_html_1445,"MERN Stack Event Booking Web App (OTP + Admin Panel + JWT Auth) with Code | React, MongoDB, Node JS",Full Stack Projects,MERN Projects|Full Stack Applications|Authentication Projects,Intermediate,English,80.47,Dev. Shivansh Vasu,https://www.youtube.com/watch?v=n7ii3Zcs6k0
Frontend Development,yt_html_465,React tutorial for beginners ⚛️,React,Basics|Components|JSX|Props|State|Hooks,Beginner,English,80.44,Bro Code,https://www.youtube.com/watch?v=hn80mWvP-9g
Frontend Development,yt_html_460,React JS Full Course with Project: Beginner to PRO Tutorial in 9 HOURS,React,Basics|Components|JSX|Props|State|Hooks|Events & Forms|Conditional Rendering|Lists & Keys|Context API|Routing|API Integration|State Management|Performance|Authentication|Projects,Intermediate,English,80.38,WsCube Tech,https://www.youtube.com/watch?v=ZaC6oCIpjR0
Frontend Development,yt_html_485,React JS 19 Full Course in Hindi | Learn React from Scratch (2025) in One Video,React,Basics|Components|JSX|Props|State|Hooks|Events & Forms|Conditional Rendering|Lists & Keys|Context API|Routing|API Integration|State Management|Performance|Authentication|Projects,Beginner,Hindi,80.37,Code Step By Step,https://www.youtube.com/watch?v=LuNPCSNr-nE
Frontend Development,yt_html_108,CSS Tutorial for Beginners,CSS,Basics|Selectors,Beginner,English,80.31,The Coding Sloth,https://www.youtube.com/watch?v=j6nOnIT-T1o
Frontend Development,yt_html_223,Advanced JavaScript Crash Course,JavaScript,ES6+|Modules|Asynchronous JavaScript|Promises & Async/Await|Fetch API|Web APIs|Error Handling|Functions|Objects|Arrays|Strings & Numbers|DOM|Events,Advanced,English,80.31,Codevolution,https://www.youtube.com/watch?v=R9I85RhI7Cg
Frontend Development,yt_html_1460,Full Stack Web Development Full Course (2025) | Web Development Full Course FREE | Intellipaat,Full Stack Projects,Full Stack Applications|Authentication Projects|Deployment Projects,Beginner,English,80.29,Intellipaat,https://www.youtube.com/watch?v=F4zr1aMevB4
Frontend Development,yt_html_985,MongoDB Full Course 2026 | MongoDB Tutorial | MongoDB | MongoDB For Beginners | Simplilearn,MongoDB,Basics|CRUD Operations|Queries|Indexes|Aggregation|Schema Design|Data Modeling|Relationships|Transactions|MongoDB Atlas|Projects,Beginner,English,80.27,Simplilearn,https://www.youtube.com/watch?v=8eJJe4Slnik
Frontend Development,yt_html_1483,Full Stack Developer Roadmap 2026: Become the top 1%,Full Stack Projects,,Beginner,English,80.23,Akber Shaikh,https://www.youtube.com/watch?v=4ZeaME2NEQI
Frontend Development,yt_html_461,React JS Tutorial For Beginners With React JS Project Step By Step Tutorial 2024,React,Basics|Components|JSX|Props|State|Hooks|Events & Forms,Beginner,English,80.19,GreatStack,https://www.youtube.com/watch?v=gbAdFfSdtQ4
Frontend Development,yt_html_1454,Build & Deploy Full Stack E-commerce Website | Redux | MERN Stack Project,Full Stack Projects,Full Stack Applications|E-commerce Projects|MERN Projects|Deployment Projects,Advanced,English,80.19,compiletab,https://www.youtube.com/watch?v=hpgh2BTtac8
Frontend Development,yt_html_1386,Docker for Machine Learning | Docker Crash Course | CampusX,Docker,Basics|Images|Containers|Dockerfile|Docker Compose|Networking|Volumes,Beginner,English,80.18,CampusX,https://www.youtube.com/watch?v=GToyQTGDOS4
Frontend Development,yt_html_475,React Native Tutorial for Beginners - Build a React Native App,React,Basics|Components|JSX|Props|State|Hooks|Events & Forms|Conditional Rendering|Lists & Keys|Context API|API Integration|State Management|Projects,Beginner,English,80.15,Programming with Mosh,https://www.youtube.com/watch?v=0-S5a0eXPoc
Frontend Development,yt_html_995,MongoDB Course | MongoDB Tutorial | MongoDB For Beginners | MongoDB Full Course | Intellipaat,MongoDB,Basics|CRUD Operations|Queries|Indexes|Aggregation|Schema Design|Data Modeling|Relationships|Transactions|MongoDB Atlas|Projects,Beginner,English,80.14,Intellipaat,https://www.youtube.com/watch?v=aDd4HiGQSIU
Frontend Development,yt_html_222,"Part 3 – Advanced JavaScript, Projects & Real Developer Mindset | Full Course",JavaScript,Projects|ES6+,Advanced,English,80.13,Sheryians Coding School,https://www.youtube.com/watch?v=wH6uf20dpAo
Frontend Development,yt_html_644,Angular - Node - MongoDB & Express (MEAN) Tutorial for Beginners - Getting Started,Express.js,Basics|Routing|Middleware|REST APIs|Projects,Beginner,English,80.12,Academind,https://www.youtube.com/watch?v=1tRLveSyNz8
Frontend Development,yt_html_098,CSS Tutorial for Beginners 2025,CSS,Basics|Selectors|Box Model|Colors & Backgrounds|Typography|Positioning|Flexbox|Responsive Design,Beginner,English,80.06,Beau Carnes,https://www.youtube.com/watch?v=QeslNHmTObk
Frontend Development,yt_html_017,HTML Tutorial for Beginners | HTML Full Course in Hindi | How to create a Website using HTML and CSS,HTML,Basics|Elements & Attributes|Text & Formatting|Links & Navigation|Images|Lists|Tables|Forms|Semantic HTML|HTML5|Accessibility,Beginner,Hindi,80.05,Tech Gun,https://www.youtube.com/watch?v=QXPWs00RD3A
Frontend Development,yt_html_116,Tailwind CSS v4 for Beginners | Full Course 2026,CSS,Basics|Box Model|Colors & Backgrounds|Typography|Positioning|Flexbox|CSS Grid|Responsive Design|Animations & Transitions|Projects,Beginner,English,80.02,Coder Coder,https://www.youtube.com/watch?v=9I3JQ1q4IMk
Frontend Development,yt_html_174,JavaScript for Beginners - How I Wish I was Taught,JavaScript,Basics|Variables & Data Types|Operators|Control Flow|Functions,Beginner,English,79.88,Sajjaad Khader,https://www.youtube.com/watch?v=GxW1Ei8yvSQ
Frontend Development,yt_html_578,Node JS Tutorial for Beginners #4 - The Global Object,Node.js,Basics,Beginner,English,79.84,Net Ninja,https://www.youtube.com/watch?v=PY-AycMkEAg
Frontend Development,yt_html_994,MongoDB with Node.js Tutorial for Beginners,MongoDB,Basics|CRUD Operations|Queries,Beginner,English,79.76,ProgrammingKnowledge,https://www.youtube.com/watch?v=WWujIKtJoOM
Frontend Development,yt_html_554,🚀🔥  Lecture 1: Introduction to NodeJS | NodeJS Complete Course ❤️ in Hindi | Notes | Certification,Node.js,Basics,Beginner,Hindi,79.74,Complete Coding by Prashant Sir,https://www.youtube.com/watch?v=AZzV3wZCvI4
Frontend Development,yt_html_162,Learn All the JavaScript Basics in 20 Minutes,JavaScript,Basics,Beginner,English,79.73,Coding2GO,https://www.youtube.com/watch?v=xKOyDDuQSVY
Frontend Development,yt_html_279,Git & GitHub Tutorial for Beginners #7 - Undoing Things,Git & GitHub,Git Basics,Beginner,English,79.7,Net Ninja,https://www.youtube.com/watch?v=RIYrfkZjWmA
Frontend Development,yt_html_292,Git And GitHub Full Course 2026 | Complete Git and GitHub Tutorial For Beginners | Simplilearn,Git & GitHub,Git Basics|Repositories|Branches|Merge & Rebase|Remote Repositories|Pull Requests|Collaboration,Beginner,English,79.69,Simplilearn,https://www.youtube.com/watch?v=FuyrbysTJ_o
Frontend Development,yt_html_634,Node JS Tutorial for Beginners #28 - Middleware & Static Files,Express.js,Middleware,Beginner,English,79.69,Net Ninja,https://www.youtube.com/watch?v=-lRgL9kj_h0
Frontend Development,yt_html_075,HTML full Course in One Shot | Complete HTML Tutorial for Beginners in Hindi | Computer Tech Academy,HTML,Basics|Elements & Attributes|Text & Formatting|Links & Navigation|Images|Lists|Tables|Forms|Semantic HTML|Multimedia|HTML5|Accessibility,Beginner,Hindi,79.68,Computer Tech Academy,https://www.youtube.com/watch?v=uMA1xmrBYq0
Frontend Development,yt_html_1009,MongoDB Tutorial in 1 Hour (2024) 🍃,MongoDB,Basics|CRUD Operations|Queries|Indexes|Aggregation|Schema Design|Relationships,Beginner,Hindi,79.68,CodeWithHarry,https://www.youtube.com/watch?v=J6mDkcqU_ZE
Frontend Development,yt_html_642,Node JS Tutorial for Beginners #24 - Express Route Params,Express.js,Routing,Beginner,English,79.67,Net Ninja,https://www.youtube.com/watch?v=MuMs1pLuT7I
Frontend Development,yt_html_573,Node JS Full Course - Complete Backend | Web Development 2026,Node.js,Basics|Modules|NPM|File System|Events|Streams|HTTP|REST APIs|Authentication|Middleware|Security|Projects,Beginner,English,79.66,Learn Coding,https://www.youtube.com/watch?v=51PdLHoWeVA
Frontend Development,yt_html_658,Express.js Mastery: Unleash the Power of Node.js Frameworks for Lightning-Fast Web Development!,Express.js,Basics|Routing|Middleware|REST APIs|Error Handling|Authentication|Authorization|Validation|Security|Projects,Advanced,English,79.65,HuXn WebDev,https://www.youtube.com/watch?v=jn5MRu5ybH4
Frontend Development,yt_html_262,Git And GitHub Full Course | Complete Git And GitHub Tutorial For Beginners,Git & GitHub,Git Basics|Repositories|Branches|Remote Repositories|Pull Requests|Collaboration,Beginner,English,79.63,GreatStack,https://www.youtube.com/watch?v=b_glcE0SOoE
Frontend Development,yt_html_498,[ GAMECHANGER 🚀 ] REACT JS BECOMES 100 TIMES EASY IF YOU FOLLOW THIS.,React,Basics|Components|JSX|Props|State|Hooks,Beginner,English,79.61,Sheryians Coding School,https://www.youtube.com/watch?v=EaG3Zd04W5s
Frontend Development,yt_html_185,Learn JavaScript: Tutorial for Beginners (Part 1),JavaScript,Basics|Variables & Data Types|Operators|Control Flow|Functions,Beginner,English,79.51,Codecademy,https://www.youtube.com/watch?v=uh4gG7LbDPQ
Frontend Development,yt_html_989,MongoDB and Python Tutorial for Beginners: Getting Started with PyMongo,MongoDB,Basics|CRUD Operations,Beginner,English,79.49,CodeLucky,https://www.youtube.com/watch?v=XAQQL0-uToc
Frontend Development,yt_html_200,Learn JavaScript in 7 Hours 🕖 | Complete JavaScript Tutorial for Beginners 2025,JavaScript,Basics|Variables & Data Types|Operators|Control Flow|Functions|Arrays|Objects|Strings & Numbers|DOM|Events|Error Handling|ES6+|Modules|Asynchronous JavaScript|Promises & Async/Await|Fetch API|Web APIs|Projects,Beginner,English,79.45,Sundeep Saradhi Kanthety,https://www.youtube.com/watch?v=BTuCzffKh8E
Frontend Development,yt_html_570,Top 25 Node.js Interview Questions to Ace Your BackEnd Interview | NodeJS Interview | Intellipaat,Node.js,Basics|Modules|NPM|File System|Events|Streams|HTTP|REST APIs|Authentication|Middleware|Security,Intermediate,English,79.45,Intellipaat,https://www.youtube.com/watch?v=ruwx8R2nXyI
Frontend Development,yt_html_983,MongoDB Complete Course Tutorial in Hindi🔥Free Notes & Projects,MongoDB,Basics|CRUD Operations|Queries|Indexes|Aggregation|Schema Design|Data Modeling|Relationships|Transactions|MongoDB Atlas|Projects,Beginner,Hindi,79.41,Thapa Technical,https://www.youtube.com/watch?v=rU9ZODw5yvU
Frontend Development,yt_html_136,CSS Tutorial For Beginners: CSS Crash Course (2026),CSS,Basics|Selectors|Box Model|Colors & Backgrounds|Typography|Positioning|Flexbox|CSS Grid|Responsive Design,Beginner,English,79.34,Iman Musa,https://www.youtube.com/watch?v=c26O1N3x6ug
Frontend Development,yt_html_516,React Hooks Full Course in Hindi (2025) 🔥  | Complete Guide with Notes & Real-World Examples,React,Hooks|State|Context API|Performance,Intermediate,Hindi,79.33,Web Dev Mastery,https://www.youtube.com/watch?v=KUyxBsop5Tc
Frontend Development,yt_html_1424,"MERN Stack Project: Build a Full Stack Restaurant Application with React, Node, MongoDB, Express",Full Stack Projects,MERN Projects|Full Stack Applications,Intermediate,English,79.3,CodeWithZeeshu,https://www.youtube.com/watch?v=MnUCy31BVYA
Frontend Development,yt_html_104,CSS Crash Course: Master the Essentials in One Video! Elevate Your Front-End Skills Now!,CSS,Basics|Selectors|Box Model|Colors & Backgrounds|Typography|Positioning|Flexbox|CSS Grid|Responsive Design,Beginner,English,79.26,Sheryians Coding School,https://www.youtube.com/watch?v=K1naz9wBwKU
Frontend Development,yt_html_648,Express.js Tutorial | Express.js Tutorial For Beginners | Express.js Course | Intellipaat,Express.js,Basics|Routing|Middleware,Beginner,English,79.21,Intellipaat,https://www.youtube.com/watch?v=VA0busRrX64
Frontend Development,yt_html_688,What is REST API ? | REST API Explained in 9 mins in Hindi | REST API Tutorial | Great Learning,REST APIs,API Basics|REST Architecture,Beginner,Hindi,79.17,Great Learning,https://www.youtube.com/watch?v=o7ePQ_M_jsc
Frontend Development,yt_html_715,"Master REST APIs - The Beginner's Guide | NodeJS, Express, MongoDB, Mongoose | Hindi",REST APIs,API Basics|HTTP Methods|Status Codes|Request & Response|REST Architecture,Beginner,Hindi,79.17,Coder's Gyan,https://www.youtube.com/watch?v=6SJQ5eOChrA
Frontend Development,yt_html_977,SQL Full Course — Learn SQL From Beginner to Advanced (2026 Edition),SQL,Basics|SELECT Queries|Filtering & Sorting|Joins|Functions|Subqueries|Grouping|Indexes|Transactions|Database Design|Normalization,Intermediate,English,79.16,WsCube AI & Tech School,https://www.youtube.com/watch?v=1egh1UTNTdE
Frontend Development,yt_html_499,🚀 Mastering React/Next.js in 90 Minutes! Advanced Techniques👩‍💻,React,Hooks|Context API|Routing|API Integration|State Management|Performance|Authentication|Projects,Advanced,English,79.15,Sheryians Coding School,https://www.youtube.com/watch?v=HxxN6AdEop0
Frontend Development,yt_html_568,Node JS Tutorial for Beginners #16 - Pipes,Node.js,Streams,Beginner,English,79.14,Net Ninja,https://www.youtube.com/watch?v=a8W90jDHSho
Frontend Development,yt_html_580,Node JS Tutorial for Beginners #12 - Creating a Server,Node.js,HTTP,Beginner,English,79.11,Net Ninja,https://www.youtube.com/watch?v=lm86czWdrk0
Frontend Development,yt_html_731,How to Design Production Grade APIs?,REST APIs,REST Architecture|Authentication|Authorization|API Security|API Testing|API Documentation,Advanced,English,79.05,Piyush Garg,https://www.youtube.com/watch?v=B43Bljf4vSk
Frontend Development,yt_html_620,"Backend Development FULL  Course - In 6 Hours (Mongo DB, Express JS, Node JS) | 2026 Edition",Express.js,Basics|Routing|Middleware|REST APIs|Error Handling|Authentication|Authorization|Validation|Security|Projects,Intermediate,English,79.04,WsCube Tech,https://www.youtube.com/watch?v=vfaRzV3P92o
Frontend Development,yt_html_653,Node JS Express Tutorial | Express JS Tutorial For Beginners | Node.js +  ExpressJS | Edureka,Express.js,Basics|Routing|Middleware,Beginner,English,79.01,edureka!,https://www.youtube.com/watch?v=ofDqVjP4JRI
Frontend Development,yt_html_1467,FREE Coding Bootcamp - Build 4 Full Stack Projects in 23 Hours,Full Stack Projects,Full Stack Applications|Frontend Projects|Backend Projects,Beginner,English,79.0,Codesistency,https://www.youtube.com/watch?v=MDZC8VDZnV8
Frontend Development,yt_html_1369,Docker Tutorial for Beginners [FULL COURSE in 45 Minutes],Docker,Basics|Images|Containers|Dockerfile,Beginner,English,78.99,DevOps Genius Zone,https://www.youtube.com/watch?v=M43-6ZSYufg
Frontend Development,yt_html_296,Git & GitHub Tutorial for Beginners #8 - Branches,Git & GitHub,Branches,Beginner,English,78.97,Net Ninja,https://www.youtube.com/watch?v=QV0kVNvkMxc
Frontend Development,yt_html_575,Node JS Tutorial for Beginners #11 - Clients & Servers,Node.js,HTTP,Beginner,English,78.96,Net Ninja,https://www.youtube.com/watch?v=qSAze9b0wrY
Frontend Development,yt_html_103,The Only CSS Layout Guide You'll Ever Need,CSS,Flexbox|CSS Grid|Box Model|Positioning,Intermediate,English,78.95,EdRoh,https://www.youtube.com/watch?v=i1FeOOhNnwU
Frontend Development,yt_html_448,Learn React With This ONE Project,React,Basics|Components|JSX|Props|State|Hooks|Events & Forms|Conditional Rendering|Lists & Keys|Routing|API Integration|State Management|Projects,Intermediate,English,78.9,Tech With Tim,https://www.youtube.com/watch?v=G6D9cBaLViA
Frontend Development,yt_html_549,Node JS Tutorial for Beginners #23 - Introduction to Express,Node.js,HTTP|REST APIs|Middleware,Beginner,English,78.9,Net Ninja,https://www.youtube.com/watch?v=9TSBKO59u0Y
Frontend Development,yt_html_261,Git Full Course | Git Tutorial for Beginners [2024] | DevOps Git Tutorial | Edureka,Git & GitHub,Git Basics|Repositories|Branches|Merge & Rebase|Remote Repositories|Pull Requests|Collaboration,Beginner,English,78.85,edureka!,https://www.youtube.com/watch?v=1mWbK2br1FA
Frontend Development,yt_html_518,Node JS Tutorial for Beginners #1 - Introduction,Node.js,Basics,Beginner,English,78.83,Net Ninja,https://www.youtube.com/watch?v=w-7RQ46RgxU
Frontend Development,yt_html_1468,"Build Your First Fullstack App in Under 2 Hours withm NodeJS, MongoDB, HTML, CSS & JavaScript",Full Stack Projects,Full Stack Applications,Beginner,English,78.81,ATO Tech,https://www.youtube.com/watch?v=-cvpNPRje-U
Frontend Development,yt_html_473,React JS Full Course - Learn Everything | Web Development | #reactjs ,React,Basics|Components|JSX|Props|State|Hooks|Events & Forms|Conditional Rendering|Lists & Keys|Context API|Routing|API Integration|State Management|Performance|Authentication|Projects,Beginner,English,78.76,Learn Coding,https://www.youtube.com/watch?v=f0zxJz5oR6U
Frontend Development,yt_html_195,JavaScript Full Course for free 🌐,JavaScript,Basics|Variables & Data Types|Operators|Control Flow|Functions|Arrays|Objects|Strings & Numbers|DOM|Events|Error Handling|ES6+|Modules|Asynchronous JavaScript|Promises & Async/Await|Fetch API|Web APIs|Projects,Beginner,English,78.74,Bro Code,https://www.youtube.com/watch?v=lfmg-EJ8gm4
Frontend Development,yt_html_646,ExpressJS Routes Tutorial - Separating Routes into Different Files,Express.js,Routing,Intermediate,English,78.71,PedroTech,https://www.youtube.com/watch?v=0Hu27PoloYw
Frontend Development,yt_html_037,HTML & CSS Full Course for free 🌎,HTML,Basics|Elements & Attributes|Text & Formatting|Links & Navigation|Images|Lists|Tables|Forms|Semantic HTML|Multimedia|HTML5|Accessibility,Beginner,English,78.69,Bro Code,https://www.youtube.com/watch?v=HGTJBPNC-Gw
Frontend Development,yt_html_635,How To Connect React To A Backend (Express.js) - React for beginners #7,Express.js,Basics|Routing|REST APIs|Projects,Beginner,English,78.68,Anthony Sistilli,https://www.youtube.com/watch?v=kJA9rDX7azM
Frontend Development,yt_html_723,Deep Dive into REST API Design and Implementation Best Practices,REST APIs,REST Architecture|HTTP Methods|Status Codes|Request & Response|Authentication|Authorization|API Security|API Testing|API Documentation,Advanced,English,78.68,Software Developer Diaries,https://www.youtube.com/watch?v=7nm1pYuKAhY
Frontend Development,yt_html_026,HTML Tutorial for Beginners | Complete HTML with Notes & Code,HTML,Basics|Elements & Attributes|Text & Formatting|Links & Navigation|Images|Lists|Tables|Forms|Semantic HTML|HTML5|Accessibility,Beginner,Hindi,78.63,Apna College,https://www.youtube.com/watch?v=HcOc7P5BMi4
Frontend Development,yt_html_170,JavaScript tutorial for beginners 🌐,JavaScript,Basics|Variables & Data Types|Operators|Control Flow|Functions,Beginner,English,78.55,Bro Code,https://www.youtube.com/watch?v=Ihy0QziLDf0
Frontend Development,yt_html_229,Higher Order Functions - JavaScript Tutorial,JavaScript,Functions|ES6+,Beginner,English,78.54,ColorCode,https://www.youtube.com/watch?v=0aKZvNNf8BA
Frontend Development,yt_html_154,CSS Glowing Button - How to Design Glowing Button with Hover Effects [Pure CSS],CSS,Selectors|Colors & Backgrounds|Animations & Transitions,Beginner,English,78.5,Coding Play,https://www.youtube.com/watch?v=b_8fHNIHFk4
Frontend Development,yt_html_1004,MongoDB Tutorial ❤️ | MongoDB full playlist hindi | what is database & node js interview questions,MongoDB,Basics|CRUD Operations|Queries,Beginner,Hindi,78.48,Hello World,https://www.youtube.com/watch?v=IKpuBj8I3Qg
Frontend Development,yt_html_128,CSS Full Course 2026 - Beginner to Pro | WEB DEVELOPMENT | #css ,CSS,Basics|Selectors|Box Model|Colors & Backgrounds|Typography|Positioning|Flexbox|CSS Grid|Responsive Design|Animations & Transitions|Advanced CSS|Projects,Intermediate,English,78.46,Learn Coding,https://www.youtube.com/watch?v=2rDXik56cxo
Frontend Development,yt_html_987,MonogDB Tutorial For Beginners | What is MongoDB | MongoDB Installation On Linux | Simplilearn,MongoDB,Basics,Beginner,English,78.44,Simplilearn,https://www.youtube.com/watch?v=S3D5suhZ4bs
Frontend Development,yt_html_638,Install Express JS | Express JS Setup | Express JS Tutorial for Beginners | Simplilearn,Express.js,Basics,Beginner,English,78.42,Simplilearn,https://www.youtube.com/watch?v=huc9RWb0yX4
Frontend Development,yt_html_235,5 JavaScript Mistakes Every Beginner Must Avoid 🔥,JavaScript,Basics|Variables & Data Types|Operators|Control Flow|Functions,Beginner,Hindi,78.39,CodeWithHarry,https://www.youtube.com/watch?v=yN2yBmSHduI
Frontend Development,yt_html_471,ReactJS Introduction Tutorial in Hindi / Urdu,React,Basics,Beginner,Hindi,78.39,YOOBABA,https://www.youtube.com/watch?v=d4LvlpMhKgk
Frontend Development,yt_html_147,5 CSS Tips & Tricks for better Responsive Web Design,CSS,Responsive Design,Intermediate,English,78.37,Coding2GO,https://www.youtube.com/watch?v=2IV08sP9m3U
Frontend Development,yt_html_625,Express JS In 15 Minutes | Introduction To Express JS | Express JS Tutorial | Simplilearn,Express.js,Basics,Beginner,English,78.34,Simplilearn,https://www.youtube.com/watch?v=dyMCr2lD5k0
Frontend Development,yt_html_270,Git & GitHub Tutorial for Beginners #1 - Why Use Git?,Git & GitHub,Git Basics,Beginner,English,78.32,Net Ninja,https://www.youtube.com/watch?v=3RjQznt-8kE
Frontend Development,yt_html_218,Master Advanced JavaScript Concepts and Become a JavaScript Ninja,JavaScript,ES6+|Modules|Asynchronous JavaScript|Promises & Async/Await|Fetch API|Web APIs|Error Handling|Projects,Advanced,English,78.28,Sheryians Coding School,https://www.youtube.com/watch?v=ks4MFTHLfyg
Frontend Development,yt_html_700,What is REST API and How Does it Work? | REST API Tutorial,REST APIs,API Basics|HTTP Methods|Status Codes|Request & Response|REST Architecture,Beginner,English,78.19,WsCube AI & Tech School,https://www.youtube.com/watch?v=T2hYvBShkh8
Frontend Development,yt_html_013,HTML Tutorial For Beginners |HTML In 10 Minutes | HTML Basics For Beginners | Simplilearn,HTML,Basics|Elements & Attributes,Beginner,English,78.11,Simplilearn,https://www.youtube.com/watch?v=MDLn5-zSQQI
Frontend Development,yt_html_010,HTML Full Course 2026 | WEB DEVELOPMENT | #html ,HTML,Basics|Elements & Attributes|Text & Formatting|Links & Navigation|Images|Lists|Tables|Forms|Semantic HTML|Multimedia|HTML5|Accessibility,Beginner,English,78.09,Learn Coding,https://www.youtube.com/watch?v=JALD2mKIPlE
Frontend Development,yt_html_138,10 CSS PRO Tips and Tricks you NEED to know,CSS,Advanced CSS,Advanced,English,78.05,Coding2GO,https://www.youtube.com/watch?v=44FTAS-qT8Q
Frontend Development,yt_html_1441,"Build a full stack project with NextJS, NextAuth, Imagekit and Mongodb",Full Stack Projects,Full Stack Applications|Authentication Projects,Intermediate,Hindi,78.03,Chai aur Code,https://www.youtube.com/watch?v=c8Z73cVl6x4
Frontend Development,yt_html_046,HTML tutorial for beginners 🌎,HTML,Basics|Elements & Attributes|Text & Formatting,Beginner,English,78.02,Bro Code,https://www.youtube.com/watch?v=-CNdRywgF7M
Frontend Development,yt_html_163,JavaScript Tutorial for Beginners - Learn in 15 Minutes ( Crash Course 2026 ),JavaScript,Basics|Variables & Data Types|Operators|Control Flow|Functions|Arrays|Objects|Strings & Numbers,Beginner,English,78.02,ITower,https://www.youtube.com/watch?v=TioxU0wdMQg
Frontend Development,yt_html_335,Git and GitHub - Full Course,Git & GitHub,Git Basics|Repositories|Branches|Merge & Rebase|Remote Repositories|Pull Requests|Collaboration,Beginner,English,77.97,Boot dev,https://www.youtube.com/watch?v=rH3zE7VlIMs
Frontend Development,yt_html_202,JavaScript: The Complete Crash Course,JavaScript,Basics|Variables & Data Types|Operators|Control Flow|Functions|Arrays|Objects|Strings & Numbers|DOM|Events|Error Handling|ES6+|Modules|Asynchronous JavaScript|Promises & Async/Await|Fetch API|Web APIs|Projects,Beginner,English,77.94,Boot dev,https://www.youtube.com/watch?v=OOOfBC1grl0
Frontend Development,yt_html_298,Git & GitHub Tutorial for Beginners #3 - How Git Works,Git & GitHub,Git Basics,Beginner,English,77.93,Net Ninja,https://www.youtube.com/watch?v=iNP_KmOFqXs
Frontend Development,yt_html_033,HTML Tutorial For Beginners 2026 | Learn HTML In 5 Hours | HTML Full Course | Simplilearn,HTML,Basics|Elements & Attributes|Text & Formatting|Links & Navigation|Images|Lists|Tables|Forms|Semantic HTML|Multimedia|HTML5|Accessibility,Beginner,English,77.9,Simplilearn,https://www.youtube.com/watch?v=OUjU--gVylE
Frontend Development,yt_html_126,Learn CSS Positions in 4 minutes,CSS,Positioning,Beginner,English,77.9,Coding2GO,https://www.youtube.com/watch?v=YEmdHbQBCSQ
Frontend Development,yt_html_582,Top 5 MOST Difficult Node.js Interview Questions (With Answers & Explanations!) #nodejsinterview,Node.js,Modules|NPM|Events|Streams|HTTP|Security,Advanced,English,77.9,Shubham Kulkarni | Coding and Interviews,https://www.youtube.com/watch?v=Ofn1du_mzRg
Frontend Development,yt_html_489,🚀🔥 React & Redux Complete Course (2024) with Projects | Notes | Free Certification,React,Basics|Components|JSX|Props|State|Hooks|Events & Forms|Conditional Rendering|Lists & Keys|Context API|Routing|API Integration|State Management|Projects,Advanced,Hindi,77.84,Complete Coding by Prashant Sir,https://www.youtube.com/watch?v=eILUmCJhl64
Frontend Development,yt_html_1055,Master MongoDB Indexing in One Video: Boost Your Database Performance Instantly!,MongoDB,Indexes,Advanced,English,77.82,Engineering Digest,https://www.youtube.com/watch?v=yo6ZXsgsyBA
Frontend Development,yt_html_627,Node.js & Express.js Full Course 2025 - Beginner to Pro,Express.js,Basics|Routing|Middleware|REST APIs|Error Handling|Authentication|Authorization|Validation|Security|Projects,Intermediate,English,77.7,Patel MernStack,https://www.youtube.com/watch?v=PCcMF1xTQO0
Frontend Development,yt_html_572,Node JS Tutorial for Beginners #13 - Streams and Buffers,Node.js,Streams,Beginner,English,77.69,Net Ninja,https://www.youtube.com/watch?v=GlybFFMXXmQ
Frontend Development,yt_html_011,HTML Crash Course: Master the Essentials in One Video! Start Your Front-End Journey Today!,HTML,Basics|Elements & Attributes|Text & Formatting|Links & Navigation|Images|Lists|Tables|Forms|Semantic HTML|HTML5,Beginner,English,77.59,Sheryians Coding School,https://www.youtube.com/watch?v=4dprtEzunIk
Frontend Development,yt_html_233,JavaScript FULL Course for Beginner to PRO in 14 Hours (Projects + Questions),JavaScript,Basics|Variables & Data Types|Operators|Control Flow|Functions|Arrays|Objects|Strings & Numbers|DOM|Events|Error Handling|ES6+|Modules|Asynchronous JavaScript|Promises & Async/Await|Fetch API|Web APIs|Projects,Intermediate,English,77.56,WsCube AI & Tech School,https://www.youtube.com/watch?v=D_Zj9RKYXsE
Frontend Development,yt_html_1449,E-Commerce Project for Resume | Live Project Building 2,Full Stack Projects,E-commerce Projects|Full Stack Applications,Intermediate,English,77.55,Swaroop Talks,https://www.youtube.com/watch?v=nXf_JS5N1NE
Frontend Development,yt_html_225,9 JavaScript Concepts That Got Me To Senior Dev,JavaScript,ES6+|Modules|Asynchronous JavaScript|Promises & Async/Await|Fetch API|Web APIs|Error Handling|Functions|Objects,Advanced,English,77.52,theSeniorDev,https://www.youtube.com/watch?v=LmKp4R_1ibc
Frontend Development,yt_html_716,Creating REST API using Spring Boot in Hindi | A Step-by-Step Tutorial,REST APIs,API Basics|HTTP Methods|Status Codes|Request & Response|REST Architecture,Beginner,Hindi,77.45,Engineering Digest,https://www.youtube.com/watch?v=rxT5RFYxjSg
Frontend Development,yt_html_150,These CSS PRO Tips & Tricks Will Blow Your Mind!,CSS,Advanced CSS,Advanced,English,77.32,Coding2GO,https://www.youtube.com/watch?v=PL3Odw-k8W4
Frontend Development,yt_html_1002,What Is MongoDB? | What Is MongoDB And How It Works | MongoDB Tutorial For Beginners | Simplilearn,MongoDB,Basics,Beginner,English,77.28,Simplilearn,https://www.youtube.com/watch?v=SnqPyqRh4r4
Frontend Development,yt_html_456,React.js Complete Tutorial for Beginners in Hindi | 5 Projects + Free Notes,React,Basics|Components|JSX|Props|State|Hooks|Events & Forms|Conditional Rendering|Lists & Keys|Context API|Routing|API Integration|State Management|Projects,Beginner,Hindi,77.15,Thapa Technical,https://www.youtube.com/watch?v=EHTWMpD6S_0
Frontend Development,yt_html_082,HTML Complete Guide: Beginner to Advanced | Learn HTML for Web Development,HTML,Basics|Elements & Attributes|Text & Formatting|Links & Navigation|Images|Lists|Tables|Forms|Semantic HTML|Multimedia|HTML5|Accessibility,Intermediate,English,77.14,Saddam Tech,https://www.youtube.com/watch?v=ATpBuofe2Ro
Frontend Development,yt_html_193,JavaScript Tutorial for Beginners | Full Course to Learn What is JavaScript in Hindi,JavaScript,Basics|Variables & Data Types|Operators|Control Flow|Functions|Arrays|Objects|Strings & Numbers|DOM|Events|Error Handling|ES6+,Beginner,Hindi,77.14,WsCube Tech,https://www.youtube.com/watch?v=Kdz9J5vC4_o
Frontend Development,yt_html_1440,How I'd Learn Full-Stack Web Development (If I Could Start Over),Full Stack Projects,,Beginner,English,77.08,Conner Ardman,https://www.youtube.com/watch?v=dPMk6_HTBq8
Frontend Development,yt_html_199,JavaScript Full Course Tutorial for Beginners in Hindi🔥Free Notes with 10+ Projects | P-1,JavaScript,Basics|Variables & Data Types|Operators|Control Flow|Functions|Arrays|Objects|Strings & Numbers|DOM|Events|Error Handling|ES6+|Modules|Asynchronous JavaScript|Promises & Async/Await|Fetch API|Web APIs|Projects,Beginner,Hindi,77.07,Thapa Technical,https://www.youtube.com/watch?v=13gLB6hDHR8
Frontend Development,yt_html_124,"CSS Tutorial for Beginners | Complete CSS with Project, Notes & Code",CSS,Basics|Selectors|Box Model|Colors & Backgrounds|Typography|Positioning|Flexbox|CSS Grid|Responsive Design|Animations & Transitions|Projects,Beginner,Hindi,77.05,Apna College,https://www.youtube.com/watch?v=ESnrn1kAD4E
Frontend Development,yt_html_109,CSS Full COURSE for Beginners in 4 HOURS | Learn CSS in 2026 with Practical🔥,CSS,Basics|Selectors|Box Model|Colors & Backgrounds|Typography|Positioning|Flexbox|CSS Grid|Responsive Design|Animations & Transitions|Projects,Beginner,English,77.04,WsCube Tech,https://www.youtube.com/watch?v=B9FvD1L2hAQ
Frontend Development,yt_html_030,Complete HTML Tutorial in 1 Video 2024,HTML,Basics|Elements & Attributes|Text & Formatting|Links & Navigation|Images|Lists|Tables|Forms|Semantic HTML|Multimedia|HTML5|Accessibility,Beginner,English,77.03,CodeHelp - by Babbar,https://www.youtube.com/watch?v=k7ELO356Npo
Frontend Development,yt_html_479,ReactJS Full Course | What is ReactJS | React JS Tutorial for Beginners | ReactJS Full Course #1,React,Basics|Components|JSX|Props|State|Hooks|Events & Forms|Conditional Rendering|Lists & Keys|Context API|Routing|API Integration|Projects,Beginner,English,76.93,Coder Army,https://www.youtube.com/watch?v=TkHH-IHsEKQ
Frontend Development,yt_html_608,What Is Express JS? | Express JS Tutorial for Beginners 2026 | Express JS API | Simplilearn,Express.js,Basics,Beginner,English,76.86,Simplilearn,https://www.youtube.com/watch?v=0QRFOsrBtXw
Frontend Development,yt_html_510,[ Live ] React JS Interview 🤯 | Frontend UI Questions 🤒,React,Basics|Components|JSX|Props|State|Hooks|Events & Forms|Conditional Rendering|Lists & Keys|Context API|Routing|API Integration|State Management|Performance|Authentication,Intermediate,English,76.85,Akshay Saini,https://www.youtube.com/watch?v=U9sDK8zTJ8Y
Frontend Development,yt_html_005,HTML in 5 minutes,HTML,Basics,Beginner,English,76.74,Aaron Jack,https://www.youtube.com/watch?v=salY_Sm6mv4
Frontend Development,yt_html_484,Complete React JS Course | MERN Stack Development,React,Basics|Components|JSX|Props|State|Hooks|Events & Forms|Conditional Rendering|Lists & Keys|Context API|Routing|API Integration|State Management|Performance|Authentication|Projects,Beginner,English,76.71,Sheryians Coding School,https://www.youtube.com/watch?v=E6tAtRi82QY
Frontend Development,yt_html_198,JavaScript Tutorial for Beginners | JavaScript Free Course | by Rahul Chaudhary,JavaScript,Basics|Variables & Data Types|Operators|Control Flow|Functions|Arrays|Objects|Strings & Numbers,Beginner,English,76.5,Programming GuruJi,https://www.youtube.com/watch?v=9Sy-hINltQM
Frontend Development,yt_html_015,HTML in 9 Minutes (in Hindi) 🌐,HTML,Basics|Elements & Attributes|Text & Formatting,Beginner,Hindi,76.37,CodeWithHarry,https://www.youtube.com/watch?v=Ut4RpySLM6Y
Frontend Development,yt_html_584,Master Node JS in an easy way,Node.js,Basics,Beginner,English,76.25,Nova Designs,https://www.youtube.com/watch?v=2YIgGdUtbXM
Frontend Development,yt_html_577,Node JS Backend Developer Roadmap 2025 ft. Namaste Node.js (from Zero to Hero),Node.js,Basics|Modules|NPM|File System|Events|Streams|HTTP|REST APIs|Authentication|Middleware|Security|Projects,Beginner,English,76.19,Akshay Saini,https://www.youtube.com/watch?v=iRUkfCzJEgM
Frontend Development,yt_html_1438,6 RESUME PROJECTS That Will Actually Get You HIRED In 2026.,Full Stack Projects,Full Stack Applications,Beginner,English,76.1,Vivek Gupta,https://www.youtube.com/watch?v=f7ndZ-t9NPg
Frontend Development,yt_html_1425,Full Stack Development Project Ideas for Beginners | NxtWave | CCBP,Full Stack Projects,Beginner Projects,Beginner,English,76.08,NxtWave,https://www.youtube.com/watch?v=CORiIuVn_M0
Frontend Development,yt_html_099,Learn CSS in 5 Minutes (Seriously),CSS,Basics,Beginner,English,76.06,DevForge,https://www.youtube.com/watch?v=tfzGsCxutWk
Frontend Development,yt_html_1475,"Full Stack Web Development Roadmap for Beginners | Skills, Projects and AI Tools You Need",Full Stack Projects,Beginner Projects|Full Stack Applications|Authentication Projects|Deployment Projects,Beginner,English,76.06,College Wallah,https://www.youtube.com/watch?v=3f8cnztbt3s
Frontend Development,yt_html_504,React JS Full Course 2026 | Complete React Tutorial for Beginners to Advanced | 11 Hours,React,Basics|Components|JSX|Props|State|Hooks|Events & Forms|Conditional Rendering|Lists & Keys|Context API|Routing|API Integration|State Management|Performance|Authentication|Projects,Intermediate,English,76.01,CodingOtt,https://www.youtube.com/watch?v=guWM4Zs8QlU
Frontend Development,yt_html_232,📌 Master Advanced JavaScript (ES6+) | Complete Tutorial for Modern Developers,JavaScript,ES6+,Advanced,English,75.93,w3runs,https://www.youtube.com/watch?v=yyrq_8-bk0s
Frontend Development,yt_html_248,JavaScript FULL Course with Advanced Project in 4 HOURS (Part-2) | 2026 Edition,JavaScript,Basics|Variables & Data Types|Operators|Control Flow|Functions|Arrays|Objects|Strings & Numbers|DOM|Events|Error Handling|ES6+|Modules|Asynchronous JavaScript|Promises & Async/Await|Fetch API|Web APIs|Projects,Intermediate,English,75.81,WsCube Tech,https://www.youtube.com/watch?v=kXVq6UHcuLw
Frontend Development,yt_html_164,Learn JAVASCRIPT in just 5 MINUTES (2020),JavaScript,Basics,Beginner,English,75.76,Aaron Jack,https://www.youtube.com/watch?v=c-I5S_zTwAc
Frontend Development,yt_html_113,The Only CSS Course You Need to Master CSS | Learn By Building Apps,CSS,Basics|Selectors|Box Model|Colors & Backgrounds|Typography|Positioning|Flexbox|CSS Grid|Responsive Design|Animations & Transitions|Advanced CSS|Projects,Intermediate,English,75.75,EdRoh,https://www.youtube.com/watch?v=0hrJGWrCux0
Frontend Development,yt_html_216,How to Learn JavaScript FAST in 2026,JavaScript,Basics,Beginner,English,75.69,Catherine Li,https://www.youtube.com/watch?v=xB3ZmUH6GqU
Frontend Development,yt_html_094,CSS Tutorial for Beginners - 01 - Introduction to CSS,CSS,Basics,Beginner,English,75.15,EJ Media,https://www.youtube.com/watch?v=qKoajPPWpmo
Frontend Development,yt_html_041,Learn HTML in 4 Hours 🔥 Full Tutorial with Real-Time Implementation (2025),HTML,Basics|Elements & Attributes|Text & Formatting|Links & Navigation|Images|Lists|Tables|Forms|Semantic HTML|Multimedia|HTML5|Accessibility,Beginner,English,75.1,Sundeep Saradhi Kanthety,https://www.youtube.com/watch?v=a8W952NBZUE
Frontend Development,yt_html_085,HTML One Shot 🔥 Real Website Banana Seekho | Beginners to Advanced,HTML,Basics|Elements & Attributes|Text & Formatting|Links & Navigation|Images|Lists|Tables|Forms|Semantic HTML|Multimedia|HTML5|Accessibility,Intermediate,Hindi,74.93,CoDing SeeKho ,https://www.youtube.com/watch?v=Oo-xgbHaO-0
Frontend Development,yt_html_173,JavaScript Full Course | JavaScript - Learn Everything | Sheryians Coding School,JavaScript,Basics|Variables & Data Types|Operators|Control Flow|Functions|Arrays|Objects|Strings & Numbers|DOM|Events|Error Handling|ES6+|Modules|Asynchronous JavaScript|Promises & Async/Await|Fetch API|Web APIs|Projects,Beginner,English,74.53,Sheryians Coding School,https://www.youtube.com/watch?v=a-wVHL0lpb0
Frontend Development,yt_html_524,Node JS Tutorial For Beginners 2025 | Node JS Backend Tutorials Step by Step With Example,Node.js,Basics|Modules|NPM|File System|HTTP|REST APIs|Middleware,Beginner,English,74.44,GreatStack,https://www.youtube.com/watch?v=yGl3f0xTl_0
Frontend Development,yt_html_120,CSS in 7 Minutes 🔥,CSS,Basics,Beginner,Hindi,74.34,CodeWithHarry,https://www.youtube.com/watch?v=AP3_V7KXHs4
Frontend Development,yt_html_466,React Tutorial For Beginners: React Crash Course (2026),React,Basics|Components|JSX|Props|State|Hooks|Events & Forms|Conditional Rendering|Lists & Keys|Context API|Routing|API Integration|Projects,Beginner,English,73.54,Iman Musa,https://www.youtube.com/watch?v=pBFWFswUK2c
Frontend Development,yt_html_159,Advanced CSS Tutorial — Level Up Your CSS Skills,CSS,Advanced CSS,Advanced,English,73.41,CareerFoundry,https://www.youtube.com/watch?v=8MCjAktqZaM
Frontend Development,yt_html_1451,One FULL STACK Project In 30 Min And Get JOB Done | Genie Ashwani,Full Stack Projects,Full Stack Applications,Beginner,English,73.27,Genie Ashwani,https://www.youtube.com/watch?v=zt1j51V06IE
Frontend Development,yt_html_236,JavaScript Advance Crash Course: Level Up Your Coding Skills! Accelerate Your Front-End Mastery!,JavaScript,ES6+|Modules|Asynchronous JavaScript|Promises & Async/Await|Fetch API|Web APIs|DOM|Events|Projects,Advanced,English,73.21,Sheryians Coding School,https://www.youtube.com/watch?v=EgDmCbhmstU
Frontend Development,yt_html_110,Learn HTML & CSS FAST | Step-by-Step Full Course for Beginners,CSS,Basics,Beginner,English,73.01,DevForge,https://www.youtube.com/watch?v=E9DL3G8sA5g
Frontend Development,yt_html_502,Top 12 React Interview Questions 🔥 for Freshers & Experienced  | Preparation 2025 🚀,React,Basics|Components|JSX|Props|State|Hooks|Events & Forms|Conditional Rendering|Lists & Keys|Context API|Routing|API Integration|State Management|Performance|Authentication,Intermediate,English,72.9,Akshay Saini,https://www.youtube.com/watch?v=uE925hp9KDk
Frontend Development,yt_html_242,Advanced JavaScript Tutorial | JavaScript Training | JavaScript Programming Tutorial | Edureka,JavaScript,ES6+|Modules|Asynchronous JavaScript|Promises & Async/Await|Fetch API|Web APIs,Advanced,English,71.44,edureka!,https://www.youtube.com/watch?v=IljVmcDDrOg
Frontend Development,yt_html_008,HTML Tutorial for Beginners,HTML,Basics|Elements & Attributes|Text & Formatting,Beginner,English,71.31,LearnCode.academy,https://www.youtube.com/watch?v=RjHflb-QgVc
Frontend Development,yt_html_157,CSS Advanced Tutorial | Advanced CSS Tutorial | Learn CSS Advanced 2026 | CSS Tutorial | Simplilearn,CSS,Advanced CSS,Advanced,English,70.52,Simplilearn,https://www.youtube.com/watch?v=G-YnvsCz_1g
Frontend Development,yt_html_003,HTML CSS Tutorial for Beginners - Web Development Tutorials For Beginners,HTML,Basics|Elements & Attributes|Text & Formatting|Links & Navigation|Images|Lists|Forms,Beginner,English,66.18,LearnCode.academy,https://www.youtube.com/watch?v=J35jug1uHzE
Frontend Development,yt_html_1479,Complete Full Stack Web Development Preparation : MERN Stack +  6 Major Projects | New Delta 9.0,Full Stack Projects,MERN Projects|Full Stack Applications,Beginner,Hindi,65.63,Apna College,https://www.youtube.com/watch?v=BvKxCCVNXrY
Projects,yt_html_255,Git & GitHub Crash Course for Beginners [2026],Git & GitHub,Git Basics|Repositories|Branches|Merge & Rebase|Remote Repositories|Pull Requests|Collaboration,Beginner,English,87.43,freeCodeCamp.org,https://www.youtube.com/watch?v=mAFoROnOfHs
Projects,yt_html_323,Git & GitHub Crash Course 2025,Git & GitHub,Git Basics|Repositories|Branches|Merge & Rebase|Remote Repositories|Pull Requests|Collaboration,Beginner,English,87.18,Traversy Media,https://www.youtube.com/watch?v=vA5TTz6BXhY
Projects,yt_html_596,Node JS Full Course 2026 | Complete Backend Development Course | 17 Hours,Node.js,Basics|Modules|NPM|File System|Events|Streams|HTTP|REST APIs|Authentication|Middleware|Security|Projects,Intermediate,English,86.93,Sangam Mukherjee,https://www.youtube.com/watch?v=XdH3gpcwnoA
Projects,yt_html_288,Git Tutorial for Absolute Beginners,Git & GitHub,Git Basics,Beginner,English,86.69,Dave Gray,https://www.youtube.com/watch?v=CvUiKWv2-C0
Projects,yt_html_250,Git and GitHub Tutorial for Beginners,Git & GitHub,Git Basics|Repositories|Branches|Remote Repositories,Beginner,English,86.09,Kevin Stratvert,https://www.youtube.com/watch?v=tRZGeaHPoaw
Projects,yt_html_146,Learn Flexbox CSS in 8 minutes,CSS,Flexbox,Beginner,English,85.86,Slaying The Dragon,https://www.youtube.com/watch?v=phWxA89Dy94
Projects,yt_html_562,Intro to Backend Web Development – Node.js & Express Tutorial for Beginners,Node.js,Basics|HTTP|REST APIs|Middleware|Projects,Beginner,English,85.71,freeCodeCamp.org,https://www.youtube.com/watch?v=KOutPbKc9UM
Projects,yt_html_442,"React Tutorial Full Course - Beginner to Pro (React 19, 2025)",React,Basics|Components|JSX|Props|State|Hooks|Events & Forms|Conditional Rendering|Lists & Keys|Context API|Routing|API Integration|State Management|Performance|Authentication|Projects,Intermediate,English,85.47,SuperSimpleDev,https://www.youtube.com/watch?v=TtPXvEcE11E
Projects,yt_html_1421,Docker Full Course for Beginners (2026) | Build & Deploy Real-World Projects,Docker,Basics|Images|Containers|Dockerfile|Docker Compose|Networking|Volumes|Deployment,Beginner,English,85.47,Sarvin Style Coding,https://www.youtube.com/watch?v=ekiGWd-Wark
Projects,yt_html_1012,MongoDB Zero to Hero in 83 Minutes | Complete course with Realtime Projects,MongoDB,Basics|CRUD Operations|Queries|Indexes|Aggregation|Schema Design|Data Modeling|Relationships|Transactions|MongoDB Atlas|Projects,Beginner,English,85.44,Abhishek.Veeramalla,https://www.youtube.com/watch?v=x1-naBN7e84
Projects,yt_html_171,JavaScript Tutorial for Beginners – Build Your First App in 27 Minutes,JavaScript,Basics|Variables & Data Types|Functions|DOM|Events,Beginner,English,85.32,JavaScript King,https://www.youtube.com/watch?v=-zLEofFa9_I
Projects,yt_html_476,React JS - React Tutorial for Beginners,React,Basics|Components|JSX|Props|State|Hooks|Events & Forms|Conditional Rendering|Lists & Keys,Beginner,English,85.32,Programming with Mosh,https://www.youtube.com/watch?v=Ke90Tje7VS0
Projects,yt_html_520,"Learn Node JS in 40 Minutes (Crash Course) - Express, CRUD APIs, etc",Node.js,Basics|HTTP|REST APIs|Middleware|NPM,Beginner,English,85.27,RoadsideCoder,https://www.youtube.com/watch?v=bqy1Sa6Ha7o
Projects,yt_html_289,Complete Git and GitHub Tutorial,Git & GitHub,Git Basics|Repositories|Branches|Merge & Rebase|Remote Repositories|Pull Requests|Collaboration,Beginner,English,85.25,Kunal Kushwaha,https://www.youtube.com/watch?v=apGV9Kg7ics
Projects,yt_html_160,JavaScript Tutorial Full Course - Beginner to Pro,JavaScript,Basics|Variables & Data Types|Operators|Control Flow|Functions|Arrays|Objects|Strings & Numbers|DOM|Events|Error Handling|ES6+|Modules|Asynchronous JavaScript|Promises & Async/Await|Fetch API|Web APIs|Projects,Intermediate,English,85.12,SuperSimpleDev,https://www.youtube.com/watch?v=EerdGm-ehJQ
Projects,yt_html_019,Learn HTML – Full Tutorial for Beginners,HTML,Basics|Elements & Attributes|Text & Formatting|Links & Navigation|Images|Lists|Tables|Forms|Semantic HTML|HTML5|Accessibility,Beginner,English,84.92,freeCodeCamp.org,https://www.youtube.com/watch?v=kUMe1FH4CHE
Projects,yt_html_432,Learn React JS - Full Course for Beginners - Tutorial 2019,React,Basics|Components|JSX|Props|State|Hooks|Events & Forms|Conditional Rendering|Lists & Keys|Context API|Routing|API Integration|State Management|Performance|Authentication|Projects,Beginner,English,84.89,freeCodeCamp.org,https://www.youtube.com/watch?v=DLX62G4lc44
Projects,yt_html_615,🚀🔥  Lecture 9: Introduction to express.js | NodeJS Complete Course ❤️ in Hindi | Notes Certification,Express.js,Basics,Beginner,Hindi,84.85,Complete Coding by Prashant Sir,https://www.youtube.com/watch?v=J-QgmSzyA_A
Projects,yt_html_122,CSS Tutorial In Hindi (With Notes) 🔥,CSS,Basics|Selectors|Box Model|Colors & Backgrounds|Typography|Positioning|Flexbox|CSS Grid|Responsive Design|Animations & Transitions|Advanced CSS|Projects,Beginner,Hindi,84.76,CodeWithHarry,https://www.youtube.com/watch?v=Edsxf_NBFrw
Projects,yt_html_433,Learn React JS - Full Beginner’s Tutorial & Practice Projects,React,Basics|Components|JSX|Props|State|Hooks|Events & Forms|Conditional Rendering|Lists & Keys|Context API|Routing|API Integration|State Management|Performance|Authentication|Projects,Beginner,English,84.66,freeCodeCamp.org,https://www.youtube.com/watch?v=x4rFhThSX04
Projects,yt_html_1423,Dockerfile creation Tutorial - Dockerfile Instructions Explained with example!,Docker,Dockerfile|Images,Beginner,English,84.64,Cloud Champ,https://www.youtube.com/watch?v=1ymi24PeF3M
Projects,yt_html_1436,The Only Full Stack Roadmap You Need in 2026 (MERN + AI) | | Sagar Chouksey,Full Stack Projects,MERN Projects|Full Stack Applications,Intermediate,English,84.53,Coding With Sagar,https://www.youtube.com/watch?v=UmGnJ475EcU
Projects,yt_html_543,"Backend, Node.js & npm | Sigma Web Development Course - Tutorial #85",Node.js,Basics|NPM,Beginner,Hindi,84.37,CodeWithHarry,https://www.youtube.com/watch?v=NoWRBo3Uf8E
Projects,yt_html_038,HTML Full Course Tutorial for Beginners - Learn EVERYTHING You Need to Know in Detail 🔍,HTML,Basics|Elements & Attributes|Text & Formatting|Links & Navigation|Images|Lists|Tables|Forms|Semantic HTML|Multimedia|HTML5|Accessibility,Beginner,English,84.36,Future Fullstack,https://www.youtube.com/watch?v=zutb5Clb_0Y
Projects,yt_html_074,HTML Tutorial For Beginners | Learn HTML In 30 Minutes | Designing A Web Page Using HTML | Edureka,HTML,Basics|Elements & Attributes|Text & Formatting|Links & Navigation|Images|Lists|Tables|Forms,Beginner,English,84.34,edureka!,https://www.youtube.com/watch?v=88PXJAA6szs
Projects,yt_html_683,Build a REST API in Python | API Crash Course,REST APIs,API Basics|HTTP Methods|Status Codes|Request & Response|REST Architecture,Beginner,English,84.27,Code with Josh,https://www.youtube.com/watch?v=Ha3ls0EAtW8
Projects,yt_html_457,React Tutorial for Beginners,React,Basics|Components|JSX|Props|State|Hooks|Events & Forms|Conditional Rendering|Lists & Keys|Routing|API Integration,Beginner,English,84.22,Programming with Mosh,https://www.youtube.com/watch?v=SqcY0GlETPk
Projects,yt_html_478,ReactJS Full Course | ReactJS - Learn Everything | Sheryians Coding School,React,Basics|Components|JSX|Props|State|Hooks|Events & Forms|Conditional Rendering|Lists & Keys|Context API|Routing|API Integration|State Management|Performance|Authentication|Projects,Intermediate,English,84.17,Sheryians Coding School,https://www.youtube.com/watch?v=3LRZRSIh_KE
Projects,yt_html_631,🚀 Express.js - Learn What Matters: Mastering the Framework |  Backend (Node JS) Series,Express.js,Basics|Routing|Middleware|REST APIs|Error Handling|Authentication|Authorization|Validation|Security|Projects,Intermediate,English,84.14,Sheryians Coding School,https://www.youtube.com/watch?v=pKJ4GGyDgJo
Projects,yt_html_491,React JS Full Course for Beginners | Complete All-in-One Tutorial | 9 Hours,React,Basics|Components|JSX|Props|State|Hooks|Events & Forms|Conditional Rendering|Lists & Keys|Context API|Routing|API Integration|State Management|Projects,Beginner,English,84.02,Dave Gray,https://www.youtube.com/watch?v=RVFAyFWO4go
Projects,yt_html_353,Complete Git & GitHub Tutorial: Beginner to PRO,Git & GitHub,Git Basics|Repositories|Branches|Merge & Rebase|Remote Repositories|Pull Requests|Collaboration|GitHub Actions|Advanced Git,Beginner,English,84.01,Cloud With VarJosh,https://www.youtube.com/watch?v=DJAy5vdvPIQ
Projects,yt_html_936,SQL Full Course | SQL Tutorial For Beginners | Learn SQL (Structured Query Language) | Edureka,SQL,Basics|SELECT Queries|Filtering & Sorting|Joins|Functions|Subqueries|Grouping|Indexes|Transactions|Database Design|Normalization,Beginner,English,84.0,edureka!,https://www.youtube.com/watch?v=BPHAr4QGGVE
Projects,yt_html_1005,MongoDB Explained in 10 Minutes | SQL vs NoSQL | Jumpstart,MongoDB,Basics,Beginner,English,83.95,MongoDB,https://www.youtube.com/watch?v=GV9VBwH_h1U
Projects,yt_html_181,Learn JavaScript - Full Course for Beginners,JavaScript,Basics|Variables & Data Types|Operators|Control Flow|Functions|Arrays|Objects|Strings & Numbers|DOM|Events|Error Handling|ES6+|Modules|Asynchronous JavaScript|Promises & Async/Await|Fetch API|Web APIs|Projects,Beginner,English,83.93,freeCodeCamp.org,https://www.youtube.com/watch?v=PkZNo7MFNFg
Projects,yt_html_203,JavaScript Crash Course For Beginners,JavaScript,Basics|Variables & Data Types|Operators|Control Flow|Functions|Arrays|Objects|Strings & Numbers|DOM|Events|Error Handling|ES6+|Modules|Asynchronous JavaScript|Promises & Async/Await|Fetch API|Web APIs|Projects,Beginner,English,83.89,Traversy Media,https://www.youtube.com/watch?v=hdI2bqOjy3c
Projects,yt_html_447,React Course - Beginner's Tutorial for React JavaScript Library [2022],React,Basics|Components|JSX|Props|State|Hooks|Events & Forms|Conditional Rendering|Lists & Keys|Context API|Routing|API Integration|State Management|Performance|Authentication|Projects,Beginner,English,83.87,freeCodeCamp.org,https://www.youtube.com/watch?v=bMknfKXIFA8
Projects,yt_html_556,Learn Node.js - Full Tutorial for Beginners,Node.js,Basics|Modules|NPM|File System|Events|Streams|HTTP|REST APIs|Authentication|Middleware|Security|Projects,Beginner,English,83.79,freeCodeCamp.org,https://www.youtube.com/watch?v=RLtyhwFtXQA
Projects,yt_html_284,Learn Git & GitHub for Beginners | (2026) Tutorial,Git & GitHub,Git Basics|Repositories|Branches|Remote Repositories|Pull Requests|Collaboration,Beginner,English,83.78,Coder Coder,https://www.youtube.com/watch?v=h2a3Kw-I_Ec
Projects,yt_html_348,3 Git Workflows Every Developer Should Know (And When to Use Each),Git & GitHub,Branches|Collaboration|Pull Requests|Remote Repositories,Intermediate,English,83.77,TechWorld with Nana,https://www.youtube.com/watch?v=GQQqf-C2ha4
Projects,yt_html_999,MongoDB Crash Course 2026 (with Handbook),MongoDB,Basics|CRUD Operations|Queries|Indexes|Aggregation|Schema Design|Data Modeling|Relationships,Beginner,Hindi,83.76,CodeWithHarry,https://www.youtube.com/watch?v=M1dKYQ7GsTg
Projects,yt_html_243,Learn how to THINK in code – The Hard & Conceptual Parts of JavaScript (Full Course),JavaScript,Basics|Variables & Data Types|Operators|Control Flow|Functions|Arrays|Objects|Strings & Numbers|DOM|Events|Error Handling|ES6+|Modules|Asynchronous JavaScript|Promises & Async/Await|Fetch API|Web APIs|Projects,Advanced,English,83.72,freeCodeCamp.org,https://www.youtube.com/watch?v=x7u2c0DhWEU
Projects,yt_html_621,Introduction to Express Js | Sigma Web Development Course - Tutorial #88,Express.js,Basics,Beginner,Hindi,83.7,CodeWithHarry,https://www.youtube.com/watch?v=R11tvGM3nDY
Projects,yt_html_070,HTML Full Course | Learn HTML in 5 Hours | Sagar Chouksey,HTML,Basics|Elements & Attributes|Text & Formatting|Links & Navigation|Images|Lists|Tables|Forms|Semantic HTML|Multimedia|HTML5|Accessibility,Beginner,English,83.67,Coding With Sagar,https://www.youtube.com/watch?v=zysUIv0-xak
Projects,yt_html_609,"CRUD API Tutorial – Node, Express, MongoDB",Express.js,Basics|Routing|Middleware|REST APIs|Projects,Intermediate,English,83.41,freeCodeCamp.org,https://www.youtube.com/watch?v=_7UQPve99r4
Projects,yt_html_112,CSS Tutorial - Zero to Hero (Complete Course),CSS,Basics|Selectors|Box Model|Colors & Backgrounds|Typography|Positioning|Flexbox|CSS Grid|Responsive Design|Animations & Transitions|Advanced CSS|Projects,Intermediate,English,83.33,freeCodeCamp.org,https://www.youtube.com/watch?v=1Rs2ND1ryYc
Projects,yt_html_049,HTML & CSS Full Course - Beginner to Pro,HTML,Basics|Elements & Attributes|Text & Formatting|Links & Navigation|Images|Lists|Tables|Forms|Semantic HTML|HTML5|Accessibility,Intermediate,English,83.31,SuperSimpleDev,https://www.youtube.com/watch?v=G3e-cpL7ofc
Projects,yt_html_153,CSS Selectors MasterClass | Sigma Web Development Course - Tutorial #17,CSS,Selectors,Intermediate,English,83.3,CodeWithHarry,https://www.youtube.com/watch?v=1cEG1T8beO4
Projects,yt_html_186,JavaScript Full Course for Beginners | Complete All-in-One Tutorial | 8 Hours,JavaScript,Basics|Variables & Data Types|Operators|Control Flow|Functions|Arrays|Objects|Strings & Numbers|DOM|Events|Error Handling|ES6+|Modules|Asynchronous JavaScript|Promises & Async/Await|Fetch API|Web APIs|Projects,Beginner,English,83.22,Dave Gray,https://www.youtube.com/watch?v=EfAl9bwzVZk
Projects,yt_html_1026,MongoDB Crash Course,MongoDB,Basics|CRUD Operations|Queries,Beginner,English,83.2,Web Dev Simplified,https://www.youtube.com/watch?v=ofme2o29ngU
Projects,yt_html_966,"SQL Window Function | How to write SQL Query using RANK, DENSE RANK, LEAD/LAG | SQL Queries Tutorial",SQL,Functions,Intermediate,English,83.17,techTFQ,https://www.youtube.com/watch?v=Ww71knvhQ-s
Projects,yt_html_107,CSS Full Course Tutorial for Beginners - Learn EVERYTHING You Need to Know in Detail 🔍,CSS,Basics|Selectors|Box Model|Colors & Backgrounds|Typography|Positioning|Flexbox|CSS Grid|Responsive Design|Animations & Transitions|Advanced CSS|Projects,Beginner,English,83.15,Future Fullstack,https://www.youtube.com/watch?v=-G-zic_LS0A
Projects,yt_html_531,Node.js and Express.js - Complete Course for Beginners | Learn Node.js in 6 Hours,Node.js,Basics|Modules|NPM|File System|HTTP|REST APIs|Middleware|Authentication|Security|Projects,Beginner,English,83.04,Dipesh Malvia,https://www.youtube.com/watch?v=ekRpc5YgVZU
Projects,yt_html_585,"Advanced Backend Project | Learn Bank Transaction System with Node.js, Express & MongoDB",Node.js,Projects|REST APIs|Authentication|Middleware|Security|HTTP|NPM,Advanced,English,83.03,Sheryians Coding School,https://www.youtube.com/watch?v=NQOAQP0mow0
Projects,yt_html_963,Learn how to write SQL Queries(Practice Complex SQL Queries),SQL,SELECT Queries|Filtering & Sorting|Joins|Functions|Subqueries|Grouping,Intermediate,English,83.0,techTFQ,https://www.youtube.com/watch?v=FNYdBLwZ6cE
Projects,yt_html_956,Master SQL in One Video 💻 | Full SQL Course in Hindi (Beginner to Advanced 2026),SQL,Basics|SELECT Queries|Filtering & Sorting|Joins|Functions|Subqueries|Grouping|Indexes|Transactions|Database Design|Normalization,Advanced,Hindi,82.99,Learn More,https://www.youtube.com/watch?v=a4xjpxzqN1Q
Projects,yt_html_972,15 SQL Interview Questions TO GET YOU HIRED in 2026 | SQL Interview Questions & Answers |Intellipaat,SQL,Basics|SELECT Queries|Filtering & Sorting|Joins|Functions|Subqueries|Grouping|Indexes|Transactions|Database Design|Normalization,Intermediate,English,82.99,Intellipaat,https://www.youtube.com/watch?v=oX5Y26O5dBE
Projects,yt_html_143,CSS Full Course | Learn CSS From Basic to Advanced | Sagar Chouksey,CSS,Basics|Selectors|Box Model|Colors & Backgrounds|Typography|Positioning|Flexbox|CSS Grid|Responsive Design|Animations & Transitions|Advanced CSS|Projects,Intermediate,English,82.97,Coding With Sagar,https://www.youtube.com/watch?v=ksD9g8cT8lI
Projects,yt_html_1360,Docker Full Course in One Shot (12+ Hours) | Zero to Pro DevOps | Real Project + Docker Compose,Docker,Basics|Images|Containers|Dockerfile|Docker Compose|Networking|Volumes|Deployment,Intermediate,English,82.96,Shubham gour,https://www.youtube.com/watch?v=rhD12yd5VyI
Projects,yt_html_1383,Complete Docker course in 30 mins | Docker Tutorial for Beginners 2025 [Updated],Docker,Basics|Images|Containers|Dockerfile|Docker Compose|Networking|Volumes,Beginner,English,82.96,Cloud Champ,https://www.youtube.com/watch?v=q5S14cfOWfE
Projects,yt_html_530,Node.js Full Course in Hindi 2025 | Learn Node.js with Projects | Complete Backend Tutorial,Node.js,Basics|Modules|NPM|File System|Events|Streams|HTTP|REST APIs|Authentication|Middleware|Security|Projects,Beginner,Hindi,82.93,Code Step By Step,https://www.youtube.com/watch?v=Eafgk0GbEUg
Projects,yt_html_547,Node.js and Express.js - Full Course,Node.js,Basics|Modules|NPM|File System|Events|Streams|HTTP|REST APIs|Authentication|Middleware|Security|Projects,Intermediate,English,82.92,freeCodeCamp.org,https://www.youtube.com/watch?v=Oe421EPjeBE
Projects,yt_html_1039,MongoDB Aggregation Pipeline Full Tutorial in 40 Minutes - Practical Guide,MongoDB,Aggregation,Beginner,English,82.92,Tanuj Malode,https://www.youtube.com/watch?v=p934Gm7kj_Q
Projects,yt_html_626,Backend Full Course | NodeJS ExpressJS PostgreSQL Prisma & Docker,Express.js,Basics|Routing|Middleware|REST APIs|Error Handling|Authentication|Authorization|Validation|Security|Projects,Intermediate,English,82.89,Smoljames,https://www.youtube.com/watch?v=9BD9eK9VqXA
Projects,yt_html_656,⭐ Build REST API for Beginners with Node.js + Express.js + TypeScript. 📖 Fully Explained 🔍,Express.js,Basics|Routing|Middleware|REST APIs,Beginner,English,82.78,Nerdi Coda,https://www.youtube.com/watch?v=i8xHOrPP3NA
Projects,yt_html_967,SQL for Data Analytics - Learn SQL in 4 Hours,SQL,Basics|SELECT Queries|Filtering & Sorting|Joins|Functions|Subqueries|Grouping,Beginner,English,82.76,Luke Barousse,https://www.youtube.com/watch?v=7mz73uXD9DA
Projects,yt_html_703,Python REST API Tutorial for Beginners | How to Build a Flask REST API,REST APIs,API Basics|HTTP Methods|Status Codes|Request & Response|REST Architecture,Beginner,English,82.74,Dave Gray,https://www.youtube.com/watch?v=z3YMz-Gocmw
Projects,yt_html_118,CSS Tutorial – Full Course for Beginners,CSS,Basics|Selectors|Box Model|Colors & Backgrounds|Typography|Positioning|Flexbox|CSS Grid|Responsive Design|Animations & Transitions|Advanced CSS,Beginner,English,82.73,freeCodeCamp.org,https://www.youtube.com/watch?v=OXGznpKZ_sA
Projects,yt_html_1345,Docker Full Course 2026 | Docker Tutorial For Beginners | Docker Basics To Advanced | Simplilearn,Docker,Basics|Images|Containers|Dockerfile|Docker Compose|Networking|Volumes|Deployment,Beginner,English,82.73,Simplilearn,https://www.youtube.com/watch?v=wGBugMjRfvg
Projects,yt_html_610,Express JS Full Course,Express.js,Basics|Routing|Middleware|REST APIs|Error Handling|Authentication|Authorization|Validation|Security|Projects,Intermediate,English,82.72,Anson,https://www.youtube.com/watch?v=nH9E25nkk3I
Projects,yt_html_942,Learn SQL Beginner to Advanced in Under 4 Hours,SQL,Basics|SELECT Queries|Filtering & Sorting|Joins|Functions|Subqueries|Grouping|Indexes|Transactions|Database Design|Normalization,Intermediate,English,82.72,Alex The Analyst,https://www.youtube.com/watch?v=OT1RErkfLNQ
Projects,yt_html_1414,Docker FULL Course 2026 🐳 (100 Concepts from Zero to Pro),Docker,Basics|Images|Containers|Dockerfile|Docker Compose|Networking|Volumes|Deployment,Intermediate,English,82.7,SoftsWeb,https://www.youtube.com/watch?v=EzUDAQGNUk8
Projects,yt_html_1472,Full Stack Developer Roadmap for Beginners in AI Era (2026 Guide),Full Stack Projects,,Beginner,English,82.66,Nishant Chahar,https://www.youtube.com/watch?v=sccnYlJTfyg
Projects,yt_html_338,Git Advanced HandsOn | Step-by-Step Demo by Raghav Pal,Git & GitHub,Advanced Git,Advanced,English,82.62,Automation Step by Step,https://www.youtube.com/watch?v=P_-E5nFkolw
Projects,yt_html_1378,Learn Docker – Full DevOps Course for Deploying Containerized Apps,Docker,Basics|Images|Containers|Dockerfile|Docker Compose|Networking|Volumes|Deployment,Intermediate,English,82.6,freeCodeCamp.org,https://www.youtube.com/watch?v=rjjES5IsPdg
Projects,yt_html_1359,you need to learn Docker RIGHT NOW!! // Docker Containers 101,Docker,Basics|Containers,Beginner,English,82.52,NetworkChuck,https://www.youtube.com/watch?v=eGz9DS-aIeY
Projects,yt_html_612,Building REST API's using Node and Express.js,Express.js,Routing|REST APIs,Beginner,English,82.49,Piyush Garg,https://www.youtube.com/watch?v=uNCrMvkPUAE
Projects,yt_html_1411,Docker In One Shot 2026 🔥 From Zero To Hero (Spring Boot + MySQL) ✅,Docker,Basics|Images|Containers|Dockerfile|Docker Compose|Networking|Volumes|Deployment,Intermediate,English,82.49,CodeSnippet,https://www.youtube.com/watch?v=kOryO5I_w14
Projects,yt_html_1358,Learn Docker in 2026 - Complete Roadmap Beginner to Pro,Docker,Basics|Images|Containers|Dockerfile|Docker Compose|Networking|Volumes|Deployment,Beginner,English,82.46,TechWorld with Nana,https://www.youtube.com/watch?v=zFa9_K8BS8I
Projects,yt_html_155,Tailwind CSS v4 Full Course 2026 | Master Tailwind in One Hour,CSS,Basics|Box Model|Colors & Backgrounds|Typography|Positioning|Flexbox|CSS Grid|Responsive Design|Animations & Transitions|Projects,Beginner,English,82.45,JavaScript Mastery,https://www.youtube.com/watch?v=6biMWgD6_JY
Projects,yt_html_619,Express JS Full Course From Beginner to Pro 2025 | Complete Backend Tutorial in Just 4 Hours,Express.js,Basics|Routing|Middleware|REST APIs|Error Handling|Authentication|Authorization|Validation|Security|Projects,Beginner,English,82.38,GreatStack,https://www.youtube.com/watch?v=fBzm9zja2Y8
Projects,yt_html_633,Build a REST API with Node JS and Express | CRUD API Tutorial,Express.js,REST APIs|Routing|Projects,Beginner,English,82.37,JavaScript Mastery,https://www.youtube.com/watch?v=l8WPWK9mS5M
Projects,yt_html_328,Git and GitHub Explained in 12 Minutes (With Animations),Git & GitHub,Git Basics|Repositories|Remote Repositories,Beginner,English,82.3,Harshita Verma,https://www.youtube.com/watch?v=cv77l-Bwzsk
Projects,yt_html_1341,DOCKER In ONE VIDEO For Beginners: Basic to Advance Tutorial 🔥 [HINDI] | MPrashant,Docker,Basics|Images|Containers|Dockerfile|Docker Compose|Networking|Volumes|Deployment,Beginner,Hindi,82.3,M Prashant,https://www.youtube.com/watch?v=OhnTMWmfTBE
Projects,yt_html_628,Node.js / Express Course - Build 4 Projects,Express.js,Basics|Routing|Middleware|REST APIs|Error Handling|Authentication|Authorization|Validation|Security|Projects,Intermediate,English,82.25,freeCodeCamp.org,https://www.youtube.com/watch?v=qwfE7fSVaZM
Projects,yt_html_1000,MongoDB Tutorial In 6 haurs | Full MongoDB Course | MongoDB Tutorial for Beginners (2026),MongoDB,Basics|CRUD Operations|Queries|Indexes|Aggregation|Schema Design|Data Modeling|Relationships|Transactions|MongoDB Atlas|Projects,Beginner,English,82.07,ProgrammingKnowledge,https://www.youtube.com/watch?v=d2MnfyV20hk
Projects,yt_html_1033,The Ultimate MongoDB Aggregation Guide: Make Your Queries Soar in One Video,MongoDB,Aggregation,Advanced,English,82.05,Engineering Digest,https://www.youtube.com/watch?v=MWmMvudBgFU
Projects,yt_html_1036,MongoDB One Shot Crash Course | Complete MongoDB Tutorial for Beginners to Advanced (2026),MongoDB,Basics|CRUD Operations|Queries|Indexes|Aggregation|Schema Design|Data Modeling|Relationships|Transactions|MongoDB Atlas|Projects,Intermediate,English,82.05,RStudios Inc.,https://www.youtube.com/watch?v=b6Ah4qQpMWs
Projects,yt_html_016,HTML Complete Tutorial for Beginners in Hindi🔥Free Notes + Codes,HTML,Basics|Elements & Attributes|Text & Formatting|Links & Navigation|Images|Lists|Tables|Forms|Semantic HTML|HTML5,Beginner,Hindi,82.04,Thapa Technical,https://www.youtube.com/watch?v=5ccq_nLHneE
Projects,yt_html_331,Learn complete Git and Github in 1 video | Open-source Contribution | Linux commands & tricks,Git & GitHub,Git Basics|Repositories|Branches|Merge & Rebase|Remote Repositories|Pull Requests|Collaboration,Beginner,English,82.04,Anuj Kumar Sharma,https://www.youtube.com/watch?v=uaeKhfhYE0U
Projects,yt_html_1417,Docker & Kubernetes Full Course in 5 Hours | Complete Beginner to Advanced Tutorial | Ashok IT,Docker,Basics|Images|Containers|Dockerfile|Docker Compose|Networking|Volumes|Deployment,Intermediate,English,82.03,Ashok IT,https://www.youtube.com/watch?v=2bg9MAtiHwo
Projects,yt_html_039,HTML/CSS For Beginners ,HTML,Basics|Elements & Attributes|Text & Formatting|Links & Navigation|Images|Lists,Beginner,English,82.01,Marighoul,https://www.youtube.com/watch?v=9z8FP8ear2Y
Projects,yt_html_321,Git and Github Explained in 7 Minutes | Git and Github Tutorial (2026),Git & GitHub,Git Basics|Repositories|Remote Repositories,Beginner,English,81.98,Tech With Diego,https://www.youtube.com/watch?v=y-an0v208A0
Projects,yt_html_569,Node JS Full Course 2024 | Complete Backend Development Course | Part 1,Node.js,Basics|Modules|NPM|File System|Events|Streams|HTTP|REST APIs|Authentication|Middleware|Security|Projects,Beginner,English,81.98,Sangam Mukherjee,https://www.youtube.com/watch?v=MIJt9H69QVc
Projects,yt_html_519,Create server in node js & callback function javascript | node js tutorial for beginners,Node.js,Basics|HTTP,Beginner,English,81.95,Hello World,https://www.youtube.com/watch?v=bflieVmJQeg
Projects,yt_html_302,Git & GitHub Tutorial For Beginners In Hindi - हिंदी में,Git & GitHub,Git Basics|Repositories|Branches|Remote Repositories|Pull Requests,Beginner,Hindi,81.9,CodeWithHarry,https://www.youtube.com/watch?v=gwWKnnCMQ5c
Projects,yt_html_306,Git and GitHUB For Beginners In One Video🔥 [HINDI] | MPrashant,Git & GitHub,Git Basics|Repositories|Branches|Remote Repositories|Pull Requests,Beginner,Hindi,81.87,M Prashant,https://www.youtube.com/watch?v=uwyP5SNlQAU
Projects,yt_html_551,Learn Express JS In 35 Minutes,Node.js,HTTP|REST APIs|Middleware|Projects,Beginner,English,81.83,Web Dev Simplified,https://www.youtube.com/watch?v=SccSCuHhOw0
Projects,yt_html_260,Git and GitHub for Beginners - Crash Course,Git & GitHub,Git Basics|Repositories|Branches|Merge & Rebase|Remote Repositories|Pull Requests|Collaboration,Beginner,English,81.8,freeCodeCamp.org,https://www.youtube.com/watch?v=RGOj5yH7evk
Projects,yt_html_1344,Docker In One Shot with 2 Live DevOps Projects (Hindi),Docker,Basics|Images|Containers|Dockerfile|Docker Compose|Networking|Volumes|Deployment,Intermediate,Hindi,81.8,TrainWithShubham,https://www.youtube.com/watch?v=9bSbNNH4Nqw
Projects,yt_html_618,Express JS Tutorial for Beginners in Hindi 🔥 Build Your First Express JS Server from Scratch,Express.js,Basics,Beginner,Hindi,81.78,Thapa Technical,https://www.youtube.com/watch?v=i3egAedcKf0
Projects,yt_html_662,Express JS in One Lesson: A Complete Hindi Tutorial to Master Express JS,Express.js,Basics|Routing|Middleware|REST APIs|Error Handling|Security,Beginner,Hindi,81.77,6 Pack Programmer,https://www.youtube.com/watch?v=teipbke8c4A
Projects,yt_html_624,Express JS Crash Course for Beginners [Easy Way],Express.js,Basics|Routing|Middleware|REST APIs,Beginner,English,81.76,Code Bless You,https://www.youtube.com/watch?v=NuyMcxiuaxE
Projects,yt_html_445,Learn React With This One Project,React,Basics|Components|JSX|Props|State|Hooks|Events & Forms|Conditional Rendering|Lists & Keys|Context API|Routing|API Integration|Projects,Beginner,English,81.75,Web Dev Simplified,https://www.youtube.com/watch?v=9aTRnV6g0eQ
Projects,yt_html_529,NodeJS Full Course in Hindi | Projects + Interview Preparation | 2026,Node.js,Basics|Modules|NPM|File System|Events|Streams|HTTP|REST APIs|Authentication|Middleware|Security|Projects,Beginner,Hindi,81.73,Mohit Decodes,https://www.youtube.com/watch?v=pdk60AyhMNM
Projects,yt_html_1407,Docker Full Course with Gitlab CI CD | Learn Docker in 2 hrs,Docker,Basics|Images|Containers|Dockerfile|Docker Compose|Networking|Volumes|Deployment,Beginner,English,81.71,Sangam Mukherjee,https://www.youtube.com/watch?v=-FHyCgiaxkc
Projects,yt_html_1486,How Senior Engineers Actually Build with AI in 2026 | Build a Full Stack Job Applications Platform,Full Stack Projects,Full Stack Applications,Advanced,English,81.7,JavaScript Mastery,https://www.youtube.com/watch?v=9dKA2hq4vf0
Projects,yt_html_001,HTML Full Course (in Hindi),HTML,Basics|Elements & Attributes|Text & Formatting|Links & Navigation|Images|Lists|Tables|Forms|Semantic HTML|Multimedia|HTML5|Accessibility,Beginner,Hindi,81.68,CodeWithHarry,https://www.youtube.com/watch?v=k2DSi1zGEc8
Projects,yt_html_1463,How Senior Engineers Actually Build With AI in 2026 | Build a Full Stack Systems Architecture App,Full Stack Projects,Full Stack Applications,Advanced,English,81.67,JavaScript Mastery,https://www.youtube.com/watch?v=14RP8liACqo
Projects,yt_html_443,React JS 19 Full Course 2025 | Build an App and Master React in 2 Hours,React,Basics|Components|JSX|Props|State|Hooks|Events & Forms|Conditional Rendering|Lists & Keys|Context API|Routing|API Integration|State Management|Projects,Intermediate,English,81.66,JavaScript Mastery,https://www.youtube.com/watch?v=dCLhUialKPQ
Projects,yt_html_555,Node Js Tutorial in Hindi 🔥🔥,Node.js,Basics|Modules|NPM|File System|Events|Streams|HTTP|REST APIs|Authentication|Middleware|Security|Projects,Beginner,Hindi,81.64,CodeWithHarry,https://www.youtube.com/watch?v=BLl32FvcdVM
Projects,yt_html_332,Complete git and Github course in Hindi,Git & GitHub,Git Basics|Repositories|Branches|Merge & Rebase|Remote Repositories|Pull Requests|Collaboration,Beginner,Hindi,81.59,Chai aur Code,https://www.youtube.com/watch?v=q8EevlEpQ2A
Projects,yt_html_1355,Day-24 | Docker Zero to Hero Part-1 | Must Watch | Basics to Best Practices | #docker #devops,Docker,Basics|Images|Containers|Dockerfile,Beginner,English,81.57,Abhishek.Veeramalla,https://www.youtube.com/watch?v=wodLpta-hoQ
Projects,yt_html_606,Ultimate Backend Course 🔥 | Part 1 | Learn From Scratch,Express.js,Basics|Routing|Middleware|REST APIs|Projects,Beginner,English,81.55,VIRTUAL CODE,https://www.youtube.com/watch?v=Ef2RtAxOb1Y
Projects,yt_html_636,MVC Model-View-Controller Example | CRUD REST API | Node.js & Express tutorials for Beginners,Express.js,Basics|Routing|REST APIs|Projects,Beginner,English,81.53,Dave Gray,https://www.youtube.com/watch?v=Dco1gzVZKVk
Projects,yt_html_1025,Full MongoDB Tutorial for Beginners | Learn What is MongoDB from Scratch,MongoDB,Basics|CRUD Operations|Queries,Beginner,English,81.53,WsCube Tech,https://www.youtube.com/watch?v=_QAhJG5LuAc
Projects,yt_html_1350,The Only Docker Tutorial You Need To Get Started,Docker,Basics|Images|Containers,Beginner,English,81.52,The Coding Sloth,https://www.youtube.com/watch?v=DQdB7wFEygo
Projects,yt_html_271,Complete Git and Github Hands On Tutorial with Commands,Git & GitHub,Git Basics|Repositories|Branches|Merge & Rebase|Remote Repositories|Pull Requests|Collaboration,Beginner,English,81.51,Cloud Champ,https://www.youtube.com/watch?v=_kwJ2GCafuA
Projects,yt_html_152,10 NEW CSS Features You Need To Know For 2026,CSS,Advanced CSS,Intermediate,English,81.47,Better Stack,https://www.youtube.com/watch?v=svqu6FDiMAs
Projects,yt_html_1446,Python + JavaScript - Full Stack App Tutorial,Full Stack Projects,Backend Projects|Frontend Projects|Full Stack Applications,Intermediate,English,81.47,Tech With Tim,https://www.youtube.com/watch?v=PppslXOR7TA
Projects,yt_html_721,APIs for Beginners - How to use an API (Full Course / Tutorial),REST APIs,API Basics|HTTP Methods|Status Codes|Request & Response|REST Architecture|Authentication,Beginner,English,81.45,freeCodeCamp.org,https://www.youtube.com/watch?v=GZvSYJDk-us
Projects,yt_html_458,React Tutorial in Hindi 🔥🔥,React,Basics|Components|JSX|Props|State|Hooks|Events & Forms|Conditional Rendering|Lists & Keys|Context API|Routing|API Integration,Beginner,Hindi,81.43,CodeWithHarry,https://www.youtube.com/watch?v=RGKi6LSPDLU
Projects,yt_html_581,Node.js Tutorial in Hindi (2026) | Complete Backend Development Course with 5 Projects,Node.js,Basics|Modules|NPM|File System|Events|Streams|HTTP|REST APIs|Authentication|Middleware|Security|Projects,Intermediate,Hindi,81.41,Web Dev Mastery,https://www.youtube.com/watch?v=EfWlJ9-1fVw
Projects,yt_html_713,What is REST API?,REST APIs,API Basics|REST Architecture,Beginner,English,81.41,Piyush Garg,https://www.youtube.com/watch?v=cJAyEOZQUQY
Projects,yt_html_1428,"Gen AI + Full Stack Web Development Project | React, Node, JWT, Gemini",Full Stack Projects,Full Stack Applications|Authentication Projects,Intermediate,English,81.38,Sheryians Coding School,https://www.youtube.com/watch?v=zG3hNL08Dro
Projects,yt_html_710,Build REST APIs in Spring Boot | Spring MVC | Request Validation | In One Shot | Hindi,REST APIs,API Basics|HTTP Methods|Status Codes|Request & Response|REST Architecture,Intermediate,Hindi,81.37,Anuj Kumar Sharma,https://www.youtube.com/watch?v=Gzk9QiJQ140
Projects,yt_html_295,Git and GitHub Tutorial for Beginners [11 Hours],Git & GitHub,Git Basics|Repositories|Branches|Merge & Rebase|Remote Repositories|Pull Requests|Collaboration,Beginner,English,81.33,Bogdan Stashchuk,https://www.youtube.com/watch?v=3FKrszHcIsA
Projects,yt_html_962,SQL for Data Analytics – Intermediate Course + Project,SQL,Basics|SELECT Queries|Filtering & Sorting|Joins|Functions|Subqueries|Grouping|Database Design|Normalization,Intermediate,English,81.29,Luke Barousse,https://www.youtube.com/watch?v=QKIGsShyEsQ
Projects,yt_html_464,React Full Course for free ⚛️,React,Basics|Components|JSX|Props|State|Hooks|Events & Forms|Conditional Rendering|Lists & Keys|Context API|Routing|API Integration|State Management|Performance|Authentication|Projects,Beginner,English,81.28,Bro Code,https://www.youtube.com/watch?v=CgkZ7MvWUAA
Projects,yt_html_650,"Node.js, Express & MySQL Tutorial - Build a Simple FullStack App",Express.js,Basics|Routing|Middleware|REST APIs|Projects,Intermediate,English,81.27,Nsquared Coding,https://www.youtube.com/watch?v=vrj9AohVhPA
Projects,yt_html_212,Modern JavaScript From The Beginning | First 12 Hours,JavaScript,Basics|Variables & Data Types|Operators|Control Flow|Functions|Arrays|Objects|Strings & Numbers|DOM|Events|Error Handling|ES6+|Modules|Asynchronous JavaScript|Promises & Async/Await|Fetch API|Web APIs|Projects,Beginner,English,81.26,Traversy Media,https://www.youtube.com/watch?v=BI1o2H9z9fo
Projects,yt_html_467,"React JS Tutorial for Beginners (2025) 🔥📝 | Learn Components, JSX, Props, Vite & Virtual DOM Quick",React,Basics|Components|JSX|Props,Beginner,English,81.24,Tech Jashwanth,https://www.youtube.com/watch?v=zUx56TYIE24
Projects,yt_html_452,Complete React course with projects | part 1,React,Basics|Components|JSX|Props|State|Hooks|Events & Forms|Conditional Rendering|Lists & Keys|Context API|Routing|API Integration|State Management|Performance|Authentication|Projects,Beginner,Hindi,81.2,Chai aur Code,https://www.youtube.com/watch?v=FxgM9k1rg0Q
Projects,yt_html_294,How to use GitHub | What is GitHub | Git and GitHub Tutorial | DevOps Training | Edureka,Git & GitHub,Git Basics|Remote Repositories,Beginner,English,81.18,edureka!,https://www.youtube.com/watch?v=PQsJR8ci3J0
Projects,yt_html_322,Git and GitHub Hands-On Training for Beginners | Raghav Pal,Git & GitHub,Git Basics|Repositories|Branches|Remote Repositories|Pull Requests,Beginner,English,81.18,Automation Step by Step,https://www.youtube.com/watch?v=B8NurikxEo8
Projects,yt_html_616,Express JS Crash Course | Web Dev Tutorial for Beginners,Express.js,Basics|Routing|Middleware|REST APIs,Beginner,English,81.17,Sam Meech-Ward,https://www.youtube.com/watch?v=bssX9Ot9YOI
Projects,yt_html_1370,Docker Tutorial for Beginners [FULL COURSE in 3 Hours],Docker,Basics|Images|Containers|Dockerfile|Docker Compose|Networking|Volumes|Deployment,Beginner,English,81.16,TechWorld with Nana,https://www.youtube.com/watch?v=3c-iBn73dDE
Projects,yt_html_979,SQL Full Course (2025) | SQL Course (The Only SQL Tutorial You’ll Ever Need!) | Intellipaat,SQL,Basics|SELECT Queries|Filtering & Sorting|Joins|Functions|Subqueries|Grouping|Indexes|Transactions|Database Design|Normalization,Intermediate,English,81.1,Intellipaat,https://www.youtube.com/watch?v=oVgo21bMSDA
Projects,yt_html_1043,"MongoDB (NoSQL) + PostgreSQL (SQL) Complete Database Course | Queries, Code & Project | Advanced",MongoDB,Basics|CRUD Operations|Queries|Projects,Advanced,English,81.09,Dev. Shivansh Vasu,https://www.youtube.com/watch?v=ZEoNy2nbO6Q
Projects,yt_html_482,All React Hooks Explained in 2 Hours | Complete React Hooks Tutorial with Example,React,Hooks|State,Intermediate,English,81.08,GreatStack,https://www.youtube.com/watch?v=6wf5dIrryoQ
Projects,yt_html_267,Git Tutorial for Beginners,Git & GitHub,Git Basics,Beginner,English,81.03,Telusko,https://www.youtube.com/watch?v=WbwIoQYP6no
Projects,yt_html_253,Learn Git – Full Course for Beginners,Git & GitHub,Git Basics|Repositories|Branches|Merge & Rebase|Remote Repositories|Pull Requests|Collaboration,Beginner,English,81.02,freeCodeCamp.org,https://www.youtube.com/watch?v=zTjRZNkhiEU
Projects,yt_html_178,JavaScript Tutorial In Hindi,JavaScript,Basics|Variables & Data Types|Operators|Control Flow|Functions|Arrays|Objects|Strings & Numbers|DOM|Events|Error Handling|ES6+|Modules|Asynchronous JavaScript|Promises & Async/Await|Fetch API|Web APIs|Projects,Beginner,Hindi,81.01,CodeWithHarry,https://www.youtube.com/watch?v=hKB-YGF14SY
Projects,yt_html_240,Advanced JavaScript | Sigma Web Development Course - Tutorial #82,JavaScript,ES6+,Advanced,English,81.01,CodeWithHarry,https://www.youtube.com/watch?v=tcQDnqRakxk
Projects,yt_html_512,Top 10 React Interview Questions and Answers 2025🔹 ReactJS Interview Questions for Experienced Devs,React,Basics|Components|JSX|Props|State|Hooks|Context API|Routing|API Integration|State Management|Performance|Authentication,Advanced,English,80.94,Shubham Kulkarni | Coding and Interviews,https://www.youtube.com/watch?v=dAHTXKDsrZ8
Projects,yt_html_649,Socket.io Beginner Tutorial - NodeJS + ExpressJS,Express.js,Basics|Projects,Beginner,English,80.94,PedroTech,https://www.youtube.com/watch?v=zWSvb5t_zH4
Projects,yt_html_1473,Build and Deploy a Full Stack Movie Ticket Booking App using React js | MERN Stack Project,Full Stack Projects,MERN Projects|Full Stack Applications|Deployment Projects,Intermediate,English,80.93,GreatStack,https://www.youtube.com/watch?v=Pez37wmUaQM
Projects,yt_html_151,Master CSS Animation Property in 11 Minutes [Full Tutorial] 🚀,CSS,Animations & Transitions,Beginner,English,80.92,CSSnippets,https://www.youtube.com/watch?v=Bhj4miRkSOc
Projects,yt_html_183,Learn JavaScript in 60 Minutes: The Ultimate Beginner Course!,JavaScript,Basics|Variables & Data Types|Operators|Control Flow|Functions|Arrays|Objects|Strings & Numbers|DOM|Events,Beginner,English,80.91,Coding2GO,https://www.youtube.com/watch?v=voLJ3CmaM1s
Projects,yt_html_483,Top 20 React JS Interview Questions For 2025 | React Interviewer Questions & Answers | Intellipaat,React,Basics|Components|JSX|Props|State|Hooks|Events & Forms|Conditional Rendering|Lists & Keys|Context API|Routing|API Integration|State Management|Performance|Authentication,Advanced,English,80.91,Intellipaat,https://www.youtube.com/watch?v=NkWOzTEEcco
Projects,yt_html_022,HTML Tutorial For Beginners,HTML,Basics|Elements & Attributes|Text & Formatting|Links & Navigation|Images|Lists|Tables|Forms|Semantic HTML|HTML5,Beginner,English,80.9,The Coding Sloth,https://www.youtube.com/watch?v=vY2xUc4TVmY
Projects,yt_html_314,Complete Git and GitHub Tutorial For Data Engineers [2025],Git & GitHub,Git Basics|Repositories|Branches|Merge & Rebase|Remote Repositories|Pull Requests|Collaboration,Intermediate,English,80.89,Ansh Lamba,https://www.youtube.com/watch?v=Kr8l7rQGwNs
Projects,yt_html_462,React Tutorial 2026 | Complete React Course for Beginners,React,Basics|Components|JSX|Props|State|Hooks|Events & Forms|Conditional Rendering|Lists & Keys|Context API|Routing|API Integration|Projects,Beginner,English,80.89,Codynn,https://www.youtube.com/watch?v=SoVF8hTzHb8
Projects,yt_html_613,Getting Started with Express and NodeJS,Express.js,Basics,Beginner,English,80.89,Piyush Garg,https://www.youtube.com/watch?v=N2-FyBBxOZA
Projects,yt_html_558,What Is Node.js? | Introduction To Node.js | Node JS Tutorial For Beginners | Simplilearn,Node.js,Basics,Beginner,English,80.88,Simplilearn,https://www.youtube.com/watch?v=8u1o-OmOeGQ
Projects,yt_html_948,SQL Training | SQL Tutorial | Intellipaat,SQL,Basics|SELECT Queries|Filtering & Sorting|Joins|Functions|Subqueries|Grouping|Indexes|Transactions|Database Design|Normalization,Beginner,English,80.87,Intellipaat,https://www.youtube.com/watch?v=JTDK6r1GuUU
Projects,yt_html_434,React Explained in 8 Minutes,React,Basics,Beginner,English,80.86,Coding2GO,https://www.youtube.com/watch?v=V1PxgjIhTw0
Projects,yt_html_586,"Node JS Full Course 2025 | Microservices, Redis, CI CD, Docker, VPS Hosting | Hostinger | Part 2",Node.js,Basics|Modules|NPM|File System|Events|Streams|HTTP|REST APIs|Authentication|Middleware|Security|Projects,Intermediate,English,80.86,Sangam Mukherjee,https://www.youtube.com/watch?v=_f7h6xQXiLA
Projects,yt_html_1357,Ultimate Docker Crash Course: Learn Docker within 30 Minutes!,Docker,Basics|Images|Containers|Dockerfile|Networking|Volumes,Beginner,Hindi,80.86,CodeWithHarry,https://www.youtube.com/watch?v=WNUCAPKa44Y
Projects,yt_html_435,React 19 Crash Course for Beginners 2026 (Learn in 90 Minutes),React,Basics|Components|JSX|Props|State|Hooks|Events & Forms|Conditional Rendering|Lists & Keys,Beginner,English,80.84,Code with Ahsan,https://www.youtube.com/watch?v=tqjJrXd27m4
Projects,yt_html_197,JavaScript Tutorial for Beginners [JS Crash Course],JavaScript,Basics|Variables & Data Types|Operators|Control Flow|Functions|Arrays|Objects|Strings & Numbers|DOM|Events|ES6+,Beginner,English,80.83,TechWorld with Nana,https://www.youtube.com/watch?v=FtaQSdrl7YA
Projects,yt_html_1017,Introduction To MongoDB | MongoDB Tutorial For Beginners | Learn MongoDB | Simplilearn,MongoDB,Basics,Beginner,English,80.83,Simplilearn,https://www.youtube.com/watch?v=XnRS82MWFyc
Projects,yt_html_105,Learn CSS in 20 Minutes,CSS,Basics|Selectors|Box Model|Colors & Backgrounds|Typography|Positioning|Flexbox,Beginner,English,80.8,Web Dev Simplified,https://www.youtube.com/watch?v=1PnVor36_40
Projects,yt_html_1042,Learn Mongodb aggregation pipelines,MongoDB,Aggregation,Intermediate,Hindi,80.77,Chai aur Code,https://www.youtube.com/watch?v=fDTf1mk-jQg
Projects,yt_html_514,All React Hooks Explained - React Hooks Tutorial 2025,React,Hooks,Intermediate,English,80.75,PedroTech,https://www.youtube.com/watch?v=xfKYYRE6-TQ
Projects,yt_html_1431,"Build a Full-Stack GenAI Project in 4 Hours (FastAPI, React, Supabase)",Full Stack Projects,Full Stack Applications|Backend Projects|Frontend Projects,Intermediate,English,80.75,Dave Ebbelaar,https://www.youtube.com/watch?v=qF5il_9IwME
Projects,yt_html_241,JavaScript Advanced full Course Tutorial🔥15+ Projects + Free Notes,JavaScript,Basics|Variables & Data Types|Operators|Control Flow|Functions|Arrays|Objects|Strings & Numbers|DOM|Events|Error Handling|ES6+|Modules|Asynchronous JavaScript|Promises & Async/Await|Fetch API|Web APIs|Projects,Advanced,English,80.69,Thapa Technical,https://www.youtube.com/watch?v=YwsOCN8woA8
Projects,yt_html_694,What is REST API? | REST API Tutorial | REST API  Concepts and Examples | Edureka,REST APIs,API Basics|REST Architecture|HTTP Methods|Status Codes|Request & Response,Beginner,English,80.69,edureka!,https://www.youtube.com/watch?v=rtWH70_MMHM
Projects,yt_html_1049,MongoDB Aggregation Pipeline Masterclass | Fundamentals for Scalable & Performant Queries,MongoDB,Aggregation,Intermediate,English,80.69,Code With Soumyajeet,https://www.youtube.com/watch?v=QBfyB2cym38
Projects,yt_html_226,JavaScript Full Course 2026 | Master Javascript in 22 Hours,JavaScript,Basics|Variables & Data Types|Operators|Control Flow|Functions|Arrays|Objects|Strings & Numbers|DOM|Events|Error Handling|ES6+|Modules|Asynchronous JavaScript|Promises & Async/Await|Fetch API|Web APIs|Projects,Beginner,English,80.67,Coder Army,https://www.youtube.com/watch?v=6_NrgoEkjnE
Projects,yt_html_722,API Development with Django REST Framework - Master DRF In Just 4 Hours,REST APIs,API Basics|HTTP Methods|Status Codes|Request & Response|REST Architecture|Authentication|Authorization|API Security|API Testing|API Documentation,Intermediate,English,80.63,Tech With Rathan,https://www.youtube.com/watch?v=8d1HgJTEGe8
Projects,yt_html_655,Node.JS Full Course (THREE HOUR All-in-One Tutorial for Beginners),Express.js,Basics|Routing|Middleware|REST APIs|Error Handling|Authentication|Authorization|Validation|Security|Projects,Beginner,English,80.62,Caleb Curry,https://www.youtube.com/watch?v=pkg0J6lpKT4
Projects,yt_html_1363,Docker Tutorial For Beginners | What Is Docker and How It Works | Docker Introduction | Simplilearn,Docker,Basics,Beginner,English,80.61,Simplilearn,https://www.youtube.com/watch?v=E1KpX-_l2mE
Projects,yt_html_695,APIs for Beginners - How to use an API (Full Course / Tutorial),REST APIs,API Basics|HTTP Methods|Status Codes|Request & Response|REST Architecture|Authentication,Beginner,English,80.59,freeCodeCamp.org,https://www.youtube.com/watch?v=WXsD0ZgxjRw
Projects,yt_html_265,Git & GitHub Tutorial for Beginners #11 - Collaborating on GitHub,Git & GitHub,Pull Requests|Collaboration,Beginner,English,80.57,Net Ninja,https://www.youtube.com/watch?v=MnUd31TvBoU
Projects,yt_html_565,Node JS Tutorial for Beginners 2026 [Learn Node JS from Scratch],Node.js,Basics|Modules|NPM|File System|HTTP,Beginner,English,80.56,Code Bless You,https://www.youtube.com/watch?v=FPJzYFgexJA
Projects,yt_html_1054,"Master MongoDB Aggregation Pipeline: $match, $unwind, $group, $project",MongoDB,Aggregation,Beginner,English,80.56,MongoDB,https://www.youtube.com/watch?v=acvyf-Im-NU
Projects,yt_html_533,Node JS Tutorial for Beginners in 2026 | Build APIs & Backend Applications,Node.js,Basics|Modules|NPM|HTTP|REST APIs|Projects,Beginner,English,80.53,HeroDev,https://www.youtube.com/watch?v=BuGUn4J3Jvw
Projects,yt_html_574,All the Express.js You Need — Explained in 24 Minutes,Node.js,HTTP|REST APIs|Middleware|Authentication|Security|Projects|NPM,Beginner,English,80.53,Coding2GO,https://www.youtube.com/watch?v=ha_leEpnT30
Projects,yt_html_670,Setting Up Node.js + Express + TypeScript the Right Way,Express.js,Basics,Beginner,English,80.52,AgileCoder,https://www.youtube.com/watch?v=oODlPLfnTIk
Projects,yt_html_080,HTML Full Course - Build a Website Tutorial,HTML,Basics|Elements & Attributes|Text & Formatting|Links & Navigation|Images|Lists|Tables|Forms|Semantic HTML|Multimedia|HTML5|Accessibility,Beginner,English,80.51,freeCodeCamp.org,https://www.youtube.com/watch?v=pQN-pnXPaVg
Projects,yt_html_450,React Crash Course,React,Basics|Components|JSX|Props|State|Hooks|Events & Forms|Conditional Rendering|Lists & Keys|Context API|Routing|API Integration|Projects,Beginner,English,80.51,Traversy Media,https://www.youtube.com/watch?v=LDB4uaJ87e0
Projects,yt_html_677,FastAPI for Beginners - Python Web Framework,REST APIs,API Basics|HTTP Methods|Status Codes|Request & Response|REST Architecture|API Documentation|Authentication,Beginner,English,80.51,Telusko,https://www.youtube.com/watch?v=Lu8lXXlstvM
Projects,yt_html_194,"JavaScript Tutorial (2024) for Beginners to Pro (with Notes, Projects & Practice Questions)",JavaScript,Basics|Variables & Data Types|Operators|Control Flow|Functions|Arrays|Objects|Strings & Numbers|DOM|Events|Error Handling|ES6+|Modules|Asynchronous JavaScript|Promises & Async/Await|Fetch API|Web APIs|Projects,Intermediate,Hindi,80.49,Apna College,https://www.youtube.com/watch?v=VlPiVmYuoqw
Projects,yt_html_1445,"MERN Stack Event Booking Web App (OTP + Admin Panel + JWT Auth) with Code | React, MongoDB, Node JS",Full Stack Projects,MERN Projects|Full Stack Applications|Authentication Projects,Intermediate,English,80.47,Dev. Shivansh Vasu,https://www.youtube.com/watch?v=n7ii3Zcs6k0
Projects,yt_html_465,React tutorial for beginners ⚛️,React,Basics|Components|JSX|Props|State|Hooks,Beginner,English,80.44,Bro Code,https://www.youtube.com/watch?v=hn80mWvP-9g
Projects,yt_html_342,QUIT Struggling with Git! My 3.5-Hour GitHub Blueprint (Beginner to Pro),Git & GitHub,Git Basics|Repositories|Branches|Merge & Rebase|Remote Repositories|Pull Requests|Collaboration,Intermediate,English,80.41,Rahul Wagh,https://www.youtube.com/watch?v=GTFaLDXag08
Projects,yt_html_460,React JS Full Course with Project: Beginner to PRO Tutorial in 9 HOURS,React,Basics|Components|JSX|Props|State|Hooks|Events & Forms|Conditional Rendering|Lists & Keys|Context API|Routing|API Integration|State Management|Performance|Authentication|Projects,Intermediate,English,80.38,WsCube Tech,https://www.youtube.com/watch?v=ZaC6oCIpjR0
Projects,yt_html_485,React JS 19 Full Course in Hindi | Learn React from Scratch (2025) in One Video,React,Basics|Components|JSX|Props|State|Hooks|Events & Forms|Conditional Rendering|Lists & Keys|Context API|Routing|API Integration|State Management|Performance|Authentication|Projects,Beginner,Hindi,80.37,Code Step By Step,https://www.youtube.com/watch?v=LuNPCSNr-nE
Projects,yt_html_497,Stop Copying Tutorials — Build a Real React App With Me,React,Basics|Components|JSX|Props|State|Hooks|Routing|API Integration|Projects,Intermediate,English,80.33,Austin Davis,https://www.youtube.com/watch?v=M-iV9R3kLNA
Projects,yt_html_108,CSS Tutorial for Beginners,CSS,Basics|Selectors,Beginner,English,80.31,The Coding Sloth,https://www.youtube.com/watch?v=j6nOnIT-T1o
Projects,yt_html_1006,What is MongoDB | MongoDB Tutorial For Beginners | Learn MongoDB | Edureka,MongoDB,Basics,Beginner,English,80.3,edureka!,https://www.youtube.com/watch?v=1VM6AvRgmfY
Projects,yt_html_508,50+ HOURS REACT.JS 19 MONSTER CLASS,React,Basics|Components|JSX|Props|State|Hooks|Events & Forms|Conditional Rendering|Lists & Keys|Context API|Routing|API Integration|State Management|Performance|Authentication|Projects,Intermediate,English,80.29,HuXn WebDev,https://www.youtube.com/watch?v=M9O5AjEFzKw
Projects,yt_html_1460,Full Stack Web Development Full Course (2025) | Web Development Full Course FREE | Intellipaat,Full Stack Projects,Full Stack Applications|Authentication Projects|Deployment Projects,Beginner,English,80.29,Intellipaat,https://www.youtube.com/watch?v=F4zr1aMevB4
Projects,yt_html_985,MongoDB Full Course 2026 | MongoDB Tutorial | MongoDB | MongoDB For Beginners | Simplilearn,MongoDB,Basics|CRUD Operations|Queries|Indexes|Aggregation|Schema Design|Data Modeling|Relationships|Transactions|MongoDB Atlas|Projects,Beginner,English,80.27,Simplilearn,https://www.youtube.com/watch?v=8eJJe4Slnik
Projects,yt_html_523,Node.js Full Course for Beginners | Complete All-in-One Tutorial | 7 Hours,Node.js,Basics|Modules|NPM|File System|Events|Streams|HTTP|REST APIs|Authentication|Middleware|Security|Projects,Beginner,English,80.25,Dave Gray,https://www.youtube.com/watch?v=f2EqECiTBL8
Projects,yt_html_571,Learn Node.js & Express with Project in 2 Hours,Node.js,Basics|NPM|HTTP|REST APIs|Middleware|Projects,Beginner,English,80.25,Dipesh Malvia,https://www.youtube.com/watch?v=H9M02of22z4
Projects,yt_html_1483,Full Stack Developer Roadmap 2026: Become the top 1%,Full Stack Projects,,Beginner,English,80.23,Akber Shaikh,https://www.youtube.com/watch?v=4ZeaME2NEQI
Projects,yt_html_287,Git Tutorial for Beginners: A Quick Start Guide,Git & GitHub,Git Basics|Repositories|Remote Repositories,Beginner,English,80.2,IAmTimCorey,https://www.youtube.com/watch?v=ugN-IYV1NTM
Projects,yt_html_324,Git For Beginners,Git & GitHub,Git Basics|Repositories|Branches|Remote Repositories|Pull Requests,Beginner,English,80.2,Telusko,https://www.youtube.com/watch?v=vwj89i2FmG0
Projects,yt_html_461,React JS Tutorial For Beginners With React JS Project Step By Step Tutorial 2024,React,Basics|Components|JSX|Props|State|Hooks|Events & Forms,Beginner,English,80.19,GreatStack,https://www.youtube.com/watch?v=gbAdFfSdtQ4
Projects,yt_html_1454,Build & Deploy Full Stack E-commerce Website | Redux | MERN Stack Project,Full Stack Projects,Full Stack Applications|E-commerce Projects|MERN Projects|Deployment Projects,Advanced,English,80.19,compiletab,https://www.youtube.com/watch?v=hpgh2BTtac8
Projects,yt_html_1386,Docker for Machine Learning | Docker Crash Course | CampusX,Docker,Basics|Images|Containers|Dockerfile|Docker Compose|Networking|Volumes,Beginner,English,80.18,CampusX,https://www.youtube.com/watch?v=GToyQTGDOS4
Projects,yt_html_1371,Docker Tutorial for Beginners | Full Course [2021],Docker,Basics|Images|Containers|Dockerfile|Docker Compose|Networking|Volumes|Deployment,Beginner,English,80.17,Amigoscode,https://www.youtube.com/watch?v=p28piYY_wv8
Projects,yt_html_266,GitHub Tutorial for Beginners (2025),Git & GitHub,Git Basics|Remote Repositories|Pull Requests,Beginner,English,80.15,CodeWithChris,https://www.youtube.com/watch?v=v5gnvDUWqFM
Projects,yt_html_475,React Native Tutorial for Beginners - Build a React Native App,React,Basics|Components|JSX|Props|State|Hooks|Events & Forms|Conditional Rendering|Lists & Keys|Context API|API Integration|State Management|Projects,Beginner,English,80.15,Programming with Mosh,https://www.youtube.com/watch?v=0-S5a0eXPoc
Projects,yt_html_995,MongoDB Course | MongoDB Tutorial | MongoDB For Beginners | MongoDB Full Course | Intellipaat,MongoDB,Basics|CRUD Operations|Queries|Indexes|Aggregation|Schema Design|Data Modeling|Relationships|Transactions|MongoDB Atlas|Projects,Beginner,English,80.14,Intellipaat,https://www.youtube.com/watch?v=aDd4HiGQSIU
Projects,yt_html_998,Master MongoDB: The Ultimate Step-by-Step Guide | MongoDB Tutorial for Beginners,MongoDB,Basics|CRUD Operations|Queries|Indexes|Aggregation|Schema Design|Data Modeling|Relationships|Projects,Beginner,English,80.14,Amit Thinks,https://www.youtube.com/watch?v=cZ79avoq9UU
Projects,yt_html_222,"Part 3 – Advanced JavaScript, Projects & Real Developer Mindset | Full Course",JavaScript,Projects|ES6+,Advanced,English,80.13,Sheryians Coding School,https://www.youtube.com/watch?v=wH6uf20dpAo
Projects,yt_html_438,ReactJS Tutorial for Beginners | Learn React in 2.5 Hours | Part 1,React,Basics|Components|JSX|Props|State|Hooks,Beginner,Hindi,80.13,Apna College,https://www.youtube.com/watch?v=gY5sGvq-8h8
Projects,yt_html_644,Angular - Node - MongoDB & Express (MEAN) Tutorial for Beginners - Getting Started,Express.js,Basics|Routing|Middleware|REST APIs|Projects,Beginner,English,80.12,Academind,https://www.youtube.com/watch?v=1tRLveSyNz8
Projects,yt_html_526,Node.js Tutorial for Beginners | CRASH COURSE,Node.js,Basics|Modules|NPM|File System|HTTP|REST APIs|Projects,Beginner,English,80.1,Envato Tuts+,https://www.youtube.com/watch?v=gyQyk80_upM
Projects,yt_html_517,"10 React Antipatterns to Avoid - Code This, Not That!",React,Components|State|Hooks|Props|Performance,Intermediate,English,80.08,Fireship,https://www.youtube.com/watch?v=b0IZo2Aho9Y
Projects,yt_html_690,Spring Boot Tutorial – Build Your First REST API in 15 Minutes (Beginner Guide),REST APIs,API Basics|HTTP Methods|Status Codes|Request & Response|REST Architecture,Beginner,English,80.06,Alan Lands,https://www.youtube.com/watch?v=wfj-Z9OQpCA
Projects,yt_html_017,HTML Tutorial for Beginners | HTML Full Course in Hindi | How to create a Website using HTML and CSS,HTML,Basics|Elements & Attributes|Text & Formatting|Links & Navigation|Images|Lists|Tables|Forms|Semantic HTML|HTML5|Accessibility,Beginner,Hindi,80.05,Tech Gun,https://www.youtube.com/watch?v=QXPWs00RD3A
Projects,yt_html_116,Tailwind CSS v4 for Beginners | Full Course 2026,CSS,Basics|Box Model|Colors & Backgrounds|Typography|Positioning|Flexbox|CSS Grid|Responsive Design|Animations & Transitions|Projects,Beginner,English,80.02,Coder Coder,https://www.youtube.com/watch?v=9I3JQ1q4IMk
Projects,yt_html_1400,Top 8 Docker Best Practices for using Docker in Production,Docker,Dockerfile|Images|Containers|Networking|Volumes|Deployment,Intermediate,English,80.01,TechWorld with Nana,https://www.youtube.com/watch?v=8vXoMqWgbQQ
Projects,yt_html_1346,🔥Complete Docker Tutorial in one video for Beginners in Hindi,Docker,Basics|Images|Containers|Dockerfile|Docker Compose|Networking|Volumes|Deployment,Beginner,Hindi,79.99,Learn Code With Durgesh,https://www.youtube.com/watch?v=X3Wtjwu0vBI
Projects,yt_html_210,How I Would Learn JavaScript If I Could Start Over,JavaScript,Basics|ES6+|Projects,Beginner,English,79.9,Phillip Choi,https://www.youtube.com/watch?v=X_FfHxMkkos
Projects,yt_html_174,JavaScript for Beginners - How I Wish I was Taught,JavaScript,Basics|Variables & Data Types|Operators|Control Flow|Functions,Beginner,English,79.88,Sajjaad Khader,https://www.youtube.com/watch?v=GxW1Ei8yvSQ
Projects,yt_html_285,Git Push Command | Git Bash Tutorial | Git Commands | Git Tutorial For Beginners | Simplilearn,Git & GitHub,Git Basics|Remote Repositories,Beginner,English,79.79,Simplilearn,https://www.youtube.com/watch?v=QJ0iUNe27c8
Projects,yt_html_1464,MERN Finance Tracker App with User Management - Build A Fullstack React Intermediate Project,Full Stack Projects,MERN Projects|Authentication Projects|Full Stack Applications,Intermediate,English,79.79,PedroTech,https://www.youtube.com/watch?v=4NZx9OF07qY
Projects,yt_html_994,MongoDB with Node.js Tutorial for Beginners,MongoDB,Basics|CRUD Operations|Queries,Beginner,English,79.76,ProgrammingKnowledge,https://www.youtube.com/watch?v=WWujIKtJoOM
Projects,yt_html_119,A CSS learning guide for beginners,CSS,Basics,Beginner,Hindi,79.74,Chai aur Code,https://www.youtube.com/watch?v=aLzfFJb8rWo
Projects,yt_html_554,🚀🔥  Lecture 1: Introduction to NodeJS | NodeJS Complete Course ❤️ in Hindi | Notes | Certification,Node.js,Basics,Beginner,Hindi,79.74,Complete Coding by Prashant Sir,https://www.youtube.com/watch?v=AZzV3wZCvI4
Projects,yt_html_292,Git And GitHub Full Course 2026 | Complete Git and GitHub Tutorial For Beginners | Simplilearn,Git & GitHub,Git Basics|Repositories|Branches|Merge & Rebase|Remote Repositories|Pull Requests|Collaboration,Beginner,English,79.69,Simplilearn,https://www.youtube.com/watch?v=FuyrbysTJ_o
Projects,yt_html_1009,MongoDB Tutorial in 1 Hour (2024) 🍃,MongoDB,Basics|CRUD Operations|Queries|Indexes|Aggregation|Schema Design|Relationships,Beginner,Hindi,79.68,CodeWithHarry,https://www.youtube.com/watch?v=J6mDkcqU_ZE
Projects,yt_html_573,Node JS Full Course - Complete Backend | Web Development 2026,Node.js,Basics|Modules|NPM|File System|Events|Streams|HTTP|REST APIs|Authentication|Middleware|Security|Projects,Beginner,English,79.66,Learn Coding,https://www.youtube.com/watch?v=51PdLHoWeVA
Projects,yt_html_658,Express.js Mastery: Unleash the Power of Node.js Frameworks for Lightning-Fast Web Development!,Express.js,Basics|Routing|Middleware|REST APIs|Error Handling|Authentication|Authorization|Validation|Security|Projects,Advanced,English,79.65,HuXn WebDev,https://www.youtube.com/watch?v=jn5MRu5ybH4
Projects,yt_html_607,Learn Express.js & Node.js from Scratch | Complete Beginner-Friendly Course 2025,Express.js,Basics|Routing|Middleware|REST APIs|Projects,Beginner,English,79.64,Codynn,https://www.youtube.com/watch?v=IGUDsbTglk4
Projects,yt_html_262,Git And GitHub Full Course | Complete Git And GitHub Tutorial For Beginners,Git & GitHub,Git Basics|Repositories|Branches|Remote Repositories|Pull Requests|Collaboration,Beginner,English,79.63,GreatStack,https://www.youtube.com/watch?v=b_glcE0SOoE
Projects,yt_html_498,[ GAMECHANGER 🚀 ] REACT JS BECOMES 100 TIMES EASY IF YOU FOLLOW THIS.,React,Basics|Components|JSX|Props|State|Hooks,Beginner,English,79.61,Sheryians Coding School,https://www.youtube.com/watch?v=EaG3Zd04W5s
Projects,yt_html_579,Node.js Docker Tutorial For Beginners | Dockerizing Node.js Application | DevOps Training | Edureka,Node.js,Projects,Beginner,English,79.6,edureka!,https://www.youtube.com/watch?v=FCz10zapsI8
Projects,yt_html_1014,Master MongoDB in One Video | Complete Beginner to Advanced Course [Hindi],MongoDB,Basics|CRUD Operations|Queries|Indexes|Aggregation|Schema Design|Data Modeling|Relationships|Transactions|MongoDB Atlas|Projects,Intermediate,Hindi,79.56,MPrashant TECH,https://www.youtube.com/watch?v=tww-gbNPOcA
Projects,yt_html_281,Git and GitHub Crash Course For Beginners | Complete Tutorial [2024],Git & GitHub,Git Basics|Repositories|Branches|Remote Repositories|Pull Requests|Collaboration,Beginner,English,79.55,Cameron McKenzie,https://www.youtube.com/watch?v=l2yrJtwoC_E
Projects,yt_html_185,Learn JavaScript: Tutorial for Beginners (Part 1),JavaScript,Basics|Variables & Data Types|Operators|Control Flow|Functions,Beginner,English,79.51,Codecademy,https://www.youtube.com/watch?v=uh4gG7LbDPQ
Projects,yt_html_200,Learn JavaScript in 7 Hours 🕖 | Complete JavaScript Tutorial for Beginners 2025,JavaScript,Basics|Variables & Data Types|Operators|Control Flow|Functions|Arrays|Objects|Strings & Numbers|DOM|Events|Error Handling|ES6+|Modules|Asynchronous JavaScript|Promises & Async/Await|Fetch API|Web APIs|Projects,Beginner,English,79.45,Sundeep Saradhi Kanthety,https://www.youtube.com/watch?v=BTuCzffKh8E
Projects,yt_html_570,Top 25 Node.js Interview Questions to Ace Your BackEnd Interview | NodeJS Interview | Intellipaat,Node.js,Basics|Modules|NPM|File System|Events|Streams|HTTP|REST APIs|Authentication|Middleware|Security,Intermediate,English,79.45,Intellipaat,https://www.youtube.com/watch?v=ruwx8R2nXyI
Projects,yt_html_983,MongoDB Complete Course Tutorial in Hindi🔥Free Notes & Projects,MongoDB,Basics|CRUD Operations|Queries|Indexes|Aggregation|Schema Design|Data Modeling|Relationships|Transactions|MongoDB Atlas|Projects,Beginner,Hindi,79.41,Thapa Technical,https://www.youtube.com/watch?v=rU9ZODw5yvU
Projects,yt_html_511,React JS Full Course 2026 | Advanced Concepts for Beginners,React,Basics|Components|JSX|Props|State|Hooks|Events & Forms|Conditional Rendering|Lists & Keys|Context API|Routing|API Integration|State Management|Performance|Authentication|Projects,Beginner,English,79.4,WsCube AI & Tech School,https://www.youtube.com/watch?v=lzF9GxGn7Bs
Projects,yt_html_1342,"Part-1| SDET Essentials|Docker Introduction|What is Docker,Docker Container,Docker Image& Docker Hub",Docker,Basics|Containers|Images,Beginner,English,79.37,SDET- QA,https://www.youtube.com/watch?v=AQbSmki24Xw
Projects,yt_html_516,React Hooks Full Course in Hindi (2025) 🔥  | Complete Guide with Notes & Real-World Examples,React,Hooks|State|Context API|Performance,Intermediate,Hindi,79.33,Web Dev Mastery,https://www.youtube.com/watch?v=KUyxBsop5Tc
Projects,yt_html_1424,"MERN Stack Project: Build a Full Stack Restaurant Application with React, Node, MongoDB, Express",Full Stack Projects,MERN Projects|Full Stack Applications,Intermediate,English,79.3,CodeWithZeeshu,https://www.youtube.com/watch?v=MnUCy31BVYA
Projects,yt_html_095,Complete CSS Tutorial for Beginners in Hindi 🎓 Free Notes & Codes | Part 1,CSS,Basics|Selectors|Box Model|Colors & Backgrounds|Typography|Positioning|Flexbox|CSS Grid|Responsive Design|Animations & Transitions,Beginner,Hindi,79.29,Thapa Technical,https://www.youtube.com/watch?v=MSICFljRcb4
Projects,yt_html_503,"Build a Responsive Multi-Page React 19 Website | Dynamic Routes, Search Filters, Axios API & Deploy",React,Routing|API Integration|State|Hooks|Components|Lists & Keys,Advanced,English,79.26,Thapa Technical,https://www.youtube.com/watch?v=zr7idkZiC-s
Projects,yt_html_286,Git Commands - Git Tutorial | Git Commands With Examples | Git Tutorial For Beginners | Simplilearn,Git & GitHub,Git Basics|Repositories|Branches,Beginner,English,79.24,Simplilearn,https://www.youtube.com/watch?v=AzfVDEBn9hw
Projects,yt_html_688,What is REST API ? | REST API Explained in 9 mins in Hindi | REST API Tutorial | Great Learning,REST APIs,API Basics|REST Architecture,Beginner,Hindi,79.17,Great Learning,https://www.youtube.com/watch?v=o7ePQ_M_jsc
Projects,yt_html_715,"Master REST APIs - The Beginner's Guide | NodeJS, Express, MongoDB, Mongoose | Hindi",REST APIs,API Basics|HTTP Methods|Status Codes|Request & Response|REST Architecture,Beginner,Hindi,79.17,Coder's Gyan,https://www.youtube.com/watch?v=6SJQ5eOChrA
Projects,yt_html_977,SQL Full Course — Learn SQL From Beginner to Advanced (2026 Edition),SQL,Basics|SELECT Queries|Filtering & Sorting|Joins|Functions|Subqueries|Grouping|Indexes|Transactions|Database Design|Normalization,Intermediate,English,79.16,WsCube AI & Tech School,https://www.youtube.com/watch?v=1egh1UTNTdE
Projects,yt_html_499,🚀 Mastering React/Next.js in 90 Minutes! Advanced Techniques👩‍💻,React,Hooks|Context API|Routing|API Integration|State Management|Performance|Authentication|Projects,Advanced,English,79.15,Sheryians Coding School,https://www.youtube.com/watch?v=HxxN6AdEop0
Projects,yt_html_1393,Everything about containers and docker |Begginers Guide | multi stage |volumes | networking #devops,Docker,Basics|Containers|Dockerfile|Volumes|Networking,Beginner,English,79.15,Abhishek.Veeramalla,https://www.youtube.com/watch?v=3F1ZOkqK7Ww
Projects,yt_html_310,Learn Complete Git and GitHub in 30 Minutes | GitHub & Git Beginner Tutorial 🔥Mission Placement Ep 3,Git & GitHub,Git Basics|Repositories|Branches|Remote Repositories|Pull Requests,Beginner,English,79.12,Saumya Singh,https://www.youtube.com/watch?v=l0JFc53cpKs
Projects,yt_html_566,"Complete Backend One Shot | Beginners to Advanced  | Learn Node.js, Express, MongoDB from Scratch",Node.js,Basics|Modules|NPM|File System|Events|Streams|HTTP|REST APIs|Authentication|Middleware|Security|Projects,Intermediate,English,79.12,Sheryians Coding School,https://www.youtube.com/watch?v=0IciwnJ6PJI
Projects,yt_html_451,React Tutorial For Beginners,React,Basics|Components|JSX|Props|State|Hooks|Events & Forms|Conditional Rendering|Lists & Keys,Beginner,English,79.09,LearnWebCode,https://www.youtube.com/watch?v=xxRAA0v2lvM
Projects,yt_html_1412,Docker Tutorial for Beginners to Advanced | Full Course 2026,Docker,Basics|Images|Containers|Dockerfile|Docker Compose|Networking|Volumes|Deployment,Intermediate,English,79.09,Step by Step,https://www.youtube.com/watch?v=Tw8i9p_GSpw
Projects,yt_html_537,Express js tutorial for beginners | REST api node js express | node js tutorial in hindi,Node.js,REST APIs,Beginner,Hindi,79.07,Hello World,https://www.youtube.com/watch?v=qthiEMUDCkU
Projects,yt_html_731,How to Design Production Grade APIs?,REST APIs,REST Architecture|Authentication|Authorization|API Security|API Testing|API Documentation,Advanced,English,79.05,Piyush Garg,https://www.youtube.com/watch?v=B43Bljf4vSk
Projects,yt_html_620,"Backend Development FULL  Course - In 6 Hours (Mongo DB, Express JS, Node JS) | 2026 Edition",Express.js,Basics|Routing|Middleware|REST APIs|Error Handling|Authentication|Authorization|Validation|Security|Projects,Intermediate,English,79.04,WsCube Tech,https://www.youtube.com/watch?v=vfaRzV3P92o
Projects,yt_html_724,Python API Development - Comprehensive Course for Beginners,REST APIs,API Basics|HTTP Methods|Status Codes|Request & Response|REST Architecture|Authentication|Authorization|API Security|API Testing|API Documentation,Beginner,English,79.04,freeCodeCamp.org,https://www.youtube.com/watch?v=0sOvCWFmrtA
Projects,yt_html_600,Node JS Advanced Concepts - Part 01 #nodejs #nodejsadvanced,Node.js,Modules|NPM|HTTP|REST APIs|Authentication|Middleware|Security|Projects,Advanced,English,79.03,Best Tutorial,https://www.youtube.com/watch?v=gq6gIz3-wuw
Projects,yt_html_652,Learn MVC Pattern with ExpressJS and NodeJS - Tutorial Beginner,Express.js,Basics|Routing|Projects,Beginner,English,79.03,PedroTech,https://www.youtube.com/watch?v=Cgvopu9zg8Y
Projects,yt_html_653,Node JS Express Tutorial | Express JS Tutorial For Beginners | Node.js +  ExpressJS | Edureka,Express.js,Basics|Routing|Middleware,Beginner,English,79.01,edureka!,https://www.youtube.com/watch?v=ofDqVjP4JRI
Projects,yt_html_1467,FREE Coding Bootcamp - Build 4 Full Stack Projects in 23 Hours,Full Stack Projects,Full Stack Applications|Frontend Projects|Backend Projects,Beginner,English,79.0,Codesistency,https://www.youtube.com/watch?v=MDZC8VDZnV8
Projects,yt_html_1369,Docker Tutorial for Beginners [FULL COURSE in 45 Minutes],Docker,Basics|Images|Containers|Dockerfile,Beginner,English,78.99,DevOps Genius Zone,https://www.youtube.com/watch?v=M43-6ZSYufg
Projects,yt_html_958,Do THIS Instead of Watching Endless Tutorials - How I'd Learn SQL FAST (2025),SQL,Basics,Beginner,English,78.98,Jash Radia,https://www.youtube.com/watch?v=of3IaC8hZpo
Projects,yt_html_103,The Only CSS Layout Guide You'll Ever Need,CSS,Flexbox|CSS Grid|Box Model|Positioning,Intermediate,English,78.95,EdRoh,https://www.youtube.com/watch?v=i1FeOOhNnwU
Projects,yt_html_706,Python Django REST API In 30 Minutes - Django Tutorial,REST APIs,API Basics|HTTP Methods|Status Codes|Request & Response|REST Architecture,Beginner,English,78.92,PedroTech,https://www.youtube.com/watch?v=NoLF7Dlu5mc
Projects,yt_html_448,Learn React With This ONE Project,React,Basics|Components|JSX|Props|State|Hooks|Events & Forms|Conditional Rendering|Lists & Keys|Routing|API Integration|State Management|Projects,Intermediate,English,78.9,Tech With Tim,https://www.youtube.com/watch?v=G6D9cBaLViA
Projects,yt_html_1468,"Build Your First Fullstack App in Under 2 Hours withm NodeJS, MongoDB, HTML, CSS & JavaScript",Full Stack Projects,Full Stack Applications,Beginner,English,78.81,ATO Tech,https://www.youtube.com/watch?v=-cvpNPRje-U
Projects,yt_html_501,React JS Full Course | Build an App and Master React in 1 Hour,React,Basics|Components|JSX|Props|State|Hooks|Events & Forms|Conditional Rendering|Lists & Keys|Routing|API Integration|Context API|State Management|Projects,Beginner,English,78.78,JavaScript Mastery,https://www.youtube.com/watch?v=b9eMGE7QtTk
Projects,yt_html_273,Git Tutorial For Beginners 2026 | Git & Github Complete Tutorial | Learn Git in 2 hrs | Simplilearn,Git & GitHub,Git Basics|Repositories|Branches|Merge & Rebase|Remote Repositories|Pull Requests|Collaboration,Beginner,English,78.76,Simplilearn,https://www.youtube.com/watch?v=eeuNAIZoWRU
Projects,yt_html_473,React JS Full Course - Learn Everything | Web Development | #reactjs ,React,Basics|Components|JSX|Props|State|Hooks|Events & Forms|Conditional Rendering|Lists & Keys|Context API|Routing|API Integration|State Management|Performance|Authentication|Projects,Beginner,English,78.76,Learn Coding,https://www.youtube.com/watch?v=f0zxJz5oR6U
Projects,yt_html_195,JavaScript Full Course for free 🌐,JavaScript,Basics|Variables & Data Types|Operators|Control Flow|Functions|Arrays|Objects|Strings & Numbers|DOM|Events|Error Handling|ES6+|Modules|Asynchronous JavaScript|Promises & Async/Await|Fetch API|Web APIs|Projects,Beginner,English,78.74,Bro Code,https://www.youtube.com/watch?v=lfmg-EJ8gm4
Projects,yt_html_646,ExpressJS Routes Tutorial - Separating Routes into Different Files,Express.js,Routing,Intermediate,English,78.71,PedroTech,https://www.youtube.com/watch?v=0Hu27PoloYw
Projects,yt_html_037,HTML & CSS Full Course for free 🌎,HTML,Basics|Elements & Attributes|Text & Formatting|Links & Navigation|Images|Lists|Tables|Forms|Semantic HTML|Multimedia|HTML5|Accessibility,Beginner,English,78.69,Bro Code,https://www.youtube.com/watch?v=HGTJBPNC-Gw
Projects,yt_html_635,How To Connect React To A Backend (Express.js) - React for beginners #7,Express.js,Basics|Routing|REST APIs|Projects,Beginner,English,78.68,Anthony Sistilli,https://www.youtube.com/watch?v=kJA9rDX7azM
Projects,yt_html_986,MongoDB Tutorial for Beginners 1 - Introduction to MongoDB + Installing MongoDB,MongoDB,Basics,Beginner,English,78.65,ProgrammingKnowledge,https://www.youtube.com/watch?v=GtD93tVZDX4
Projects,yt_html_026,HTML Tutorial for Beginners | Complete HTML with Notes & Code,HTML,Basics|Elements & Attributes|Text & Formatting|Links & Navigation|Images|Lists|Tables|Forms|Semantic HTML|HTML5|Accessibility,Beginner,Hindi,78.63,Apna College,https://www.youtube.com/watch?v=HcOc7P5BMi4
Projects,yt_html_305,Day-9 | Git and GitHub | What is GIT ? | What is Version Control ? | #devops #2023 #github #gitlab,Git & GitHub,Git Basics,Beginner,English,78.6,Abhishek.Veeramalla,https://www.youtube.com/watch?v=fIMySI_gZJU
Projects,yt_html_161,JavaScript Tutorial Full Course - Beginner to Pro,JavaScript,Basics|Variables & Data Types|Operators|Control Flow|Functions|Arrays|Objects|Strings & Numbers|DOM|Events|Error Handling|ES6+|Modules|Asynchronous JavaScript|Promises & Async/Await|Fetch API|Web APIs|Projects,Intermediate,English,78.58,NPC Codes,https://www.youtube.com/watch?v=C3weqS-QDRY
Projects,yt_html_1485,"Clone Projects won't get you Hired in 2025! | AI, DeFi, Web 3 and Full stack Project Ideas",Full Stack Projects,Full Stack Applications,Intermediate,English,78.5,Harkirat Singh,https://www.youtube.com/watch?v=pXJ2qoGU88g
Projects,yt_html_351,Master Git in One Video Complete Git Tutorial (Beginner → Pro) | Explained in Hindi,Git & GitHub,Git Basics|Repositories|Branches|Merge & Rebase|Remote Repositories|Pull Requests|Collaboration|Advanced Git,Intermediate,Hindi,78.48,Bits And Bytes,https://www.youtube.com/watch?v=MBmBlXOZl4Y
Projects,yt_html_1004,MongoDB Tutorial ❤️ | MongoDB full playlist hindi | what is database & node js interview questions,MongoDB,Basics|CRUD Operations|Queries,Beginner,Hindi,78.48,Hello World,https://www.youtube.com/watch?v=IKpuBj8I3Qg
Projects,yt_html_128,CSS Full Course 2026 - Beginner to Pro | WEB DEVELOPMENT | #css ,CSS,Basics|Selectors|Box Model|Colors & Backgrounds|Typography|Positioning|Flexbox|CSS Grid|Responsive Design|Animations & Transitions|Advanced CSS|Projects,Intermediate,English,78.46,Learn Coding,https://www.youtube.com/watch?v=2rDXik56cxo
Projects,yt_html_987,MonogDB Tutorial For Beginners | What is MongoDB | MongoDB Installation On Linux | Simplilearn,MongoDB,Basics,Beginner,English,78.44,Simplilearn,https://www.youtube.com/watch?v=S3D5suhZ4bs
Projects,yt_html_638,Install Express JS | Express JS Setup | Express JS Tutorial for Beginners | Simplilearn,Express.js,Basics,Beginner,English,78.42,Simplilearn,https://www.youtube.com/watch?v=huc9RWb0yX4
Projects,yt_html_235,5 JavaScript Mistakes Every Beginner Must Avoid 🔥,JavaScript,Basics|Variables & Data Types|Operators|Control Flow|Functions,Beginner,Hindi,78.39,CodeWithHarry,https://www.youtube.com/watch?v=yN2yBmSHduI
Projects,yt_html_147,5 CSS Tips & Tricks for better Responsive Web Design,CSS,Responsive Design,Intermediate,English,78.37,Coding2GO,https://www.youtube.com/watch?v=2IV08sP9m3U
Projects,yt_html_625,Express JS In 15 Minutes | Introduction To Express JS | Express JS Tutorial | Simplilearn,Express.js,Basics,Beginner,English,78.34,Simplilearn,https://www.youtube.com/watch?v=dyMCr2lD5k0
Projects,yt_html_270,Git & GitHub Tutorial for Beginners #1 - Why Use Git?,Git & GitHub,Git Basics,Beginner,English,78.32,Net Ninja,https://www.youtube.com/watch?v=3RjQznt-8kE
Projects,yt_html_268,Git Tutorial | Git and GitHub Tutorial | Learn Git | Git for Beginners | DevOps Tutorial | Edureka,Git & GitHub,Git Basics|Repositories|Branches|Merge & Rebase|Remote Repositories|Pull Requests|Collaboration,Beginner,English,78.3,edureka!,https://www.youtube.com/watch?v=A1_Ni6Eje6Y
Projects,yt_html_1044,MongoDB Full Course in Hindi | Beginner to Advance Tutorial | Learn NoSQL Database Step-by-Step,MongoDB,Basics|CRUD Operations|Queries|Indexes|Aggregation|Schema Design|Data Modeling|Relationships|Transactions|MongoDB Atlas|Projects,Intermediate,Hindi,78.3,CodingHunger,https://www.youtube.com/watch?v=5AfUgOYEiwQ
Projects,yt_html_218,Master Advanced JavaScript Concepts and Become a JavaScript Ninja,JavaScript,ES6+|Modules|Asynchronous JavaScript|Promises & Async/Await|Fetch API|Web APIs|Error Handling|Projects,Advanced,English,78.28,Sheryians Coding School,https://www.youtube.com/watch?v=ks4MFTHLfyg
Projects,yt_html_567,Node.js NPM Tutorial For Beginners | Learn Node.js Package Manager | Node.js Tutorial | Edureka,Node.js,Basics|NPM,Beginner,English,78.2,edureka!,https://www.youtube.com/watch?v=J2P7TN_-AeQ
Projects,yt_html_700,What is REST API and How Does it Work? | REST API Tutorial,REST APIs,API Basics|HTTP Methods|Status Codes|Request & Response|REST Architecture,Beginner,English,78.19,WsCube AI & Tech School,https://www.youtube.com/watch?v=T2hYvBShkh8
Projects,yt_html_941,"SQL Tutorial 1: Overview on Database, DBMS/RDBMS, SQL |Database Components | SQL for Testers",SQL,Basics,Beginner,English,78.18,SDET- QA,https://www.youtube.com/watch?v=wifRYaPiiM0
Projects,yt_html_992,MongoDB Tutorial-1 | MongoDB Tutorial for Beginners-1 | Edureka,MongoDB,Basics|CRUD Operations|Queries,Beginner,English,78.13,edureka!,https://www.youtube.com/watch?v=i57Fr5CgN4k
Projects,yt_html_013,HTML Tutorial For Beginners |HTML In 10 Minutes | HTML Basics For Beginners | Simplilearn,HTML,Basics|Elements & Attributes,Beginner,English,78.11,Simplilearn,https://www.youtube.com/watch?v=MDLn5-zSQQI
Projects,yt_html_010,HTML Full Course 2026 | WEB DEVELOPMENT | #html ,HTML,Basics|Elements & Attributes|Text & Formatting|Links & Navigation|Images|Lists|Tables|Forms|Semantic HTML|Multimedia|HTML5|Accessibility,Beginner,English,78.09,Learn Coding,https://www.youtube.com/watch?v=JALD2mKIPlE
Projects,yt_html_719,🔥 Ultimate Django Rest API Course in Hindi |  Rest APIS using Django in one shot,REST APIs,API Basics|HTTP Methods|Status Codes|Request & Response|REST Architecture|Authentication|Authorization|API Security|API Testing|API Documentation,Beginner,Hindi,78.06,Learn Code With Durgesh,https://www.youtube.com/watch?v=DNFTUtZf1Zc
Projects,yt_html_138,10 CSS PRO Tips and Tricks you NEED to know,CSS,Advanced CSS,Advanced,English,78.05,Coding2GO,https://www.youtube.com/watch?v=44FTAS-qT8Q
Projects,yt_html_717,Build REST APIs in .NET 9 – Full Course for Beginners,REST APIs,API Basics|HTTP Methods|Status Codes|Request & Response|REST Architecture,Beginner,English,78.03,freeCodeCamp.org,https://www.youtube.com/watch?v=38GNKtclDdE
Projects,yt_html_1441,"Build a full stack project with NextJS, NextAuth, Imagekit and Mongodb",Full Stack Projects,Full Stack Applications|Authentication Projects,Intermediate,Hindi,78.03,Chai aur Code,https://www.youtube.com/watch?v=c8Z73cVl6x4
Projects,yt_html_313,GitHub Full Course | for Beginners 2026,Git & GitHub,Git Basics|Repositories|Branches|Remote Repositories|Pull Requests|Collaboration,Beginner,English,77.97,Website Learners,https://www.youtube.com/watch?v=ZbrufHI9l7o
Projects,yt_html_202,JavaScript: The Complete Crash Course,JavaScript,Basics|Variables & Data Types|Operators|Control Flow|Functions|Arrays|Objects|Strings & Numbers|DOM|Events|Error Handling|ES6+|Modules|Asynchronous JavaScript|Promises & Async/Await|Fetch API|Web APIs|Projects,Beginner,English,77.94,Boot dev,https://www.youtube.com/watch?v=OOOfBC1grl0
Projects,yt_html_298,Git & GitHub Tutorial for Beginners #3 - How Git Works,Git & GitHub,Git Basics,Beginner,English,77.93,Net Ninja,https://www.youtube.com/watch?v=iNP_KmOFqXs
Projects,yt_html_033,HTML Tutorial For Beginners 2026 | Learn HTML In 5 Hours | HTML Full Course | Simplilearn,HTML,Basics|Elements & Attributes|Text & Formatting|Links & Navigation|Images|Lists|Tables|Forms|Semantic HTML|Multimedia|HTML5|Accessibility,Beginner,English,77.9,Simplilearn,https://www.youtube.com/watch?v=OUjU--gVylE
Projects,yt_html_582,Top 5 MOST Difficult Node.js Interview Questions (With Answers & Explanations!) #nodejsinterview,Node.js,Modules|NPM|Events|Streams|HTTP|Security,Advanced,English,77.9,Shubham Kulkarni | Coding and Interviews,https://www.youtube.com/watch?v=Ofn1du_mzRg
Projects,yt_html_651,Building A Rest API with NodeJS and ExpressJS | Beginners Tutorial,Express.js,Basics|Routing|Middleware|REST APIs|Projects,Beginner,English,77.87,PedroTech,https://www.youtube.com/watch?v=1I5Jn1MWzlI
Projects,yt_html_048,HTML tutorial for beginners 🌎,HTML,Basics|Elements & Attributes|Text & Formatting|Links & Navigation|Images|Lists|HTML5,Beginner,English,77.86,Bro Code,https://www.youtube.com/watch?v=2oCN2q1x3c4
Projects,yt_html_489,🚀🔥 React & Redux Complete Course (2024) with Projects | Notes | Free Certification,React,Basics|Components|JSX|Props|State|Hooks|Events & Forms|Conditional Rendering|Lists & Keys|Context API|Routing|API Integration|State Management|Projects,Advanced,Hindi,77.84,Complete Coding by Prashant Sir,https://www.youtube.com/watch?v=eILUmCJhl64
Projects,yt_html_444,React Hooks in ONE Shot 2025 [ EASIEST Explanation ] | React JS Tutorial,React,Hooks,Intermediate,English,77.8,Code Bless You,https://www.youtube.com/watch?v=HnXPKtro4SM
Projects,yt_html_336,🚀 Git & GitHub Full Course in 5 Hours | Complete Beginner to Advanced Tutorial | Ashok IT,Git & GitHub,Git Basics|Repositories|Branches|Merge & Rebase|Remote Repositories|Pull Requests|Collaboration|GitHub Actions|Advanced Git,Intermediate,English,77.77,Ashok IT,https://www.youtube.com/watch?v=fUdHTZcfoDY
Projects,yt_html_239,JavaScript Interview Questions in One Video | JavaScript in Hindi,JavaScript,Basics|Variables & Data Types|Operators|Control Flow|Functions|Arrays|Objects|Strings & Numbers|DOM|Events|Error Handling|ES6+|Modules|Asynchronous JavaScript|Promises & Async/Await|Fetch API|Web APIs,Advanced,Hindi,77.72,Coder Dost,https://www.youtube.com/watch?v=gUUCmRJjVvo
Projects,yt_html_627,Node.js & Express.js Full Course 2025 - Beginner to Pro,Express.js,Basics|Routing|Middleware|REST APIs|Error Handling|Authentication|Authorization|Validation|Security|Projects,Intermediate,English,77.7,Patel MernStack,https://www.youtube.com/watch?v=PCcMF1xTQO0
Projects,yt_html_488,REACT JS is Super Easy | Full Tutorial from Beginner to Advanced [Moye-Moye Edition],React,Basics|Components|JSX|Props|State|Hooks|Events & Forms|Conditional Rendering|Lists & Keys|Context API|Routing|API Integration|State Management|Performance|Authentication|Projects,Intermediate,English,77.6,Tanish Garg,https://www.youtube.com/watch?v=M2u6AS0Mx8A
Projects,yt_html_011,HTML Crash Course: Master the Essentials in One Video! Start Your Front-End Journey Today!,HTML,Basics|Elements & Attributes|Text & Formatting|Links & Navigation|Images|Lists|Tables|Forms|Semantic HTML|HTML5,Beginner,English,77.59,Sheryians Coding School,https://www.youtube.com/watch?v=4dprtEzunIk
Projects,yt_html_233,JavaScript FULL Course for Beginner to PRO in 14 Hours (Projects + Questions),JavaScript,Basics|Variables & Data Types|Operators|Control Flow|Functions|Arrays|Objects|Strings & Numbers|DOM|Events|Error Handling|ES6+|Modules|Asynchronous JavaScript|Promises & Async/Await|Fetch API|Web APIs|Projects,Intermediate,English,77.56,WsCube AI & Tech School,https://www.youtube.com/watch?v=D_Zj9RKYXsE
Projects,yt_html_701,Session 1: API Testing | RestAssured | Introduction | Environment Setup | HTTP Methods,REST APIs,API Testing|HTTP Methods,Beginner,English,77.56,SDET- QA,https://www.youtube.com/watch?v=OM4mr3PKgcQ
Projects,yt_html_1449,E-Commerce Project for Resume | Live Project Building 2,Full Stack Projects,E-commerce Projects|Full Stack Applications,Intermediate,English,77.55,Swaroop Talks,https://www.youtube.com/watch?v=nXf_JS5N1NE
Projects,yt_html_716,Creating REST API using Spring Boot in Hindi | A Step-by-Step Tutorial,REST APIs,API Basics|HTTP Methods|Status Codes|Request & Response|REST Architecture,Beginner,Hindi,77.45,Engineering Digest,https://www.youtube.com/watch?v=rxT5RFYxjSg
Projects,yt_html_1395,A practical guide on Docker with projects | Docker Course,Docker,Basics|Images|Containers|Dockerfile|Docker Compose|Networking|Volumes|Deployment,Intermediate,English,77.4,Hitesh Choudhary,https://www.youtube.com/watch?v=rr9cI4u1_88
Projects,yt_html_297,Git and GitHub - 0 Experience to Professional in 1 Tutorial (Part 1),Git & GitHub,Git Basics|Repositories|Branches|Remote Repositories|Pull Requests|Collaboration,Beginner,English,77.36,SuperSimpleDev,https://www.youtube.com/watch?v=hrTQipWp6co
Projects,yt_html_150,These CSS PRO Tips & Tricks Will Blow Your Mind!,CSS,Advanced CSS,Advanced,English,77.32,Coding2GO,https://www.youtube.com/watch?v=PL3Odw-k8W4
Projects,yt_html_729,#17 What is an API || Use of API || How API Works with Real Project Examples (Hindi),REST APIs,API Basics|Request & Response|REST Architecture,Beginner,Hindi,77.3,Smart Programming,https://www.youtube.com/watch?v=lqtTvhdWOIA
Projects,yt_html_1002,What Is MongoDB? | What Is MongoDB And How It Works | MongoDB Tutorial For Beginners | Simplilearn,MongoDB,Basics,Beginner,English,77.28,Simplilearn,https://www.youtube.com/watch?v=SnqPyqRh4r4
Projects,yt_html_591,How NodeJS Works?,Node.js,Basics|Events,Beginner,English,77.17,Piyush Garg,https://www.youtube.com/watch?v=y0aTs56DJWk
Projects,yt_html_456,React.js Complete Tutorial for Beginners in Hindi | 5 Projects + Free Notes,React,Basics|Components|JSX|Props|State|Hooks|Events & Forms|Conditional Rendering|Lists & Keys|Context API|Routing|API Integration|State Management|Projects,Beginner,Hindi,77.15,Thapa Technical,https://www.youtube.com/watch?v=EHTWMpD6S_0
Projects,yt_html_193,JavaScript Tutorial for Beginners | Full Course to Learn What is JavaScript in Hindi,JavaScript,Basics|Variables & Data Types|Operators|Control Flow|Functions|Arrays|Objects|Strings & Numbers|DOM|Events|Error Handling|ES6+,Beginner,Hindi,77.14,WsCube Tech,https://www.youtube.com/watch?v=Kdz9J5vC4_o
Projects,yt_html_676,COMPLETE APIs Crash Course In 14 Minutes [w/ FREE Project] | Vishakha Sadhwani,REST APIs,API Basics|HTTP Methods|Status Codes|Request & Response|REST Architecture,Beginner,English,77.09,Vishakha Sadhwani,https://www.youtube.com/watch?v=UXA8MJUWUqU
Projects,yt_html_978,🔥 Advanced SQL Tutorial 2026 | SQL Training | SQL Database Tutorial  | Simplilearn,SQL,Basics|SELECT Queries|Filtering & Sorting|Joins|Functions|Subqueries|Grouping|Indexes|Transactions|Database Design|Normalization,Advanced,English,77.08,Simplilearn,https://www.youtube.com/watch?v=_BvLk3J8nkY
Projects,yt_html_1440,How I'd Learn Full-Stack Web Development (If I Could Start Over),Full Stack Projects,,Beginner,English,77.08,Conner Ardman,https://www.youtube.com/watch?v=dPMk6_HTBq8
Projects,yt_html_199,JavaScript Full Course Tutorial for Beginners in Hindi🔥Free Notes with 10+ Projects | P-1,JavaScript,Basics|Variables & Data Types|Operators|Control Flow|Functions|Arrays|Objects|Strings & Numbers|DOM|Events|Error Handling|ES6+|Modules|Asynchronous JavaScript|Promises & Async/Await|Fetch API|Web APIs|Projects,Beginner,Hindi,77.07,Thapa Technical,https://www.youtube.com/watch?v=13gLB6hDHR8
Projects,yt_html_124,"CSS Tutorial for Beginners | Complete CSS with Project, Notes & Code",CSS,Basics|Selectors|Box Model|Colors & Backgrounds|Typography|Positioning|Flexbox|CSS Grid|Responsive Design|Animations & Transitions|Projects,Beginner,Hindi,77.05,Apna College,https://www.youtube.com/watch?v=ESnrn1kAD4E
Projects,yt_html_109,CSS Full COURSE for Beginners in 4 HOURS | Learn CSS in 2026 with Practical🔥,CSS,Basics|Selectors|Box Model|Colors & Backgrounds|Typography|Positioning|Flexbox|CSS Grid|Responsive Design|Animations & Transitions|Projects,Beginner,English,77.04,WsCube Tech,https://www.youtube.com/watch?v=B9FvD1L2hAQ
Projects,yt_html_030,Complete HTML Tutorial in 1 Video 2024,HTML,Basics|Elements & Attributes|Text & Formatting|Links & Navigation|Images|Lists|Tables|Forms|Semantic HTML|Multimedia|HTML5|Accessibility,Beginner,English,77.03,CodeHelp - by Babbar,https://www.youtube.com/watch?v=k7ELO356Npo
Projects,yt_html_696,Difference Between REST API vs Web API vs SOAP API Explained,REST APIs,API Basics|REST Architecture,Beginner,English,76.99,Learn with Whiteboard,https://www.youtube.com/watch?v=2mqN7ZhDsUA
Projects,yt_html_479,ReactJS Full Course | What is ReactJS | React JS Tutorial for Beginners | ReactJS Full Course #1,React,Basics|Components|JSX|Props|State|Hooks|Events & Forms|Conditional Rendering|Lists & Keys|Context API|Routing|API Integration|Projects,Beginner,English,76.93,Coder Army,https://www.youtube.com/watch?v=TkHH-IHsEKQ
Projects,yt_html_608,What Is Express JS? | Express JS Tutorial for Beginners 2026 | Express JS API | Simplilearn,Express.js,Basics,Beginner,English,76.86,Simplilearn,https://www.youtube.com/watch?v=0QRFOsrBtXw
Projects,yt_html_510,[ Live ] React JS Interview 🤯 | Frontend UI Questions 🤒,React,Basics|Components|JSX|Props|State|Hooks|Events & Forms|Conditional Rendering|Lists & Keys|Context API|Routing|API Integration|State Management|Performance|Authentication,Intermediate,English,76.85,Akshay Saini,https://www.youtube.com/watch?v=U9sDK8zTJ8Y
Projects,yt_html_590,"Full NGINX Tutorial - Demo Project with Node.js, Docker",Node.js,HTTP|Projects,Intermediate,English,76.83,TechWorld with Nana,https://www.youtube.com/watch?v=q8OleYuqntY
Projects,yt_html_029,What is HTML? | HTML Course for beginners in [Hindi] | by Rahul Chaudhary,HTML,Basics,Beginner,Hindi,76.81,Programming GuruJi,https://www.youtube.com/watch?v=-kGMwaROIZk
Projects,yt_html_484,Complete React JS Course | MERN Stack Development,React,Basics|Components|JSX|Props|State|Hooks|Events & Forms|Conditional Rendering|Lists & Keys|Context API|Routing|API Integration|State Management|Performance|Authentication|Projects,Beginner,English,76.71,Sheryians Coding School,https://www.youtube.com/watch?v=E6tAtRi82QY
Projects,yt_html_198,JavaScript Tutorial for Beginners | JavaScript Free Course | by Rahul Chaudhary,JavaScript,Basics|Variables & Data Types|Operators|Control Flow|Functions|Arrays|Objects|Strings & Numbers,Beginner,English,76.5,Programming GuruJi,https://www.youtube.com/watch?v=9Sy-hINltQM
Projects,yt_html_180,JavaScript Programming Tutorial for Beginners,JavaScript,Basics|Variables & Data Types|Operators|Control Flow|Functions|Arrays|Objects|Strings & Numbers|DOM|Events|Error Handling|ES6+|Modules|Asynchronous JavaScript|Promises & Async/Await|Fetch API|Web APIs|Projects,Beginner,English,76.4,Telusko,https://www.youtube.com/watch?v=IC5vBKc21X8
Projects,yt_html_015,HTML in 9 Minutes (in Hindi) 🌐,HTML,Basics|Elements & Attributes|Text & Formatting,Beginner,Hindi,76.37,CodeWithHarry,https://www.youtube.com/watch?v=Ut4RpySLM6Y
Projects,yt_html_440,🔥 🔥 Complete React Js with Project tutorial in hindi 🔥 🔥 + Backend Spring boot,React,Basics|Components|JSX|Props|State|Hooks|Events & Forms|Conditional Rendering|Lists & Keys|Routing|API Integration|Projects,Beginner,Hindi,76.35,Learn Code With Durgesh,https://www.youtube.com/watch?v=TjnWtDWFZFc
Projects,yt_html_544,🔥Node Js Tutorial in one video | Master Node JS in one video in Hindi,Node.js,Basics|Modules|NPM|File System|Events|Streams|HTTP|REST APIs|Authentication|Middleware|Security|Projects,Beginner,Hindi,76.33,Learn Code With Durgesh,https://www.youtube.com/watch?v=o3sAZFveLW4
Projects,yt_html_584,Master Node JS in an easy way,Node.js,Basics,Beginner,English,76.25,Nova Designs,https://www.youtube.com/watch?v=2YIgGdUtbXM
Projects,yt_html_563,Node.js Crash Course,Node.js,Basics|Modules|NPM|File System|Events|Streams|HTTP|REST APIs|Authentication|Middleware|Security|Projects,Beginner,English,76.22,Traversy Media,https://www.youtube.com/watch?v=32M1al-Y6Ag
Projects,yt_html_577,Node JS Backend Developer Roadmap 2025 ft. Namaste Node.js (from Zero to Hero),Node.js,Basics|Modules|NPM|File System|Events|Streams|HTTP|REST APIs|Authentication|Middleware|Security|Projects,Beginner,English,76.19,Akshay Saini,https://www.youtube.com/watch?v=iRUkfCzJEgM
Projects,yt_html_1438,6 RESUME PROJECTS That Will Actually Get You HIRED In 2026.,Full Stack Projects,Full Stack Applications,Beginner,English,76.1,Vivek Gupta,https://www.youtube.com/watch?v=f7ndZ-t9NPg
Projects,yt_html_1425,Full Stack Development Project Ideas for Beginners | NxtWave | CCBP,Full Stack Projects,Beginner Projects,Beginner,English,76.08,NxtWave,https://www.youtube.com/watch?v=CORiIuVn_M0
Projects,yt_html_099,Learn CSS in 5 Minutes (Seriously),CSS,Basics,Beginner,English,76.06,DevForge,https://www.youtube.com/watch?v=tfzGsCxutWk
Projects,yt_html_1475,"Full Stack Web Development Roadmap for Beginners | Skills, Projects and AI Tools You Need",Full Stack Projects,Beginner Projects|Full Stack Applications|Authentication Projects|Deployment Projects,Beginner,English,76.06,College Wallah,https://www.youtube.com/watch?v=3f8cnztbt3s
Projects,yt_html_504,React JS Full Course 2026 | Complete React Tutorial for Beginners to Advanced | 11 Hours,React,Basics|Components|JSX|Props|State|Hooks|Events & Forms|Conditional Rendering|Lists & Keys|Context API|Routing|API Integration|State Management|Performance|Authentication|Projects,Intermediate,English,76.01,CodingOtt,https://www.youtube.com/watch?v=guWM4Zs8QlU
Projects,yt_html_167,Javascript in 1 shot in Hindi | part 1,JavaScript,Basics|Variables & Data Types|Operators|Control Flow|Functions|Arrays|Objects|Strings & Numbers|DOM|Events|Error Handling|ES6+|Modules|Asynchronous JavaScript|Promises & Async/Await|Fetch API|Web APIs|Projects,Beginner,Hindi,75.85,Chai aur Code,https://www.youtube.com/watch?v=sscX432bMZo
Projects,yt_html_248,JavaScript FULL Course with Advanced Project in 4 HOURS (Part-2) | 2026 Edition,JavaScript,Basics|Variables & Data Types|Operators|Control Flow|Functions|Arrays|Objects|Strings & Numbers|DOM|Events|Error Handling|ES6+|Modules|Asynchronous JavaScript|Promises & Async/Await|Fetch API|Web APIs|Projects,Intermediate,English,75.81,WsCube Tech,https://www.youtube.com/watch?v=kXVq6UHcuLw
Projects,yt_html_113,The Only CSS Course You Need to Master CSS | Learn By Building Apps,CSS,Basics|Selectors|Box Model|Colors & Backgrounds|Typography|Positioning|Flexbox|CSS Grid|Responsive Design|Animations & Transitions|Advanced CSS|Projects,Intermediate,English,75.75,EdRoh,https://www.youtube.com/watch?v=0hrJGWrCux0
Projects,yt_html_216,How to Learn JavaScript FAST in 2026,JavaScript,Basics,Beginner,English,75.69,Catherine Li,https://www.youtube.com/watch?v=xB3ZmUH6GqU
Projects,yt_html_492,ReactJS Beginner Course 2025 | Become a React Pro in 1.5 Hours,React,Basics|Components|JSX|Props|State|Hooks|Events & Forms|Conditional Rendering|Lists & Keys|Routing|API Integration|Context API|Projects,Beginner,English,75.62,PedroTech,https://www.youtube.com/watch?v=3OqiKTyH4r0
Projects,yt_html_274,Part 9 | Git Tutorial | Git Commands | Merging,Git & GitHub,Merge & Rebase,Intermediate,English,75.49,SDET- QA,https://www.youtube.com/watch?v=HIbh0jmhNyY
Projects,yt_html_1016,MongoDB Tutorial For Beginners | Full Course,MongoDB,Basics|CRUD Operations|Queries|Indexes|Aggregation|Schema Design|Data Modeling|Relationships,Beginner,English,75.49,Amigoscode,https://www.youtube.com/watch?v=Www6cTUymCY
Projects,yt_html_660,Node.js Express Tutorial | Build Restful APIs with Node.js and Express | Edureka,Express.js,Basics|Routing|Middleware|REST APIs,Beginner,English,75.47,edureka!,https://www.youtube.com/watch?v=7nulchT1Ruk
Projects,yt_html_1023,MongoDB Tutorial for Beginners 13 - MongoDB Aggregation,MongoDB,Aggregation,Beginner,English,75.0,ProgrammingKnowledge,https://www.youtube.com/watch?v=J_L6r_v3hss
Projects,yt_html_085,HTML One Shot 🔥 Real Website Banana Seekho | Beginners to Advanced,HTML,Basics|Elements & Attributes|Text & Formatting|Links & Navigation|Images|Lists|Tables|Forms|Semantic HTML|Multimedia|HTML5|Accessibility,Intermediate,Hindi,74.93,CoDing SeeKho ,https://www.youtube.com/watch?v=Oo-xgbHaO-0
Projects,yt_html_1490,"React Native Full Course 2026 | Build, Publish and Monetize a Full Stack Mobile App to App Store",Full Stack Projects,Full Stack Applications|Backend Projects|Deployment Projects,Intermediate,English,74.91,JavaScript Mastery,https://www.youtube.com/watch?v=4nVoLX2taFg
Projects,yt_html_521,Node js complete tutorial in Hindi -  Full Node course in one video,Node.js,Basics|Modules|NPM|File System|Events|Streams|HTTP|REST APIs|Authentication|Middleware|Security|Projects,Beginner,Hindi,74.87,Code Step By Step,https://www.youtube.com/watch?v=VrQgmNY96wo
Projects,yt_html_061,Advanced HTML/CSS Concepts Crash Course,HTML,HTML5|Semantic HTML|Accessibility,Advanced,English,74.7,Mehul Mohan,https://www.youtube.com/watch?v=XhqEuyWjbdo
Projects,yt_html_1013,MongoDB Tutorial for Beginners 12 - MongoDB Indexing,MongoDB,Indexes,Beginner,English,74.59,ProgrammingKnowledge,https://www.youtube.com/watch?v=vj_YkHxzF2s
Projects,yt_html_145,CSS Full Course for Beginners to Advanced [4 Hours],CSS,Basics|Selectors|Box Model|Colors & Backgrounds|Typography|Positioning|Flexbox|CSS Grid|Responsive Design|Animations & Transitions|Advanced CSS|Projects,Intermediate,English,74.55,WsCube Tech,https://www.youtube.com/watch?v=zg_mmC8THqM
Projects,yt_html_173,JavaScript Full Course | JavaScript - Learn Everything | Sheryians Coding School,JavaScript,Basics|Variables & Data Types|Operators|Control Flow|Functions|Arrays|Objects|Strings & Numbers|DOM|Events|Error Handling|ES6+|Modules|Asynchronous JavaScript|Promises & Async/Await|Fetch API|Web APIs|Projects,Beginner,English,74.53,Sheryians Coding School,https://www.youtube.com/watch?v=a-wVHL0lpb0
Projects,yt_html_1469,4 RESUME PROJECTS That Will Actually Get You HIRED In 2026,Full Stack Projects,Full Stack Applications,Intermediate,English,74.51,Maddy Zhang,https://www.youtube.com/watch?v=8gAs3mN_11U
Projects,yt_html_524,Node JS Tutorial For Beginners 2025 | Node JS Backend Tutorials Step by Step With Example,Node.js,Basics|Modules|NPM|File System|HTTP|REST APIs|Middleware,Beginner,English,74.44,GreatStack,https://www.youtube.com/watch?v=yGl3f0xTl_0
Projects,yt_html_120,CSS in 7 Minutes 🔥,CSS,Basics,Beginner,Hindi,74.34,CodeWithHarry,https://www.youtube.com/watch?v=AP3_V7KXHs4
Projects,yt_html_672,API Course for Beginners 2026 | API Tutorial For Beginners Step By Step | API Tutorial | Simplilearn,REST APIs,API Basics|HTTP Methods|Status Codes|Request & Response|REST Architecture,Beginner,English,74.32,Simplilearn,https://www.youtube.com/watch?v=ukBCjzC_C6w
Projects,yt_html_534,"Backend Complete Course | NodeJS, ExpressJS, JWT, PostgreSQL, Prisma...",Node.js,Basics|Modules|NPM|HTTP|REST APIs|Authentication|Middleware|Security|Projects,Intermediate,English,74.26,PedroTech,https://www.youtube.com/watch?v=g09PoiCob4Y
Projects,yt_html_1474,11 CRAZY Backend Project Ideas That Pushes Your Limits,Full Stack Projects,Backend Projects,Advanced,English,73.93,Manware,https://www.youtube.com/watch?v=NULWyn8Hqs8
Projects,yt_html_169,All The JavaScript You Need To Know For React,JavaScript,Basics|ES6+|Functions|Objects|Arrays|Strings & Numbers|Modules|Promises & Async/Await|Fetch API,Intermediate,English,73.8,PedroTech,https://www.youtube.com/watch?v=m55PTVUrlnA
Projects,yt_html_466,React Tutorial For Beginners: React Crash Course (2026),React,Basics|Components|JSX|Props|State|Hooks|Events & Forms|Conditional Rendering|Lists & Keys|Context API|Routing|API Integration|Projects,Beginner,English,73.54,Iman Musa,https://www.youtube.com/watch?v=pBFWFswUK2c
Projects,yt_html_190,Part 1- Introduction to JavaScript,JavaScript,Basics,Beginner,English,73.43,SDET- QA,https://www.youtube.com/watch?v=D9NNOHiEnkw
Projects,yt_html_679,Rest API | Web Service Tutorial,REST APIs,API Basics|HTTP Methods|Status Codes|Request & Response|REST Architecture|Authentication|Authorization|API Security|API Testing|API Documentation,Beginner,English,73.35,Telusko,https://www.youtube.com/watch?v=BZi44GOD8kY
Projects,yt_html_1451,One FULL STACK Project In 30 Min And Get JOB Done | Genie Ashwani,Full Stack Projects,Full Stack Applications,Beginner,English,73.27,Genie Ashwani,https://www.youtube.com/watch?v=zt1j51V06IE
Projects,yt_html_236,JavaScript Advance Crash Course: Level Up Your Coding Skills! Accelerate Your Front-End Mastery!,JavaScript,ES6+|Modules|Asynchronous JavaScript|Promises & Async/Await|Fetch API|Web APIs|DOM|Events|Projects,Advanced,English,73.21,Sheryians Coding School,https://www.youtube.com/watch?v=EgDmCbhmstU
Projects,yt_html_110,Learn HTML & CSS FAST | Step-by-Step Full Course for Beginners,CSS,Basics,Beginner,English,73.01,DevForge,https://www.youtube.com/watch?v=E9DL3G8sA5g
Projects,yt_html_1443,Full Stack Development Explained,Full Stack Projects,,Beginner,English,72.94,Andy Sterkowitz,https://www.youtube.com/watch?v=7NaeDBTRY1k
Projects,yt_html_502,Top 12 React Interview Questions 🔥 for Freshers & Experienced  | Preparation 2025 🚀,React,Basics|Components|JSX|Props|State|Hooks|Events & Forms|Conditional Rendering|Lists & Keys|Context API|Routing|API Integration|State Management|Performance|Authentication,Intermediate,English,72.9,Akshay Saini,https://www.youtube.com/watch?v=uE925hp9KDk
Projects,yt_html_595,Advanced Node.js Crash Course | New Year Gift!,Node.js,Modules|NPM|File System|Events|Streams|HTTP|REST APIs|Authentication|Middleware|Security|Projects,Advanced,English,72.75,Mehul Mohan,https://www.youtube.com/watch?v=qG-PLm3APSs
Projects,yt_html_654,GraphQL Tutorial Beginner - Learn GraphQL in NodeJS / ExpressJS,Express.js,Basics,Beginner,English,72.63,PedroTech,https://www.youtube.com/watch?v=Dr2dDWzThK8
Projects,yt_html_667,🚀 Backend - The EndGame (Part-1) | Mastering Advanced Concepts | Backend (Node JS) Series,Express.js,Routing|Middleware|Error Handling|Security|Authentication,Advanced,English,72.34,Sheryians Coding School,https://www.youtube.com/watch?v=ZpszSj3ziQk
Projects,yt_html_231,JavaScript Mastery Complete Course | JavaScript Tutorial For Beginner to Advanced,JavaScript,Basics|Variables & Data Types|Operators|Control Flow|Functions|Arrays|Objects|Strings & Numbers|DOM|Events|Error Handling|ES6+|Modules|Asynchronous JavaScript|Promises & Async/Await|Fetch API|Web APIs|Projects,Advanced,English,72.21,Nerd's lesson,https://www.youtube.com/watch?v=xc3a_CJhjCc
Projects,yt_html_242,Advanced JavaScript Tutorial | JavaScript Training | JavaScript Programming Tutorial | Edureka,JavaScript,ES6+|Modules|Asynchronous JavaScript|Promises & Async/Await|Fetch API|Web APIs,Advanced,English,71.44,edureka!,https://www.youtube.com/watch?v=IljVmcDDrOg
Projects,yt_html_008,HTML Tutorial for Beginners,HTML,Basics|Elements & Attributes|Text & Formatting,Beginner,English,71.31,LearnCode.academy,https://www.youtube.com/watch?v=RjHflb-QgVc
Projects,yt_html_157,CSS Advanced Tutorial | Advanced CSS Tutorial | Learn CSS Advanced 2026 | CSS Tutorial | Simplilearn,CSS,Advanced CSS,Advanced,English,70.52,Simplilearn,https://www.youtube.com/watch?v=G-YnvsCz_1g
Projects,yt_html_1478,7 RESUME PROJECTS That Will Actually Get You HIRED In 2026,Full Stack Projects,Full Stack Applications,Beginner,English,68.46,Harshit Trehan,https://www.youtube.com/watch?v=IzZYgMawnpk
Projects,yt_html_1479,Complete Full Stack Web Development Preparation : MERN Stack +  6 Major Projects | New Delta 9.0,Full Stack Projects,MERN Projects|Full Stack Applications,Beginner,Hindi,65.63,Apna College,https://www.youtube.com/watch?v=BvKxCCVNXrY
Projects,yt_html_1433,20 Programming Projects That Will Make You A God At Coding,Full Stack Projects,Full Stack Applications,Intermediate,English,61.01,The Coding Sloth,https://www.youtube.com/watch?v=jTJvyKZDFsY
Promises,yt_html_596,Node JS Full Course 2026 | Complete Backend Development Course | 17 Hours,Node.js,Basics|Modules|NPM|File System|Events|Streams|HTTP|REST APIs|Authentication|Middleware|Security|Projects,Intermediate,English,86.93,Sangam Mukherjee,https://www.youtube.com/watch?v=XdH3gpcwnoA
Promises,yt_html_160,JavaScript Tutorial Full Course - Beginner to Pro,JavaScript,Basics|Variables & Data Types|Operators|Control Flow|Functions|Arrays|Objects|Strings & Numbers|DOM|Events|Error Handling|ES6+|Modules|Asynchronous JavaScript|Promises & Async/Await|Fetch API|Web APIs|Projects,Intermediate,English,85.12,SuperSimpleDev,https://www.youtube.com/watch?v=EerdGm-ehJQ
Promises,yt_html_181,Learn JavaScript - Full Course for Beginners,JavaScript,Basics|Variables & Data Types|Operators|Control Flow|Functions|Arrays|Objects|Strings & Numbers|DOM|Events|Error Handling|ES6+|Modules|Asynchronous JavaScript|Promises & Async/Await|Fetch API|Web APIs|Projects,Beginner,English,83.93,freeCodeCamp.org,https://www.youtube.com/watch?v=PkZNo7MFNFg
Promises,yt_html_203,JavaScript Crash Course For Beginners,JavaScript,Basics|Variables & Data Types|Operators|Control Flow|Functions|Arrays|Objects|Strings & Numbers|DOM|Events|Error Handling|ES6+|Modules|Asynchronous JavaScript|Promises & Async/Await|Fetch API|Web APIs|Projects,Beginner,English,83.89,Traversy Media,https://www.youtube.com/watch?v=hdI2bqOjy3c
Promises,yt_html_243,Learn how to THINK in code – The Hard & Conceptual Parts of JavaScript (Full Course),JavaScript,Basics|Variables & Data Types|Operators|Control Flow|Functions|Arrays|Objects|Strings & Numbers|DOM|Events|Error Handling|ES6+|Modules|Asynchronous JavaScript|Promises & Async/Await|Fetch API|Web APIs|Projects,Advanced,English,83.72,freeCodeCamp.org,https://www.youtube.com/watch?v=x7u2c0DhWEU
Promises,yt_html_214,"JavaScript Pro Tips - Code This, NOT That",JavaScript,ES6+|Functions|Asynchronous JavaScript|Promises & Async/Await|Modules,Intermediate,English,83.26,Fireship,https://www.youtube.com/watch?v=Mus_vwhTCq0
Promises,yt_html_186,JavaScript Full Course for Beginners | Complete All-in-One Tutorial | 8 Hours,JavaScript,Basics|Variables & Data Types|Operators|Control Flow|Functions|Arrays|Objects|Strings & Numbers|DOM|Events|Error Handling|ES6+|Modules|Asynchronous JavaScript|Promises & Async/Await|Fetch API|Web APIs|Projects,Beginner,English,83.22,Dave Gray,https://www.youtube.com/watch?v=EfAl9bwzVZk
Promises,yt_html_182,JavaScript Speed Course - Learn JavaScript in ~75 Minutes,JavaScript,Basics|Variables & Data Types|Operators|Control Flow|Functions|Arrays|Objects|Strings & Numbers|DOM|ES6+,Beginner,English,83.17,Tech With Tim,https://www.youtube.com/watch?v=TjjKcgtlsY8
Promises,yt_html_531,Node.js and Express.js - Complete Course for Beginners | Learn Node.js in 6 Hours,Node.js,Basics|Modules|NPM|File System|HTTP|REST APIs|Middleware|Authentication|Security|Projects,Beginner,English,83.04,Dipesh Malvia,https://www.youtube.com/watch?v=ekRpc5YgVZU
Promises,yt_html_547,Node.js and Express.js - Full Course,Node.js,Basics|Modules|NPM|File System|Events|Streams|HTTP|REST APIs|Authentication|Middleware|Security|Projects,Intermediate,English,82.92,freeCodeCamp.org,https://www.youtube.com/watch?v=Oe421EPjeBE
Promises,yt_html_536,Node.js Crash Course for Beginners Tutorial - Learn Node Basics in 30 Minutes!,Node.js,Basics,Beginner,English,82.54,codeSTACKr,https://www.youtube.com/watch?v=2LUdnb-mls0
Promises,yt_html_569,Node JS Full Course 2024 | Complete Backend Development Course | Part 1,Node.js,Basics|Modules|NPM|File System|Events|Streams|HTTP|REST APIs|Authentication|Middleware|Security|Projects,Beginner,English,81.98,Sangam Mukherjee,https://www.youtube.com/watch?v=MIJt9H69QVc
Promises,yt_html_519,Create server in node js & callback function javascript | node js tutorial for beginners,Node.js,Basics|HTTP,Beginner,English,81.95,Hello World,https://www.youtube.com/watch?v=bflieVmJQeg
Promises,yt_html_208,All The JavaScript You Need BEFORE React,JavaScript,Basics|Variables & Data Types|Functions|Arrays|Objects|ES6+,Beginner,English,81.81,Coding2GO,https://www.youtube.com/watch?v=bCkfU_wHPcY
Promises,yt_html_529,NodeJS Full Course in Hindi | Projects + Interview Preparation | 2026,Node.js,Basics|Modules|NPM|File System|Events|Streams|HTTP|REST APIs|Authentication|Middleware|Security|Projects,Beginner,Hindi,81.73,Mohit Decodes,https://www.youtube.com/watch?v=pdk60AyhMNM
Promises,yt_html_212,Modern JavaScript From The Beginning | First 12 Hours,JavaScript,Basics|Variables & Data Types|Operators|Control Flow|Functions|Arrays|Objects|Strings & Numbers|DOM|Events|Error Handling|ES6+|Modules|Asynchronous JavaScript|Promises & Async/Await|Fetch API|Web APIs|Projects,Beginner,English,81.26,Traversy Media,https://www.youtube.com/watch?v=BI1o2H9z9fo
Promises,yt_html_168,JavaScript explained in just 7 Minutes!,JavaScript,Basics,Beginner,English,81.16,GeeksforGeeks,https://www.youtube.com/watch?v=VoKFyB1q4fc
Promises,yt_html_178,JavaScript Tutorial In Hindi,JavaScript,Basics|Variables & Data Types|Operators|Control Flow|Functions|Arrays|Objects|Strings & Numbers|DOM|Events|Error Handling|ES6+|Modules|Asynchronous JavaScript|Promises & Async/Await|Fetch API|Web APIs|Projects,Beginner,Hindi,81.01,CodeWithHarry,https://www.youtube.com/watch?v=hKB-YGF14SY
Promises,yt_html_657,Learn Express Middleware in 30 Minutes | Node.js Tutorial for Beginners #7,Express.js,Middleware,Beginner,English,80.87,Dipesh Malvia,https://www.youtube.com/watch?v=bRqUaDRm8Po
Promises,yt_html_241,JavaScript Advanced full Course Tutorial🔥15+ Projects + Free Notes,JavaScript,Basics|Variables & Data Types|Operators|Control Flow|Functions|Arrays|Objects|Strings & Numbers|DOM|Events|Error Handling|ES6+|Modules|Asynchronous JavaScript|Promises & Async/Await|Fetch API|Web APIs|Projects,Advanced,English,80.69,Thapa Technical,https://www.youtube.com/watch?v=YwsOCN8woA8
Promises,yt_html_226,JavaScript Full Course 2026 | Master Javascript in 22 Hours,JavaScript,Basics|Variables & Data Types|Operators|Control Flow|Functions|Arrays|Objects|Strings & Numbers|DOM|Events|Error Handling|ES6+|Modules|Asynchronous JavaScript|Promises & Async/Await|Fetch API|Web APIs|Projects,Beginner,English,80.67,Coder Army,https://www.youtube.com/watch?v=6_NrgoEkjnE
Promises,yt_html_574,All the Express.js You Need — Explained in 24 Minutes,Node.js,HTTP|REST APIs|Middleware|Authentication|Security|Projects|NPM,Beginner,English,80.53,Coding2GO,https://www.youtube.com/watch?v=ha_leEpnT30
Promises,yt_html_194,"JavaScript Tutorial (2024) for Beginners to Pro (with Notes, Projects & Practice Questions)",JavaScript,Basics|Variables & Data Types|Operators|Control Flow|Functions|Arrays|Objects|Strings & Numbers|DOM|Events|Error Handling|ES6+|Modules|Asynchronous JavaScript|Promises & Async/Await|Fetch API|Web APIs|Projects,Intermediate,Hindi,80.49,Apna College,https://www.youtube.com/watch?v=VlPiVmYuoqw
Promises,yt_html_223,Advanced JavaScript Crash Course,JavaScript,ES6+|Modules|Asynchronous JavaScript|Promises & Async/Await|Fetch API|Web APIs|Error Handling|Functions|Objects|Arrays|Strings & Numbers|DOM|Events,Advanced,English,80.31,Codevolution,https://www.youtube.com/watch?v=R9I85RhI7Cg
Promises,yt_html_222,"Part 3 – Advanced JavaScript, Projects & Real Developer Mindset | Full Course",JavaScript,Projects|ES6+,Advanced,English,80.13,Sheryians Coding School,https://www.youtube.com/watch?v=wH6uf20dpAo
Promises,yt_html_162,Learn All the JavaScript Basics in 20 Minutes,JavaScript,Basics,Beginner,English,79.73,Coding2GO,https://www.youtube.com/watch?v=xKOyDDuQSVY
Promises,yt_html_200,Learn JavaScript in 7 Hours 🕖 | Complete JavaScript Tutorial for Beginners 2025,JavaScript,Basics|Variables & Data Types|Operators|Control Flow|Functions|Arrays|Objects|Strings & Numbers|DOM|Events|Error Handling|ES6+|Modules|Asynchronous JavaScript|Promises & Async/Await|Fetch API|Web APIs|Projects,Beginner,English,79.45,Sundeep Saradhi Kanthety,https://www.youtube.com/watch?v=BTuCzffKh8E
Promises,yt_html_570,Top 25 Node.js Interview Questions to Ace Your BackEnd Interview | NodeJS Interview | Intellipaat,Node.js,Basics|Modules|NPM|File System|Events|Streams|HTTP|REST APIs|Authentication|Middleware|Security,Intermediate,English,79.45,Intellipaat,https://www.youtube.com/watch?v=ruwx8R2nXyI
Promises,yt_html_195,JavaScript Full Course for free 🌐,JavaScript,Basics|Variables & Data Types|Operators|Control Flow|Functions|Arrays|Objects|Strings & Numbers|DOM|Events|Error Handling|ES6+|Modules|Asynchronous JavaScript|Promises & Async/Await|Fetch API|Web APIs|Projects,Beginner,English,78.74,Bro Code,https://www.youtube.com/watch?v=lfmg-EJ8gm4
Promises,yt_html_161,JavaScript Tutorial Full Course - Beginner to Pro,JavaScript,Basics|Variables & Data Types|Operators|Control Flow|Functions|Arrays|Objects|Strings & Numbers|DOM|Events|Error Handling|ES6+|Modules|Asynchronous JavaScript|Promises & Async/Await|Fetch API|Web APIs|Projects,Intermediate,English,78.58,NPC Codes,https://www.youtube.com/watch?v=C3weqS-QDRY
Promises,yt_html_207,JavaScript for Beginners | Learn JavaScript in one hour!,JavaScript,Basics|Variables & Data Types|Operators|Control Flow|Functions|Arrays|Objects|Strings & Numbers|DOM|Events,Beginner,English,78.58,Keerti Purswani,https://www.youtube.com/watch?v=e2fKYP_7B_Y
Promises,yt_html_218,Master Advanced JavaScript Concepts and Become a JavaScript Ninja,JavaScript,ES6+|Modules|Asynchronous JavaScript|Promises & Async/Await|Fetch API|Web APIs|Error Handling|Projects,Advanced,English,78.28,Sheryians Coding School,https://www.youtube.com/watch?v=ks4MFTHLfyg
Promises,yt_html_238,"Lecture 12 : Callbacks, Promises & Async Await | JavaScript Full Course",JavaScript,,Advanced,English,78.21,Shradha Khapra,https://www.youtube.com/watch?v=d3jXofmQm44
Promises,yt_html_202,JavaScript: The Complete Crash Course,JavaScript,Basics|Variables & Data Types|Operators|Control Flow|Functions|Arrays|Objects|Strings & Numbers|DOM|Events|Error Handling|ES6+|Modules|Asynchronous JavaScript|Promises & Async/Await|Fetch API|Web APIs|Projects,Beginner,English,77.94,Boot dev,https://www.youtube.com/watch?v=OOOfBC1grl0
Promises,yt_html_582,Top 5 MOST Difficult Node.js Interview Questions (With Answers & Explanations!) #nodejsinterview,Node.js,Modules|NPM|Events|Streams|HTTP|Security,Advanced,English,77.9,Shubham Kulkarni | Coding and Interviews,https://www.youtube.com/watch?v=Ofn1du_mzRg
Promises,yt_html_239,JavaScript Interview Questions in One Video | JavaScript in Hindi,JavaScript,Basics|Variables & Data Types|Operators|Control Flow|Functions|Arrays|Objects|Strings & Numbers|DOM|Events|Error Handling|ES6+|Modules|Asynchronous JavaScript|Promises & Async/Await|Fetch API|Web APIs,Advanced,Hindi,77.72,Coder Dost,https://www.youtube.com/watch?v=gUUCmRJjVvo
Promises,yt_html_233,JavaScript FULL Course for Beginner to PRO in 14 Hours (Projects + Questions),JavaScript,Basics|Variables & Data Types|Operators|Control Flow|Functions|Arrays|Objects|Strings & Numbers|DOM|Events|Error Handling|ES6+|Modules|Asynchronous JavaScript|Promises & Async/Await|Fetch API|Web APIs|Projects,Intermediate,English,77.56,WsCube AI & Tech School,https://www.youtube.com/watch?v=D_Zj9RKYXsE
Promises,yt_html_225,9 JavaScript Concepts That Got Me To Senior Dev,JavaScript,ES6+|Modules|Asynchronous JavaScript|Promises & Async/Await|Fetch API|Web APIs|Error Handling|Functions|Objects,Advanced,English,77.52,theSeniorDev,https://www.youtube.com/watch?v=LmKp4R_1ibc
Promises,yt_html_166,100+ JavaScript Concepts you Need to Know,JavaScript,Basics|Variables & Data Types|Operators|Control Flow|Functions|Arrays|Objects|Strings & Numbers|ES6+|Modules|Asynchronous JavaScript|Promises & Async/Await|Fetch API|Web APIs|Error Handling|DOM|Events,Beginner,English,77.47,Fireship,https://www.youtube.com/watch?v=lkIFF4maKMU
Promises,yt_html_199,JavaScript Full Course Tutorial for Beginners in Hindi🔥Free Notes with 10+ Projects | P-1,JavaScript,Basics|Variables & Data Types|Operators|Control Flow|Functions|Arrays|Objects|Strings & Numbers|DOM|Events|Error Handling|ES6+|Modules|Asynchronous JavaScript|Promises & Async/Await|Fetch API|Web APIs|Projects,Beginner,Hindi,77.07,Thapa Technical,https://www.youtube.com/watch?v=13gLB6hDHR8
Promises,yt_html_180,JavaScript Programming Tutorial for Beginners,JavaScript,Basics|Variables & Data Types|Operators|Control Flow|Functions|Arrays|Objects|Strings & Numbers|DOM|Events|Error Handling|ES6+|Modules|Asynchronous JavaScript|Promises & Async/Await|Fetch API|Web APIs|Projects,Beginner,English,76.4,Telusko,https://www.youtube.com/watch?v=IC5vBKc21X8
Promises,yt_html_232,📌 Master Advanced JavaScript (ES6+) | Complete Tutorial for Modern Developers,JavaScript,ES6+,Advanced,English,75.93,w3runs,https://www.youtube.com/watch?v=yyrq_8-bk0s
Promises,yt_html_167,Javascript in 1 shot in Hindi | part 1,JavaScript,Basics|Variables & Data Types|Operators|Control Flow|Functions|Arrays|Objects|Strings & Numbers|DOM|Events|Error Handling|ES6+|Modules|Asynchronous JavaScript|Promises & Async/Await|Fetch API|Web APIs|Projects,Beginner,Hindi,75.85,Chai aur Code,https://www.youtube.com/watch?v=sscX432bMZo
Promises,yt_html_248,JavaScript FULL Course with Advanced Project in 4 HOURS (Part-2) | 2026 Edition,JavaScript,Basics|Variables & Data Types|Operators|Control Flow|Functions|Arrays|Objects|Strings & Numbers|DOM|Events|Error Handling|ES6+|Modules|Asynchronous JavaScript|Promises & Async/Await|Fetch API|Web APIs|Projects,Intermediate,English,75.81,WsCube Tech,https://www.youtube.com/watch?v=kXVq6UHcuLw
Promises,yt_html_173,JavaScript Full Course | JavaScript - Learn Everything | Sheryians Coding School,JavaScript,Basics|Variables & Data Types|Operators|Control Flow|Functions|Arrays|Objects|Strings & Numbers|DOM|Events|Error Handling|ES6+|Modules|Asynchronous JavaScript|Promises & Async/Await|Fetch API|Web APIs|Projects,Beginner,English,74.53,Sheryians Coding School,https://www.youtube.com/watch?v=a-wVHL0lpb0
Promises,yt_html_169,All The JavaScript You Need To Know For React,JavaScript,Basics|ES6+|Functions|Objects|Arrays|Strings & Numbers|Modules|Promises & Async/Await|Fetch API,Intermediate,English,73.8,PedroTech,https://www.youtube.com/watch?v=m55PTVUrlnA
Promises,yt_html_236,JavaScript Advance Crash Course: Level Up Your Coding Skills! Accelerate Your Front-End Mastery!,JavaScript,ES6+|Modules|Asynchronous JavaScript|Promises & Async/Await|Fetch API|Web APIs|DOM|Events|Projects,Advanced,English,73.21,Sheryians Coding School,https://www.youtube.com/watch?v=EgDmCbhmstU
Promises,yt_html_231,JavaScript Mastery Complete Course | JavaScript Tutorial For Beginner to Advanced,JavaScript,Basics|Variables & Data Types|Operators|Control Flow|Functions|Arrays|Objects|Strings & Numbers|DOM|Events|Error Handling|ES6+|Modules|Asynchronous JavaScript|Promises & Async/Await|Fetch API|Web APIs|Projects,Advanced,English,72.21,Nerd's lesson,https://www.youtube.com/watch?v=xc3a_CJhjCc
Promises,yt_html_242,Advanced JavaScript Tutorial | JavaScript Training | JavaScript Programming Tutorial | Edureka,JavaScript,ES6+|Modules|Asynchronous JavaScript|Promises & Async/Await|Fetch API|Web APIs,Advanced,English,71.44,edureka!,https://www.youtube.com/watch?v=IljVmcDDrOg
REST APIs,yt_html_596,Node JS Full Course 2026 | Complete Backend Development Course | 17 Hours,Node.js,Basics|Modules|NPM|File System|Events|Streams|HTTP|REST APIs|Authentication|Middleware|Security|Projects,Intermediate,English,86.93,Sangam Mukherjee,https://www.youtube.com/watch?v=XdH3gpcwnoA
REST APIs,yt_html_562,Intro to Backend Web Development – Node.js & Express Tutorial for Beginners,Node.js,Basics|HTTP|REST APIs|Middleware|Projects,Beginner,English,85.71,freeCodeCamp.org,https://www.youtube.com/watch?v=KOutPbKc9UM
REST APIs,yt_html_520,"Learn Node JS in 40 Minutes (Crash Course) - Express, CRUD APIs, etc",Node.js,Basics|HTTP|REST APIs|Middleware|NPM,Beginner,English,85.27,RoadsideCoder,https://www.youtube.com/watch?v=bqy1Sa6Ha7o
REST APIs,yt_html_623,Express Crash Course,Express.js,Basics|Routing|Middleware|REST APIs|Error Handling,Beginner,English,85.21,Traversy Media,https://www.youtube.com/watch?v=CnH3kAXSrmU
REST APIs,yt_html_1436,The Only Full Stack Roadmap You Need in 2026 (MERN + AI) | | Sagar Chouksey,Full Stack Projects,MERN Projects|Full Stack Applications,Intermediate,English,84.53,Coding With Sagar,https://www.youtube.com/watch?v=UmGnJ475EcU
REST APIs,yt_html_733,API Design and Architecture  - Backend Engineering Intro (1 Hour),REST APIs,API Basics|REST Architecture|HTTP Methods|Status Codes|Request & Response,Beginner,English,84.32,Caleb Curry,https://www.youtube.com/watch?v=XvFmUE-36Kc
REST APIs,yt_html_640,JWT Authentication | Node JS and Express tutorials for Beginners,Express.js,Authentication,Beginner,English,84.27,Dave Gray,https://www.youtube.com/watch?v=favjC6EKFgw
REST APIs,yt_html_683,Build a REST API in Python | API Crash Course,REST APIs,API Basics|HTTP Methods|Status Codes|Request & Response|REST Architecture,Beginner,English,84.27,Code with Josh,https://www.youtube.com/watch?v=Ha3ls0EAtW8
REST APIs,yt_html_631,🚀 Express.js - Learn What Matters: Mastering the Framework |  Backend (Node JS) Series,Express.js,Basics|Routing|Middleware|REST APIs|Error Handling|Authentication|Authorization|Validation|Security|Projects,Intermediate,English,84.14,Sheryians Coding School,https://www.youtube.com/watch?v=pKJ4GGyDgJo
REST APIs,yt_html_556,Learn Node.js - Full Tutorial for Beginners,Node.js,Basics|Modules|NPM|File System|Events|Streams|HTTP|REST APIs|Authentication|Middleware|Security|Projects,Beginner,English,83.79,freeCodeCamp.org,https://www.youtube.com/watch?v=RLtyhwFtXQA
REST APIs,yt_html_609,"CRUD API Tutorial – Node, Express, MongoDB",Express.js,Basics|Routing|Middleware|REST APIs|Projects,Intermediate,English,83.41,freeCodeCamp.org,https://www.youtube.com/watch?v=_7UQPve99r4
REST APIs,yt_html_605,How to build a REST API with Node js & Express,Express.js,Basics|Routing|Middleware|REST APIs,Beginner,English,83.15,Programming with Mosh,https://www.youtube.com/watch?v=pKd0Rpw7O48
REST APIs,yt_html_531,Node.js and Express.js - Complete Course for Beginners | Learn Node.js in 6 Hours,Node.js,Basics|Modules|NPM|File System|HTTP|REST APIs|Middleware|Authentication|Security|Projects,Beginner,English,83.04,Dipesh Malvia,https://www.youtube.com/watch?v=ekRpc5YgVZU
REST APIs,yt_html_585,"Advanced Backend Project | Learn Bank Transaction System with Node.js, Express & MongoDB",Node.js,Projects|REST APIs|Authentication|Middleware|Security|HTTP|NPM,Advanced,English,83.03,Sheryians Coding School,https://www.youtube.com/watch?v=NQOAQP0mow0
REST APIs,yt_html_530,Node.js Full Course in Hindi 2025 | Learn Node.js with Projects | Complete Backend Tutorial,Node.js,Basics|Modules|NPM|File System|Events|Streams|HTTP|REST APIs|Authentication|Middleware|Security|Projects,Beginner,Hindi,82.93,Code Step By Step,https://www.youtube.com/watch?v=Eafgk0GbEUg
REST APIs,yt_html_547,Node.js and Express.js - Full Course,Node.js,Basics|Modules|NPM|File System|Events|Streams|HTTP|REST APIs|Authentication|Middleware|Security|Projects,Intermediate,English,82.92,freeCodeCamp.org,https://www.youtube.com/watch?v=Oe421EPjeBE
REST APIs,yt_html_626,Backend Full Course | NodeJS ExpressJS PostgreSQL Prisma & Docker,Express.js,Basics|Routing|Middleware|REST APIs|Error Handling|Authentication|Authorization|Validation|Security|Projects,Intermediate,English,82.89,Smoljames,https://www.youtube.com/watch?v=9BD9eK9VqXA
REST APIs,yt_html_656,⭐ Build REST API for Beginners with Node.js + Express.js + TypeScript. 📖 Fully Explained 🔍,Express.js,Basics|Routing|Middleware|REST APIs,Beginner,English,82.78,Nerdi Coda,https://www.youtube.com/watch?v=i8xHOrPP3NA
REST APIs,yt_html_703,Python REST API Tutorial for Beginners | How to Build a Flask REST API,REST APIs,API Basics|HTTP Methods|Status Codes|Request & Response|REST Architecture,Beginner,English,82.74,Dave Gray,https://www.youtube.com/watch?v=z3YMz-Gocmw
REST APIs,yt_html_610,Express JS Full Course,Express.js,Basics|Routing|Middleware|REST APIs|Error Handling|Authentication|Authorization|Validation|Security|Projects,Intermediate,English,82.72,Anson,https://www.youtube.com/watch?v=nH9E25nkk3I
REST APIs,yt_html_726,"How to Design APIs Like a Senior Engineer (REST, GraphQL, Auth, Security)",REST APIs,REST Architecture|Authentication|API Security,Advanced,English,82.63,Hayk Simonyan,https://www.youtube.com/watch?v=7iHl71nt49o
REST APIs,yt_html_629,Express JS Tutorial in Hindi 🔥✌,Express.js,Basics|Routing|Middleware|REST APIs|Error Handling,Beginner,Hindi,82.5,CodeWithHarry,https://www.youtube.com/watch?v=7H_QH9nipNs
REST APIs,yt_html_612,Building REST API's using Node and Express.js,Express.js,Routing|REST APIs,Beginner,English,82.49,Piyush Garg,https://www.youtube.com/watch?v=uNCrMvkPUAE
REST APIs,yt_html_1411,Docker In One Shot 2026 🔥 From Zero To Hero (Spring Boot + MySQL) ✅,Docker,Basics|Images|Containers|Dockerfile|Docker Compose|Networking|Volumes|Deployment,Intermediate,English,82.49,CodeSnippet,https://www.youtube.com/watch?v=kOryO5I_w14
REST APIs,yt_html_728,"How to Design APIs Like a Senior Engineer (REST, GraphQL, Auth, Security)",REST APIs,REST Architecture|Authentication|API Security,Advanced,English,82.44,Hayk Simonyan,https://www.youtube.com/watch?v=Rrd6xkyjPB8
REST APIs,yt_html_619,Express JS Full Course From Beginner to Pro 2025 | Complete Backend Tutorial in Just 4 Hours,Express.js,Basics|Routing|Middleware|REST APIs|Error Handling|Authentication|Authorization|Validation|Security|Projects,Beginner,English,82.38,GreatStack,https://www.youtube.com/watch?v=fBzm9zja2Y8
REST APIs,yt_html_633,Build a REST API with Node JS and Express | CRUD API Tutorial,Express.js,REST APIs|Routing|Projects,Beginner,English,82.37,JavaScript Mastery,https://www.youtube.com/watch?v=l8WPWK9mS5M
REST APIs,yt_html_628,Node.js / Express Course - Build 4 Projects,Express.js,Basics|Routing|Middleware|REST APIs|Error Handling|Authentication|Authorization|Validation|Security|Projects,Intermediate,English,82.25,freeCodeCamp.org,https://www.youtube.com/watch?v=qwfE7fSVaZM
REST APIs,yt_html_569,Node JS Full Course 2024 | Complete Backend Development Course | Part 1,Node.js,Basics|Modules|NPM|File System|Events|Streams|HTTP|REST APIs|Authentication|Middleware|Security|Projects,Beginner,English,81.98,Sangam Mukherjee,https://www.youtube.com/watch?v=MIJt9H69QVc
REST APIs,yt_html_671,REST API Crash Course - Introduction + Full Python API Tutorial,REST APIs,API Basics|HTTP Methods|Status Codes|Request & Response|REST Architecture,Beginner,English,81.94,Caleb Curry,https://www.youtube.com/watch?v=qbLc5a9jdXo
REST APIs,yt_html_551,Learn Express JS In 35 Minutes,Node.js,HTTP|REST APIs|Middleware|Projects,Beginner,English,81.83,Web Dev Simplified,https://www.youtube.com/watch?v=SccSCuHhOw0
REST APIs,yt_html_662,Express JS in One Lesson: A Complete Hindi Tutorial to Master Express JS,Express.js,Basics|Routing|Middleware|REST APIs|Error Handling|Security,Beginner,Hindi,81.77,6 Pack Programmer,https://www.youtube.com/watch?v=teipbke8c4A
REST APIs,yt_html_624,Express JS Crash Course for Beginners [Easy Way],Express.js,Basics|Routing|Middleware|REST APIs,Beginner,English,81.76,Code Bless You,https://www.youtube.com/watch?v=NuyMcxiuaxE
REST APIs,yt_html_529,NodeJS Full Course in Hindi | Projects + Interview Preparation | 2026,Node.js,Basics|Modules|NPM|File System|Events|Streams|HTTP|REST APIs|Authentication|Middleware|Security|Projects,Beginner,Hindi,81.73,Mohit Decodes,https://www.youtube.com/watch?v=pdk60AyhMNM
REST APIs,yt_html_555,Node Js Tutorial in Hindi 🔥🔥,Node.js,Basics|Modules|NPM|File System|Events|Streams|HTTP|REST APIs|Authentication|Middleware|Security|Projects,Beginner,Hindi,81.64,CodeWithHarry,https://www.youtube.com/watch?v=BLl32FvcdVM
REST APIs,yt_html_606,Ultimate Backend Course 🔥 | Part 1 | Learn From Scratch,Express.js,Basics|Routing|Middleware|REST APIs|Projects,Beginner,English,81.55,VIRTUAL CODE,https://www.youtube.com/watch?v=Ef2RtAxOb1Y
REST APIs,yt_html_636,MVC Model-View-Controller Example | CRUD REST API | Node.js & Express tutorials for Beginners,Express.js,Basics|Routing|REST APIs|Projects,Beginner,English,81.53,Dave Gray,https://www.youtube.com/watch?v=Dco1gzVZKVk
REST APIs,yt_html_705,What is a REST API?,REST APIs,API Basics|REST Architecture,Beginner,English,81.52,IBM Technology,https://www.youtube.com/watch?v=lsMQRaeKNDk
REST APIs,yt_html_721,APIs for Beginners - How to use an API (Full Course / Tutorial),REST APIs,API Basics|HTTP Methods|Status Codes|Request & Response|REST Architecture|Authentication,Beginner,English,81.45,freeCodeCamp.org,https://www.youtube.com/watch?v=GZvSYJDk-us
REST APIs,yt_html_990,MongoDB Tutorial for Beginners 2026 | Full Course,MongoDB,Basics|CRUD Operations|Queries|Indexes|Aggregation|Schema Design|Data Modeling|Relationships|Transactions,Beginner,English,81.44,Codynn,https://www.youtube.com/watch?v=p1NEtNmO33s
REST APIs,yt_html_581,Node.js Tutorial in Hindi (2026) | Complete Backend Development Course with 5 Projects,Node.js,Basics|Modules|NPM|File System|Events|Streams|HTTP|REST APIs|Authentication|Middleware|Security|Projects,Intermediate,Hindi,81.41,Web Dev Mastery,https://www.youtube.com/watch?v=EfWlJ9-1fVw
REST APIs,yt_html_713,What is REST API?,REST APIs,API Basics|REST Architecture,Beginner,English,81.41,Piyush Garg,https://www.youtube.com/watch?v=cJAyEOZQUQY
REST APIs,yt_html_735,9 Must-Know REST API Design Principles for Developers,REST APIs,REST Architecture|HTTP Methods|Status Codes|Request & Response|Authentication|API Security|API Documentation,Intermediate,English,81.41,ByteMonk,https://www.youtube.com/watch?v=pJ83mmqcvoQ
REST APIs,yt_html_684,Python FastAPI Tutorial: Build a REST API in 15 Minutes,REST APIs,API Basics|HTTP Methods|Status Codes|Request & Response|REST Architecture|API Documentation,Beginner,English,81.4,pixegami,https://www.youtube.com/watch?v=iWS9ogMPOI0
REST APIs,yt_html_710,Build REST APIs in Spring Boot | Spring MVC | Request Validation | In One Shot | Hindi,REST APIs,API Basics|HTTP Methods|Status Codes|Request & Response|REST Architecture,Intermediate,Hindi,81.37,Anuj Kumar Sharma,https://www.youtube.com/watch?v=Gzk9QiJQ140
REST APIs,yt_html_630,Learn Node.JS & Express.JS [Beginner Tutorial],Express.js,Basics|Routing|Middleware,Beginner,English,81.29,Smoljames,https://www.youtube.com/watch?v=V8ePZHOjRQo
REST APIs,yt_html_650,"Node.js, Express & MySQL Tutorial - Build a Simple FullStack App",Express.js,Basics|Routing|Middleware|REST APIs|Projects,Intermediate,English,81.27,Nsquared Coding,https://www.youtube.com/watch?v=vrj9AohVhPA
REST APIs,yt_html_616,Express JS Crash Course | Web Dev Tutorial for Beginners,Express.js,Basics|Routing|Middleware|REST APIs,Beginner,English,81.17,Sam Meech-Ward,https://www.youtube.com/watch?v=bssX9Ot9YOI
REST APIs,yt_html_613,Getting Started with Express and NodeJS,Express.js,Basics,Beginner,English,80.89,Piyush Garg,https://www.youtube.com/watch?v=N2-FyBBxOZA
REST APIs,yt_html_586,"Node JS Full Course 2025 | Microservices, Redis, CI CD, Docker, VPS Hosting | Hostinger | Part 2",Node.js,Basics|Modules|NPM|File System|Events|Streams|HTTP|REST APIs|Authentication|Middleware|Security|Projects,Intermediate,English,80.86,Sangam Mukherjee,https://www.youtube.com/watch?v=_f7h6xQXiLA
REST APIs,yt_html_694,What is REST API? | REST API Tutorial | REST API  Concepts and Examples | Edureka,REST APIs,API Basics|REST Architecture|HTTP Methods|Status Codes|Request & Response,Beginner,English,80.69,edureka!,https://www.youtube.com/watch?v=rtWH70_MMHM
REST APIs,yt_html_722,API Development with Django REST Framework - Master DRF In Just 4 Hours,REST APIs,API Basics|HTTP Methods|Status Codes|Request & Response|REST Architecture|Authentication|Authorization|API Security|API Testing|API Documentation,Intermediate,English,80.63,Tech With Rathan,https://www.youtube.com/watch?v=8d1HgJTEGe8
REST APIs,yt_html_655,Node.JS Full Course (THREE HOUR All-in-One Tutorial for Beginners),Express.js,Basics|Routing|Middleware|REST APIs|Error Handling|Authentication|Authorization|Validation|Security|Projects,Beginner,English,80.62,Caleb Curry,https://www.youtube.com/watch?v=pkg0J6lpKT4
REST APIs,yt_html_695,APIs for Beginners - How to use an API (Full Course / Tutorial),REST APIs,API Basics|HTTP Methods|Status Codes|Request & Response|REST Architecture|Authentication,Beginner,English,80.59,freeCodeCamp.org,https://www.youtube.com/watch?v=WXsD0ZgxjRw
REST APIs,yt_html_685,A Beginner's Guide to REST APIs in Under 10 Minutes!,REST APIs,API Basics|HTTP Methods|Status Codes|Request & Response|REST Architecture,Beginner,English,80.57,Cloudmancer,https://www.youtube.com/watch?v=LzOtbUw6f_o
REST APIs,yt_html_565,Node JS Tutorial for Beginners 2026 [Learn Node JS from Scratch],Node.js,Basics|Modules|NPM|File System|HTTP,Beginner,English,80.56,Code Bless You,https://www.youtube.com/watch?v=FPJzYFgexJA
REST APIs,yt_html_533,Node JS Tutorial for Beginners in 2026 | Build APIs & Backend Applications,Node.js,Basics|Modules|NPM|HTTP|REST APIs|Projects,Beginner,English,80.53,HeroDev,https://www.youtube.com/watch?v=BuGUn4J3Jvw
REST APIs,yt_html_574,All the Express.js You Need — Explained in 24 Minutes,Node.js,HTTP|REST APIs|Middleware|Authentication|Security|Projects|NPM,Beginner,English,80.53,Coding2GO,https://www.youtube.com/watch?v=ha_leEpnT30
REST APIs,yt_html_677,FastAPI for Beginners - Python Web Framework,REST APIs,API Basics|HTTP Methods|Status Codes|Request & Response|REST Architecture|API Documentation|Authentication,Beginner,English,80.51,Telusko,https://www.youtube.com/watch?v=Lu8lXXlstvM
REST APIs,yt_html_707,What is a REST API?,REST APIs,API Basics|REST Architecture,Beginner,English,80.51,Programming with Mosh,https://www.youtube.com/watch?v=SLwpqD8n3d0
REST APIs,yt_html_1445,"MERN Stack Event Booking Web App (OTP + Admin Panel + JWT Auth) with Code | React, MongoDB, Node JS",Full Stack Projects,MERN Projects|Full Stack Applications|Authentication Projects,Intermediate,English,80.47,Dev. Shivansh Vasu,https://www.youtube.com/watch?v=n7ii3Zcs6k0
REST APIs,yt_html_541,Node JS Tutorial | Crash Course,Node.js,Basics|Modules|NPM|File System|Events|Streams|HTTP|REST APIs|Middleware,Beginner,English,80.42,Telusko,https://www.youtube.com/watch?v=vJEO57B05Sg
REST APIs,yt_html_523,Node.js Full Course for Beginners | Complete All-in-One Tutorial | 7 Hours,Node.js,Basics|Modules|NPM|File System|Events|Streams|HTTP|REST APIs|Authentication|Middleware|Security|Projects,Beginner,English,80.25,Dave Gray,https://www.youtube.com/watch?v=f2EqECiTBL8
REST APIs,yt_html_571,Learn Node.js & Express with Project in 2 Hours,Node.js,Basics|NPM|HTTP|REST APIs|Middleware|Projects,Beginner,English,80.25,Dipesh Malvia,https://www.youtube.com/watch?v=H9M02of22z4
REST APIs,yt_html_644,Angular - Node - MongoDB & Express (MEAN) Tutorial for Beginners - Getting Started,Express.js,Basics|Routing|Middleware|REST APIs|Projects,Beginner,English,80.12,Academind,https://www.youtube.com/watch?v=1tRLveSyNz8
REST APIs,yt_html_526,Node.js Tutorial for Beginners | CRASH COURSE,Node.js,Basics|Modules|NPM|File System|HTTP|REST APIs|Projects,Beginner,English,80.1,Envato Tuts+,https://www.youtube.com/watch?v=gyQyk80_upM
REST APIs,yt_html_690,Spring Boot Tutorial – Build Your First REST API in 15 Minutes (Beginner Guide),REST APIs,API Basics|HTTP Methods|Status Codes|Request & Response|REST Architecture,Beginner,English,80.06,Alan Lands,https://www.youtube.com/watch?v=wfj-Z9OQpCA
REST APIs,yt_html_725,API Full Course for Beginners (2026) | REST APIs | Vishwa Sir | upGrad,REST APIs,API Basics|HTTP Methods|Status Codes|Request & Response|REST Architecture,Beginner,English,80.05,upGrad,https://www.youtube.com/watch?v=-58TX3yCHI4
REST APIs,yt_html_681,REST API Interview Questions (Beginner Level),REST APIs,API Basics|HTTP Methods|Status Codes|Request & Response|REST Architecture|Authentication,Beginner,English,79.82,Aced (formerly Exponent),https://www.youtube.com/watch?v=faMdrSCVDzc
REST APIs,yt_html_994,MongoDB with Node.js Tutorial for Beginners,MongoDB,Basics|CRUD Operations|Queries,Beginner,English,79.76,ProgrammingKnowledge,https://www.youtube.com/watch?v=WWujIKtJoOM
REST APIs,yt_html_292,Git And GitHub Full Course 2026 | Complete Git and GitHub Tutorial For Beginners | Simplilearn,Git & GitHub,Git Basics|Repositories|Branches|Merge & Rebase|Remote Repositories|Pull Requests|Collaboration,Beginner,English,79.69,Simplilearn,https://www.youtube.com/watch?v=FuyrbysTJ_o
REST APIs,yt_html_573,Node JS Full Course - Complete Backend | Web Development 2026,Node.js,Basics|Modules|NPM|File System|Events|Streams|HTTP|REST APIs|Authentication|Middleware|Security|Projects,Beginner,English,79.66,Learn Coding,https://www.youtube.com/watch?v=51PdLHoWeVA
REST APIs,yt_html_658,Express.js Mastery: Unleash the Power of Node.js Frameworks for Lightning-Fast Web Development!,Express.js,Basics|Routing|Middleware|REST APIs|Error Handling|Authentication|Authorization|Validation|Security|Projects,Advanced,English,79.65,HuXn WebDev,https://www.youtube.com/watch?v=jn5MRu5ybH4
REST APIs,yt_html_697,Learn Rest API Testing Fundamentals with real time Examples in 75Minutes,REST APIs,API Testing|Request & Response|HTTP Methods|Status Codes,Beginner,English,79.65,Rahul Shetty Academy,https://www.youtube.com/watch?v=bdHeDZPrYec
REST APIs,yt_html_607,Learn Express.js & Node.js from Scratch | Complete Beginner-Friendly Course 2025,Express.js,Basics|Routing|Middleware|REST APIs|Projects,Beginner,English,79.64,Codynn,https://www.youtube.com/watch?v=IGUDsbTglk4
REST APIs,yt_html_712,"API - Step by Step - Build, Secure and Deploy | Full Practical Guide",REST APIs,API Basics|REST Architecture|HTTP Methods|Request & Response|Status Codes|Authentication|Authorization|API Security,Beginner,English,79.64,Applied with AI - Sanjay Kumar,https://www.youtube.com/watch?v=Z8zEtb7hHAY
REST APIs,yt_html_570,Top 25 Node.js Interview Questions to Ace Your BackEnd Interview | NodeJS Interview | Intellipaat,Node.js,Basics|Modules|NPM|File System|Events|Streams|HTTP|REST APIs|Authentication|Middleware|Security,Intermediate,English,79.45,Intellipaat,https://www.youtube.com/watch?v=ruwx8R2nXyI
REST APIs,yt_html_711,What is REST API? | Web Service,REST APIs,API Basics|HTTP Methods|REST Architecture,Beginner,English,79.44,Telusko,https://www.youtube.com/watch?v=qVTAB8Z2VmA
REST APIs,yt_html_525,RESTful APIs in 100 Seconds // Build an API from Scratch with Node.js Express,Node.js,REST APIs|HTTP,Beginner,English,79.43,Fireship,https://www.youtube.com/watch?v=-MTSQjw5DrM
REST APIs,yt_html_648,Express.js Tutorial | Express.js Tutorial For Beginners | Express.js Course | Intellipaat,Express.js,Basics|Routing|Middleware,Beginner,English,79.21,Intellipaat,https://www.youtube.com/watch?v=VA0busRrX64
REST APIs,yt_html_688,What is REST API ? | REST API Explained in 9 mins in Hindi | REST API Tutorial | Great Learning,REST APIs,API Basics|REST Architecture,Beginner,Hindi,79.17,Great Learning,https://www.youtube.com/watch?v=o7ePQ_M_jsc
REST APIs,yt_html_715,"Master REST APIs - The Beginner's Guide | NodeJS, Express, MongoDB, Mongoose | Hindi",REST APIs,API Basics|HTTP Methods|Status Codes|Request & Response|REST Architecture,Beginner,Hindi,79.17,Coder's Gyan,https://www.youtube.com/watch?v=6SJQ5eOChrA
REST APIs,yt_html_566,"Complete Backend One Shot | Beginners to Advanced  | Learn Node.js, Express, MongoDB from Scratch",Node.js,Basics|Modules|NPM|File System|Events|Streams|HTTP|REST APIs|Authentication|Middleware|Security|Projects,Intermediate,English,79.12,Sheryians Coding School,https://www.youtube.com/watch?v=0IciwnJ6PJI
REST APIs,yt_html_537,Express js tutorial for beginners | REST api node js express | node js tutorial in hindi,Node.js,REST APIs,Beginner,Hindi,79.07,Hello World,https://www.youtube.com/watch?v=qthiEMUDCkU
REST APIs,yt_html_731,How to Design Production Grade APIs?,REST APIs,REST Architecture|Authentication|Authorization|API Security|API Testing|API Documentation,Advanced,English,79.05,Piyush Garg,https://www.youtube.com/watch?v=B43Bljf4vSk
REST APIs,yt_html_620,"Backend Development FULL  Course - In 6 Hours (Mongo DB, Express JS, Node JS) | 2026 Edition",Express.js,Basics|Routing|Middleware|REST APIs|Error Handling|Authentication|Authorization|Validation|Security|Projects,Intermediate,English,79.04,WsCube Tech,https://www.youtube.com/watch?v=vfaRzV3P92o
REST APIs,yt_html_724,Python API Development - Comprehensive Course for Beginners,REST APIs,API Basics|HTTP Methods|Status Codes|Request & Response|REST Architecture|Authentication|Authorization|API Security|API Testing|API Documentation,Beginner,English,79.04,freeCodeCamp.org,https://www.youtube.com/watch?v=0sOvCWFmrtA
REST APIs,yt_html_600,Node JS Advanced Concepts - Part 01 #nodejs #nodejsadvanced,Node.js,Modules|NPM|HTTP|REST APIs|Authentication|Middleware|Security|Projects,Advanced,English,79.03,Best Tutorial,https://www.youtube.com/watch?v=gq6gIz3-wuw
REST APIs,yt_html_653,Node JS Express Tutorial | Express JS Tutorial For Beginners | Node.js +  ExpressJS | Edureka,Express.js,Basics|Routing|Middleware,Beginner,English,79.01,edureka!,https://www.youtube.com/watch?v=ofDqVjP4JRI
REST APIs,yt_html_706,Python Django REST API In 30 Minutes - Django Tutorial,REST APIs,API Basics|HTTP Methods|Status Codes|Request & Response|REST Architecture,Beginner,English,78.92,PedroTech,https://www.youtube.com/watch?v=NoLF7Dlu5mc
REST APIs,yt_html_727,Creating a Rest API Using Flask and Jsonify in Python,REST APIs,API Basics|HTTP Methods|Request & Response|REST Architecture|Status Codes,Beginner,English,78.92,CodeWithHarry,https://www.youtube.com/watch?v=Jzv3G5iDLvw
REST APIs,yt_html_549,Node JS Tutorial for Beginners #23 - Introduction to Express,Node.js,HTTP|REST APIs|Middleware,Beginner,English,78.9,Net Ninja,https://www.youtube.com/watch?v=9TSBKO59u0Y
REST APIs,yt_html_635,How To Connect React To A Backend (Express.js) - React for beginners #7,Express.js,Basics|Routing|REST APIs|Projects,Beginner,English,78.68,Anthony Sistilli,https://www.youtube.com/watch?v=kJA9rDX7azM
REST APIs,yt_html_723,Deep Dive into REST API Design and Implementation Best Practices,REST APIs,REST Architecture|HTTP Methods|Status Codes|Request & Response|Authentication|Authorization|API Security|API Testing|API Documentation,Advanced,English,78.68,Software Developer Diaries,https://www.youtube.com/watch?v=7nm1pYuKAhY
REST APIs,yt_html_675,APIs Explained in 6 Minutes!,REST APIs,API Basics|HTTP Methods|Status Codes|Request & Response|REST Architecture,Beginner,English,78.56,ByteByteGo,https://www.youtube.com/watch?v=hltLrjabkiY
REST APIs,yt_html_1004,MongoDB Tutorial ❤️ | MongoDB full playlist hindi | what is database & node js interview questions,MongoDB,Basics|CRUD Operations|Queries,Beginner,Hindi,78.48,Hello World,https://www.youtube.com/watch?v=IKpuBj8I3Qg
REST APIs,yt_html_625,Express JS In 15 Minutes | Introduction To Express JS | Express JS Tutorial | Simplilearn,Express.js,Basics,Beginner,English,78.34,Simplilearn,https://www.youtube.com/watch?v=dyMCr2lD5k0
REST APIs,yt_html_700,What is REST API and How Does it Work? | REST API Tutorial,REST APIs,API Basics|HTTP Methods|Status Codes|Request & Response|REST Architecture,Beginner,English,78.19,WsCube AI & Tech School,https://www.youtube.com/watch?v=T2hYvBShkh8
REST APIs,yt_html_708,What Is REST API? Examples And How To Use It: Crash Course System Design #3,REST APIs,API Basics|REST Architecture|HTTP Methods,Beginner,English,78.1,ByteByteGo,https://www.youtube.com/watch?v=-mN3VyJuCjM
REST APIs,yt_html_719,🔥 Ultimate Django Rest API Course in Hindi |  Rest APIS using Django in one shot,REST APIs,API Basics|HTTP Methods|Status Codes|Request & Response|REST Architecture|Authentication|Authorization|API Security|API Testing|API Documentation,Beginner,Hindi,78.06,Learn Code With Durgesh,https://www.youtube.com/watch?v=DNFTUtZf1Zc
REST APIs,yt_html_717,Build REST APIs in .NET 9 – Full Course for Beginners,REST APIs,API Basics|HTTP Methods|Status Codes|Request & Response|REST Architecture,Beginner,English,78.03,freeCodeCamp.org,https://www.youtube.com/watch?v=38GNKtclDdE
REST APIs,yt_html_651,Building A Rest API with NodeJS and ExpressJS | Beginners Tutorial,Express.js,Basics|Routing|Middleware|REST APIs|Projects,Beginner,English,77.87,PedroTech,https://www.youtube.com/watch?v=1I5Jn1MWzlI
REST APIs,yt_html_627,Node.js & Express.js Full Course 2025 - Beginner to Pro,Express.js,Basics|Routing|Middleware|REST APIs|Error Handling|Authentication|Authorization|Validation|Security|Projects,Intermediate,English,77.7,Patel MernStack,https://www.youtube.com/watch?v=PCcMF1xTQO0
REST APIs,yt_html_701,Session 1: API Testing | RestAssured | Introduction | Environment Setup | HTTP Methods,REST APIs,API Testing|HTTP Methods,Beginner,English,77.56,SDET- QA,https://www.youtube.com/watch?v=OM4mr3PKgcQ
REST APIs,yt_html_716,Creating REST API using Spring Boot in Hindi | A Step-by-Step Tutorial,REST APIs,API Basics|HTTP Methods|Status Codes|Request & Response|REST Architecture,Beginner,Hindi,77.45,Engineering Digest,https://www.youtube.com/watch?v=rxT5RFYxjSg
REST APIs,yt_html_729,#17 What is an API || Use of API || How API Works with Real Project Examples (Hindi),REST APIs,API Basics|Request & Response|REST Architecture,Beginner,Hindi,77.3,Smart Programming,https://www.youtube.com/watch?v=lqtTvhdWOIA
REST APIs,yt_html_676,COMPLETE APIs Crash Course In 14 Minutes [w/ FREE Project] | Vishakha Sadhwani,REST APIs,API Basics|HTTP Methods|Status Codes|Request & Response|REST Architecture,Beginner,English,77.09,Vishakha Sadhwani,https://www.youtube.com/watch?v=UXA8MJUWUqU
REST APIs,yt_html_696,Difference Between REST API vs Web API vs SOAP API Explained,REST APIs,API Basics|REST Architecture,Beginner,English,76.99,Learn with Whiteboard,https://www.youtube.com/watch?v=2mqN7ZhDsUA
REST APIs,yt_html_678,What is an API in Hindi,REST APIs,API Basics,Beginner,Hindi,76.43,Chai aur Code,https://www.youtube.com/watch?v=0PaWV3wIfkM
REST APIs,yt_html_180,JavaScript Programming Tutorial for Beginners,JavaScript,Basics|Variables & Data Types|Operators|Control Flow|Functions|Arrays|Objects|Strings & Numbers|DOM|Events|Error Handling|ES6+|Modules|Asynchronous JavaScript|Promises & Async/Await|Fetch API|Web APIs|Projects,Beginner,English,76.4,Telusko,https://www.youtube.com/watch?v=IC5vBKc21X8
REST APIs,yt_html_544,🔥Node Js Tutorial in one video | Master Node JS in one video in Hindi,Node.js,Basics|Modules|NPM|File System|Events|Streams|HTTP|REST APIs|Authentication|Middleware|Security|Projects,Beginner,Hindi,76.33,Learn Code With Durgesh,https://www.youtube.com/watch?v=o3sAZFveLW4
REST APIs,yt_html_563,Node.js Crash Course,Node.js,Basics|Modules|NPM|File System|Events|Streams|HTTP|REST APIs|Authentication|Middleware|Security|Projects,Beginner,English,76.22,Traversy Media,https://www.youtube.com/watch?v=32M1al-Y6Ag
REST APIs,yt_html_577,Node JS Backend Developer Roadmap 2025 ft. Namaste Node.js (from Zero to Hero),Node.js,Basics|Modules|NPM|File System|Events|Streams|HTTP|REST APIs|Authentication|Middleware|Security|Projects,Beginner,English,76.19,Akshay Saini,https://www.youtube.com/watch?v=iRUkfCzJEgM
REST APIs,yt_html_660,Node.js Express Tutorial | Build Restful APIs with Node.js and Express | Edureka,Express.js,Basics|Routing|Middleware|REST APIs,Beginner,English,75.47,edureka!,https://www.youtube.com/watch?v=7nulchT1Ruk
REST APIs,yt_html_521,Node js complete tutorial in Hindi -  Full Node course in one video,Node.js,Basics|Modules|NPM|File System|Events|Streams|HTTP|REST APIs|Authentication|Middleware|Security|Projects,Beginner,Hindi,74.87,Code Step By Step,https://www.youtube.com/watch?v=VrQgmNY96wo
REST APIs,yt_html_524,Node JS Tutorial For Beginners 2025 | Node JS Backend Tutorials Step by Step With Example,Node.js,Basics|Modules|NPM|File System|HTTP|REST APIs|Middleware,Beginner,English,74.44,GreatStack,https://www.youtube.com/watch?v=yGl3f0xTl_0
REST APIs,yt_html_672,API Course for Beginners 2026 | API Tutorial For Beginners Step By Step | API Tutorial | Simplilearn,REST APIs,API Basics|HTTP Methods|Status Codes|Request & Response|REST Architecture,Beginner,English,74.32,Simplilearn,https://www.youtube.com/watch?v=ukBCjzC_C6w
REST APIs,yt_html_534,"Backend Complete Course | NodeJS, ExpressJS, JWT, PostgreSQL, Prisma...",Node.js,Basics|Modules|NPM|HTTP|REST APIs|Authentication|Middleware|Security|Projects,Intermediate,English,74.26,PedroTech,https://www.youtube.com/watch?v=g09PoiCob4Y
REST APIs,yt_html_679,Rest API | Web Service Tutorial,REST APIs,API Basics|HTTP Methods|Status Codes|Request & Response|REST Architecture|Authentication|Authorization|API Security|API Testing|API Documentation,Beginner,English,73.35,Telusko,https://www.youtube.com/watch?v=BZi44GOD8kY
REST APIs,yt_html_595,Advanced Node.js Crash Course | New Year Gift!,Node.js,Modules|NPM|File System|Events|Streams|HTTP|REST APIs|Authentication|Middleware|Security|Projects,Advanced,English,72.75,Mehul Mohan,https://www.youtube.com/watch?v=qG-PLm3APSs
REST APIs,yt_html_720,REST API Interview Questions (Advanced Level),REST APIs,REST Architecture|Authentication|Authorization|API Security|API Testing|API Documentation,Advanced,English,72.74,Aced (formerly Exponent),https://www.youtube.com/watch?v=n2JQFFFEd0M
REST APIs,yt_html_702,Every Type of API Simply Explained in 9 Minutes!,REST APIs,API Basics|REST Architecture|HTTP Methods|Status Codes|Request & Response,Beginner,English,72.44,Codist ,https://www.youtube.com/watch?v=pBASqUbZgkY
REST APIs,yt_html_736,Good APIs Vs Bad APIs: 7 Tips for API Design,REST APIs,API Basics|REST Architecture,Beginner,English,71.68,ByteByteGo,https://www.youtube.com/watch?v=_gQaygjm_hg
REST APIs,yt_html_632,Express.js Tutorial | Node.js Express | Node.js Express Tutorial | Edureka,Express.js,Basics|Routing|Middleware|REST APIs,Beginner,English,69.58,edureka!,https://www.youtube.com/watch?v=25AXne5L9Qo
REST APIs,yt_html_176,#0 JavaScript Tutorial for Beginners | Introduction,JavaScript,Basics,Beginner,English,68.1,Telusko,https://www.youtube.com/watch?v=PlbupGCBV6w
REST APIs,yt_html_704,What is an API ? Simply Explained,REST APIs,API Basics,Beginner,Hindi,63.02,Apna College,https://www.youtube.com/watch?v=XGa4onZP66Q
useEffect,yt_html_490,React State Management – Intermediate JavaScript Course,React,State|Hooks|State Management,Intermediate,English,85.0,freeCodeCamp.org,https://www.youtube.com/watch?v=-bEzt5ISACA
useEffect,yt_html_433,Learn React JS - Full Beginner’s Tutorial & Practice Projects,React,Basics|Components|JSX|Props|State|Hooks|Events & Forms|Conditional Rendering|Lists & Keys|Context API|Routing|API Integration|State Management|Performance|Authentication|Projects,Beginner,English,84.66,freeCodeCamp.org,https://www.youtube.com/watch?v=x4rFhThSX04
useEffect,yt_html_478,ReactJS Full Course | ReactJS - Learn Everything | Sheryians Coding School,React,Basics|Components|JSX|Props|State|Hooks|Events & Forms|Conditional Rendering|Lists & Keys|Context API|Routing|API Integration|State Management|Performance|Authentication|Projects,Intermediate,English,84.17,Sheryians Coding School,https://www.youtube.com/watch?v=3LRZRSIh_KE
useEffect,yt_html_491,React JS Full Course for Beginners | Complete All-in-One Tutorial | 9 Hours,React,Basics|Components|JSX|Props|State|Hooks|Events & Forms|Conditional Rendering|Lists & Keys|Context API|Routing|API Integration|State Management|Projects,Beginner,English,84.02,Dave Gray,https://www.youtube.com/watch?v=RVFAyFWO4go
useEffect,yt_html_447,React Course - Beginner's Tutorial for React JavaScript Library [2022],React,Basics|Components|JSX|Props|State|Hooks|Events & Forms|Conditional Rendering|Lists & Keys|Context API|Routing|API Integration|State Management|Performance|Authentication|Projects,Beginner,English,83.87,freeCodeCamp.org,https://www.youtube.com/watch?v=bMknfKXIFA8
useEffect,yt_html_445,Learn React With This One Project,React,Basics|Components|JSX|Props|State|Hooks|Events & Forms|Conditional Rendering|Lists & Keys|Context API|Routing|API Integration|Projects,Beginner,English,81.75,Web Dev Simplified,https://www.youtube.com/watch?v=9aTRnV6g0eQ
useEffect,yt_html_443,React JS 19 Full Course 2025 | Build an App and Master React in 2 Hours,React,Basics|Components|JSX|Props|State|Hooks|Events & Forms|Conditional Rendering|Lists & Keys|Context API|Routing|API Integration|State Management|Projects,Intermediate,English,81.66,JavaScript Mastery,https://www.youtube.com/watch?v=dCLhUialKPQ
useEffect,yt_html_464,React Full Course for free ⚛️,React,Basics|Components|JSX|Props|State|Hooks|Events & Forms|Conditional Rendering|Lists & Keys|Context API|Routing|API Integration|State Management|Performance|Authentication|Projects,Beginner,English,81.28,Bro Code,https://www.youtube.com/watch?v=CgkZ7MvWUAA
useEffect,yt_html_452,Complete React course with projects | part 1,React,Basics|Components|JSX|Props|State|Hooks|Events & Forms|Conditional Rendering|Lists & Keys|Context API|Routing|API Integration|State Management|Performance|Authentication|Projects,Beginner,Hindi,81.2,Chai aur Code,https://www.youtube.com/watch?v=FxgM9k1rg0Q
useEffect,yt_html_482,All React Hooks Explained in 2 Hours | Complete React Hooks Tutorial with Example,React,Hooks|State,Intermediate,English,81.08,GreatStack,https://www.youtube.com/watch?v=6wf5dIrryoQ
useEffect,yt_html_483,Top 20 React JS Interview Questions For 2025 | React Interviewer Questions & Answers | Intellipaat,React,Basics|Components|JSX|Props|State|Hooks|Events & Forms|Conditional Rendering|Lists & Keys|Context API|Routing|API Integration|State Management|Performance|Authentication,Advanced,English,80.91,Intellipaat,https://www.youtube.com/watch?v=NkWOzTEEcco
useEffect,yt_html_462,React Tutorial 2026 | Complete React Course for Beginners,React,Basics|Components|JSX|Props|State|Hooks|Events & Forms|Conditional Rendering|Lists & Keys|Context API|Routing|API Integration|Projects,Beginner,English,80.89,Codynn,https://www.youtube.com/watch?v=SoVF8hTzHb8
useEffect,yt_html_435,React 19 Crash Course for Beginners 2026 (Learn in 90 Minutes),React,Basics|Components|JSX|Props|State|Hooks|Events & Forms|Conditional Rendering|Lists & Keys,Beginner,English,80.84,Code with Ahsan,https://www.youtube.com/watch?v=tqjJrXd27m4
useEffect,yt_html_514,All React Hooks Explained - React Hooks Tutorial 2025,React,Hooks,Intermediate,English,80.75,PedroTech,https://www.youtube.com/watch?v=xfKYYRE6-TQ
useEffect,yt_html_450,React Crash Course,React,Basics|Components|JSX|Props|State|Hooks|Events & Forms|Conditional Rendering|Lists & Keys|Context API|Routing|API Integration|Projects,Beginner,English,80.51,Traversy Media,https://www.youtube.com/watch?v=LDB4uaJ87e0
useEffect,yt_html_460,React JS Full Course with Project: Beginner to PRO Tutorial in 9 HOURS,React,Basics|Components|JSX|Props|State|Hooks|Events & Forms|Conditional Rendering|Lists & Keys|Context API|Routing|API Integration|State Management|Performance|Authentication|Projects,Intermediate,English,80.38,WsCube Tech,https://www.youtube.com/watch?v=ZaC6oCIpjR0
useEffect,yt_html_485,React JS 19 Full Course in Hindi | Learn React from Scratch (2025) in One Video,React,Basics|Components|JSX|Props|State|Hooks|Events & Forms|Conditional Rendering|Lists & Keys|Context API|Routing|API Integration|State Management|Performance|Authentication|Projects,Beginner,Hindi,80.37,Code Step By Step,https://www.youtube.com/watch?v=LuNPCSNr-nE
useEffect,yt_html_449,7 React Lessons I Wish I Knew Earlier,React,Hooks|State|Props|Components,Intermediate,English,80.36,Code Bootcamp,https://www.youtube.com/watch?v=4AXQgOcL1mo
useEffect,yt_html_461,React JS Tutorial For Beginners With React JS Project Step By Step Tutorial 2024,React,Basics|Components|JSX|Props|State|Hooks|Events & Forms,Beginner,English,80.19,GreatStack,https://www.youtube.com/watch?v=gbAdFfSdtQ4
useEffect,yt_html_511,React JS Full Course 2026 | Advanced Concepts for Beginners,React,Basics|Components|JSX|Props|State|Hooks|Events & Forms|Conditional Rendering|Lists & Keys|Context API|Routing|API Integration|State Management|Performance|Authentication|Projects,Beginner,English,79.4,WsCube AI & Tech School,https://www.youtube.com/watch?v=lzF9GxGn7Bs
useEffect,yt_html_516,React Hooks Full Course in Hindi (2025) 🔥  | Complete Guide with Notes & Real-World Examples,React,Hooks|State|Context API|Performance,Intermediate,Hindi,79.33,Web Dev Mastery,https://www.youtube.com/watch?v=KUyxBsop5Tc
useEffect,yt_html_451,React Tutorial For Beginners,React,Basics|Components|JSX|Props|State|Hooks|Events & Forms|Conditional Rendering|Lists & Keys,Beginner,English,79.09,LearnWebCode,https://www.youtube.com/watch?v=xxRAA0v2lvM
useEffect,yt_html_448,Learn React With This ONE Project,React,Basics|Components|JSX|Props|State|Hooks|Events & Forms|Conditional Rendering|Lists & Keys|Routing|API Integration|State Management|Projects,Intermediate,English,78.9,Tech With Tim,https://www.youtube.com/watch?v=G6D9cBaLViA
useEffect,yt_html_489,🚀🔥 React & Redux Complete Course (2024) with Projects | Notes | Free Certification,React,Basics|Components|JSX|Props|State|Hooks|Events & Forms|Conditional Rendering|Lists & Keys|Context API|Routing|API Integration|State Management|Projects,Advanced,Hindi,77.84,Complete Coding by Prashant Sir,https://www.youtube.com/watch?v=eILUmCJhl64
useEffect,yt_html_444,React Hooks in ONE Shot 2025 [ EASIEST Explanation ] | React JS Tutorial,React,Hooks,Intermediate,English,77.8,Code Bless You,https://www.youtube.com/watch?v=HnXPKtro4SM
useEffect,yt_html_488,REACT JS is Super Easy | Full Tutorial from Beginner to Advanced [Moye-Moye Edition],React,Basics|Components|JSX|Props|State|Hooks|Events & Forms|Conditional Rendering|Lists & Keys|Context API|Routing|API Integration|State Management|Performance|Authentication|Projects,Intermediate,English,77.6,Tanish Garg,https://www.youtube.com/watch?v=M2u6AS0Mx8A
useEffect,yt_html_456,React.js Complete Tutorial for Beginners in Hindi | 5 Projects + Free Notes,React,Basics|Components|JSX|Props|State|Hooks|Events & Forms|Conditional Rendering|Lists & Keys|Context API|Routing|API Integration|State Management|Projects,Beginner,Hindi,77.15,Thapa Technical,https://www.youtube.com/watch?v=EHTWMpD6S_0
useEffect,yt_html_509,ALL React Hooks Explained in 12 Minutes,React,Hooks|State,Intermediate,English,76.34,Code Bootcamp,https://www.youtube.com/watch?v=LOH1l-MP_9k
useEffect,yt_html_504,React JS Full Course 2026 | Complete React Tutorial for Beginners to Advanced | 11 Hours,React,Basics|Components|JSX|Props|State|Hooks|Events & Forms|Conditional Rendering|Lists & Keys|Context API|Routing|API Integration|State Management|Performance|Authentication|Projects,Intermediate,English,76.01,CodingOtt,https://www.youtube.com/watch?v=guWM4Zs8QlU
